[19Aug2026 16:50:23.198] [main/INFO] [cpw.mods.modlauncher.Launcher/MODLAUNCHER]: ModLauncher running: args [--launchTarget, forgeserver, --fml.forgeVersion, 47.3.7, --fml.mcVersion, 1.20.1, --fml.forgeGroup, net.minecraftforge, --fml.mcpVersion, 20230612.114412, nogui]
[19Aug2026 16:50:23.202] [main/INFO] [cpw.mods.modlauncher.Launcher/MODLAUNCHER]: ModLauncher 10.0.9+10.0.9+main.dcd20f30 starting: java version 17.0.19 by Ubuntu; OS Linux arch amd64 version 6.8.0-1052-azure
[19Aug2026 16:50:23.236] [main/DEBUG] [cpw.mods.modlauncher.LaunchServiceHandler/MODLAUNCHER]: Found launch services [fmlclientdev,forgeclient,minecraft,forgegametestserverdev,fmlserveruserdev,fmlclient,fmldatauserdev,forgeserverdev,forgeserveruserdev,forgeclientdev,forgeclientuserdev,forgeserver,forgedatadev,fmlserver,fmlclientuserdev,fmlserverdev,forgedatauserdev,testharness,forgegametestserveruserdev]
[19Aug2026 16:50:23.249] [main/DEBUG] [cpw.mods.modlauncher.NameMappingServiceHandler/MODLAUNCHER]: Found naming services : [srgtomcp]
[19Aug2026 16:50:23.268] [main/DEBUG] [cpw.mods.modlauncher.LaunchPluginHandler/MODLAUNCHER]: Found launch plugins: [mixin,eventbus,slf4jfixer,object_holder_definalize,runtime_enum_extender,capability_token_subclass,accesstransformer,runtimedistcleaner]
[19Aug2026 16:50:23.280] [main/DEBUG] [cpw.mods.modlauncher.TransformationServicesHandler/MODLAUNCHER]: Discovering transformation services
[19Aug2026 16:50:23.285] [main/DEBUG] [net.minecraftforge.fml.loading.FMLPaths/CORE]: Path GAMEDIR is /workspaces/proyecto67/servidor_minecraft
[19Aug2026 16:50:23.286] [main/DEBUG] [net.minecraftforge.fml.loading.FMLPaths/CORE]: Path MODSDIR is /workspaces/proyecto67/servidor_minecraft/mods
[19Aug2026 16:50:23.286] [main/DEBUG] [net.minecraftforge.fml.loading.FMLPaths/CORE]: Path CONFIGDIR is /workspaces/proyecto67/servidor_minecraft/config
[19Aug2026 16:50:23.286] [main/DEBUG] [net.minecraftforge.fml.loading.FMLPaths/CORE]: Path FMLCONFIG is /workspaces/proyecto67/servidor_minecraft/config/fml.toml
[19Aug2026 16:50:28.036] [main/DEBUG] [cpw.mods.modlauncher.TransformationServicesHandler/MODLAUNCHER]: Found additional transformation services from discovery services: 
[19Aug2026 16:50:28.043] [main/INFO] [net.minecraftforge.fml.loading.ImmediateWindowHandler/]: ImmediateWindowProvider not loading because launch target is forgeserver
[19Aug2026 16:50:28.050] [main/DEBUG] [cpw.mods.modlauncher.TransformationServicesHandler/MODLAUNCHER]: Found transformer services : [mixin,fml]
[19Aug2026 16:50:28.051] [main/DEBUG] [cpw.mods.modlauncher.TransformationServicesHandler/MODLAUNCHER]: Transformation services loading
[19Aug2026 16:50:28.051] [main/DEBUG] [cpw.mods.modlauncher.TransformationServiceDecorator/MODLAUNCHER]: Loading service mixin
[19Aug2026 16:50:28.052] [main/DEBUG] [cpw.mods.modlauncher.TransformationServiceDecorator/MODLAUNCHER]: Loaded service mixin
[19Aug2026 16:50:28.052] [main/DEBUG] [cpw.mods.modlauncher.TransformationServiceDecorator/MODLAUNCHER]: Loading service fml
[19Aug2026 16:50:28.053] [main/DEBUG] [net.minecraftforge.fml.loading.LauncherVersion/CORE]: Found FMLLauncher version 1.0
[19Aug2026 16:50:28.053] [main/DEBUG] [net.minecraftforge.fml.loading.FMLLoader/CORE]: FML 1.0 loading
[19Aug2026 16:50:28.053] [main/DEBUG] [net.minecraftforge.fml.loading.FMLLoader/CORE]: FML found ModLauncher version : 10.0.9+10.0.9+main.dcd20f30
[19Aug2026 16:50:28.053] [main/DEBUG] [net.minecraftforge.fml.loading.FMLLoader/CORE]: FML found AccessTransformer version : 8.0.4+66+master.c09db6d7
[19Aug2026 16:50:28.054] [main/DEBUG] [net.minecraftforge.fml.loading.FMLLoader/CORE]: FML found EventBus version : 6.0.5+6.0.5+master.eb8e549b
[19Aug2026 16:50:28.054] [main/DEBUG] [net.minecraftforge.fml.loading.FMLLoader/CORE]: Found Runtime Dist Cleaner
[19Aug2026 16:50:28.055] [main/DEBUG] [net.minecraftforge.fml.loading.FMLLoader/CORE]: FML found CoreMod version : 5.1.6
[19Aug2026 16:50:28.056] [main/DEBUG] [net.minecraftforge.fml.loading.FMLLoader/CORE]: Found ForgeSPI package implementation version 7.0.1+7.0.1+master.d2b38bf6
[19Aug2026 16:50:28.056] [main/DEBUG] [net.minecraftforge.fml.loading.FMLLoader/CORE]: Found ForgeSPI package specification 5
[19Aug2026 16:50:28.056] [main/DEBUG] [cpw.mods.modlauncher.TransformationServiceDecorator/MODLAUNCHER]: Loaded service fml
[19Aug2026 16:50:28.057] [main/DEBUG] [cpw.mods.modlauncher.TransformationServicesHandler/MODLAUNCHER]: Configuring option handling for services
[19Aug2026 16:50:28.065] [main/DEBUG] [cpw.mods.modlauncher.TransformationServicesHandler/MODLAUNCHER]: Transformation services initializing
[19Aug2026 16:50:28.065] [main/DEBUG] [cpw.mods.modlauncher.TransformationServiceDecorator/MODLAUNCHER]: Initializing transformation service mixin
[19Aug2026 16:50:28.080] [main/DEBUG] [mixin/]: MixinService [ModLauncher] was successfully booted in cpw.mods.cl.ModuleClassLoader@46daef40
[19Aug2026 16:50:28.191] [main/INFO] [mixin/]: SpongePowered MIXIN Subsystem Version=0.8.5 Source=union:/workspaces/proyecto67/servidor_minecraft/libraries/org/spongepowered/mixin/0.8.5/mixin-0.8.5.jar%2363!/ Service=ModLauncher Env=SERVER
[19Aug2026 16:50:28.194] [main/DEBUG] [mixin/]: Initialising Mixin Platform Manager
[19Aug2026 16:50:28.194] [main/DEBUG] [mixin/]: Adding mixin platform agents for container ModLauncher Root Container(ModLauncher:4f56a0a2)
[19Aug2026 16:50:28.195] [main/DEBUG] [mixin/]: Instancing new MixinPlatformAgentMinecraftForge for ModLauncher Root Container(ModLauncher:4f56a0a2)
[19Aug2026 16:50:28.195] [main/DEBUG] [mixin/]: MixinPlatformAgentMinecraftForge rejected container ModLauncher Root Container(ModLauncher:4f56a0a2)
[19Aug2026 16:50:28.196] [main/DEBUG] [mixin/]: Instancing new MixinPlatformAgentDefault for ModLauncher Root Container(ModLauncher:4f56a0a2)
[19Aug2026 16:50:28.196] [main/DEBUG] [mixin/]: MixinPlatformAgentDefault accepted container ModLauncher Root Container(ModLauncher:4f56a0a2)
[19Aug2026 16:50:28.201] [main/DEBUG] [cpw.mods.modlauncher.TransformationServiceDecorator/MODLAUNCHER]: Initialized transformation service mixin
[19Aug2026 16:50:28.201] [main/DEBUG] [cpw.mods.modlauncher.TransformationServiceDecorator/MODLAUNCHER]: Initializing transformation service fml
[19Aug2026 16:50:28.201] [main/DEBUG] [net.minecraftforge.fml.loading.FMLServiceProvider/CORE]: Setting up basic FML game directories
[19Aug2026 16:50:28.202] [main/DEBUG] [net.minecraftforge.fml.loading.FMLPaths/CORE]: Path GAMEDIR is /workspaces/proyecto67/servidor_minecraft
[19Aug2026 16:50:28.202] [main/DEBUG] [net.minecraftforge.fml.loading.FMLPaths/CORE]: Path MODSDIR is /workspaces/proyecto67/servidor_minecraft/mods
[19Aug2026 16:50:28.202] [main/DEBUG] [net.minecraftforge.fml.loading.FMLPaths/CORE]: Path CONFIGDIR is /workspaces/proyecto67/servidor_minecraft/config
[19Aug2026 16:50:28.202] [main/DEBUG] [net.minecraftforge.fml.loading.FMLPaths/CORE]: Path FMLCONFIG is /workspaces/proyecto67/servidor_minecraft/config/fml.toml
[19Aug2026 16:50:28.202] [main/DEBUG] [net.minecraftforge.fml.loading.FMLServiceProvider/CORE]: Loading configuration
[19Aug2026 16:50:28.204] [main/DEBUG] [net.minecraftforge.fml.loading.FMLServiceProvider/CORE]: Preparing ModFile
[19Aug2026 16:50:28.207] [main/DEBUG] [net.minecraftforge.fml.loading.FMLServiceProvider/CORE]: Preparing launch handler
[19Aug2026 16:50:28.208] [main/DEBUG] [net.minecraftforge.fml.loading.FMLLoader/CORE]: Using forgeserver as launch service
[19Aug2026 16:50:28.221] [main/DEBUG] [net.minecraftforge.fml.loading.FMLLoader/CORE]: Received command line version data  : VersionInfo[forgeVersion=47.3.7, mcVersion=1.20.1, mcpVersion=20230612.114412, forgeGroup=net.minecraftforge]
[19Aug2026 16:50:28.222] [main/DEBUG] [cpw.mods.modlauncher.TransformationServiceDecorator/MODLAUNCHER]: Initialized transformation service fml
[19Aug2026 16:50:28.223] [main/DEBUG] [cpw.mods.modlauncher.NameMappingServiceHandler/MODLAUNCHER]: Current naming domain is 'srg'
[19Aug2026 16:50:28.223] [main/DEBUG] [cpw.mods.modlauncher.NameMappingServiceHandler/MODLAUNCHER]: Identified name mapping providers {}
[19Aug2026 16:50:28.223] [main/DEBUG] [cpw.mods.modlauncher.TransformationServicesHandler/MODLAUNCHER]: Transformation services begin scanning
[19Aug2026 16:50:28.224] [main/DEBUG] [cpw.mods.modlauncher.TransformationServiceDecorator/MODLAUNCHER]: Beginning scan trigger - transformation service mixin
[19Aug2026 16:50:28.224] [main/DEBUG] [cpw.mods.modlauncher.TransformationServiceDecorator/MODLAUNCHER]: End scan trigger - transformation service mixin
[19Aug2026 16:50:28.225] [main/DEBUG] [cpw.mods.modlauncher.TransformationServiceDecorator/MODLAUNCHER]: Beginning scan trigger - transformation service fml
[19Aug2026 16:50:28.225] [main/DEBUG] [net.minecraftforge.fml.loading.FMLServiceProvider/CORE]: Initiating mod scan
[19Aug2026 16:50:28.234] [main/DEBUG] [net.minecraftforge.fml.loading.moddiscovery.ModListHandler/CORE]: Found mod coordinates from lists: []
[19Aug2026 16:50:28.237] [main/DEBUG] [net.minecraftforge.fml.loading.moddiscovery.ModDiscoverer/CORE]: Found Mod Locators : (mods folder:null),(maven libs:null),(exploded directory:null),(minecraft:null),(userdev classpath:null)
[19Aug2026 16:50:28.238] [main/DEBUG] [net.minecraftforge.fml.loading.moddiscovery.ModDiscoverer/CORE]: Found Dependency Locators : (JarInJar:null)
[19Aug2026 16:50:28.247] [main/DEBUG] [net.minecraftforge.fml.loading.moddiscovery.ModFileParser/LOADING]: Considering mod file candidate /workspaces/proyecto67/servidor_minecraft/mods/[1.20.1] SecurityCraft v1.9.8.jar
[19Aug2026 16:50:28.296] [main/DEBUG] [net.minecraftforge.fml.loading.moddiscovery.ModFileInfo/LOADING]: Found valid mod file [1.20.1] SecurityCraft v1.9.8.jar with {securitycraft} mods - versions {1.9.8}
[19Aug2026 16:50:28.301] [main/DEBUG] [net.minecraftforge.fml.loading.moddiscovery.ModFileParser/LOADING]: Considering mod file candidate /workspaces/proyecto67/servidor_minecraft/mods/alexscaves-2.0.2.jar
[19Aug2026 16:50:28.303] [main/DEBUG] [net.minecraftforge.fml.loading.moddiscovery.ModFileInfo/LOADING]: Found valid mod file alexscaves-2.0.2.jar with {alexscaves} mods - versions {2.0.2}
[19Aug2026 16:50:28.306] [main/DEBUG] [net.minecraftforge.fml.loading.moddiscovery.ModFileParser/LOADING]: Considering mod file candidate /workspaces/proyecto67/servidor_minecraft/mods/alexsmobs-1.22.9.jar
[19Aug2026 16:50:28.308] [main/DEBUG] [net.minecraftforge.fml.loading.moddiscovery.ModFileInfo/LOADING]: Found valid mod file alexsmobs-1.22.9.jar with {alexsmobs} mods - versions {1.22.9}
[19Aug2026 16:50:28.308] [main/DEBUG] [net.minecraftforge.fml.loading.moddiscovery.ModFileParser/LOADING]: Considering mod file candidate /workspaces/proyecto67/servidor_minecraft/mods/architectury-9.2.14-forge.jar
[19Aug2026 16:50:28.309] [main/DEBUG] [net.minecraftforge.fml.loading.moddiscovery.ModFileInfo/LOADING]: Found valid mod file architectury-9.2.14-forge.jar with {architectury} mods - versions {9.2.14}
[19Aug2026 16:50:28.310] [main/DEBUG] [net.minecraftforge.fml.loading.moddiscovery.ModFileParser/LOADING]: Considering mod file candidate /workspaces/proyecto67/servidor_minecraft/mods/artifacts-forge-9.5.19.jar
[19Aug2026 16:50:28.312] [main/DEBUG] [net.minecraftforge.fml.loading.moddiscovery.ModFileInfo/LOADING]: Found valid mod file artifacts-forge-9.5.19.jar with {artifacts} mods - versions {9.5.19}
[19Aug2026 16:50:28.313] [main/DEBUG] [net.minecraftforge.fml.loading.moddiscovery.ModFileParser/LOADING]: Considering mod file candidate /workspaces/proyecto67/servidor_minecraft/mods/balm-forge-1.20.1-7.3.42.jar
[19Aug2026 16:50:28.315] [main/DEBUG] [net.minecraftforge.fml.loading.moddiscovery.ModFileInfo/LOADING]: Found valid mod file balm-forge-1.20.1-7.3.42.jar with {balm} mods - versions {7.3.42}
[19Aug2026 16:50:28.315] [main/DEBUG] [net.minecraftforge.fml.loading.moddiscovery.ModFileParser/LOADING]: Considering mod file candidate /workspaces/proyecto67/servidor_minecraft/mods/betterbiomeblend-forge-1.20.1-1.4.0.jar
[19Aug2026 16:50:28.316] [main/DEBUG] [net.minecraftforge.fml.loading.moddiscovery.ModFileInfo/LOADING]: Found valid mod file betterbiomeblend-forge-1.20.1-1.4.0.jar with {betterbiomeblend} mods - versions {1.4.0}
[19Aug2026 16:50:28.319] [main/DEBUG] [net.minecraftforge.fml.loading.moddiscovery.ModFileParser/LOADING]: Considering mod file candidate /workspaces/proyecto67/servidor_minecraft/mods/BiomesOPlenty-1.20.1-18.0.0.592.jar
[19Aug2026 16:50:28.320] [main/DEBUG] [net.minecraftforge.fml.loading.moddiscovery.ModFileInfo/LOADING]: Found valid mod file BiomesOPlenty-1.20.1-18.0.0.592.jar with {biomesoplenty} mods - versions {18.0.0.592}
[19Aug2026 16:50:28.321] [main/DEBUG] [net.minecraftforge.fml.loading.moddiscovery.ModFileParser/LOADING]: Considering mod file candidate /workspaces/proyecto67/servidor_minecraft/mods/blueprint-1.20.1-7.1.4.jar
[19Aug2026 16:50:28.322] [main/DEBUG] [net.minecraftforge.fml.loading.moddiscovery.ModFileInfo/LOADING]: Found valid mod file blueprint-1.20.1-7.1.4.jar with {blueprint} mods - versions {7.1.3}
[19Aug2026 16:50:28.323] [main/DEBUG] [net.minecraftforge.fml.loading.moddiscovery.ModFileParser/LOADING]: Considering mod file candidate /workspaces/proyecto67/servidor_minecraft/mods/bygonenether-1.3.2-1.20.x.jar
[19Aug2026 16:50:28.324] [main/DEBUG] [net.minecraftforge.fml.loading.moddiscovery.ModFileInfo/LOADING]: Found valid mod file bygonenether-1.3.2-1.20.x.jar with {bygonenether} mods - versions {1.3.2}
[19Aug2026 16:50:28.324] [main/DEBUG] [net.minecraftforge.fml.loading.moddiscovery.ModFileParser/LOADING]: Considering mod file candidate /workspaces/proyecto67/servidor_minecraft/mods/carryon-forge-1.20.1-2.1.2.7.jar
[19Aug2026 16:50:28.325] [main/DEBUG] [net.minecraftforge.fml.loading.moddiscovery.ModFileInfo/LOADING]: Found valid mod file carryon-forge-1.20.1-2.1.2.7.jar with {carryon} mods - versions {2.1.2.7}
[19Aug2026 16:50:28.326] [main/DEBUG] [net.minecraftforge.fml.loading.moddiscovery.ModFileParser/LOADING]: Considering mod file candidate /workspaces/proyecto67/servidor_minecraft/mods/Chunky-1.3.146.jar
[19Aug2026 16:50:28.327] [main/DEBUG] [net.minecraftforge.fml.loading.moddiscovery.ModFileInfo/LOADING]: Found valid mod file Chunky-1.3.146.jar with {chunky} mods - versions {1.3.146}
[19Aug2026 16:50:28.328] [main/DEBUG] [net.minecraftforge.fml.loading.moddiscovery.ModFileParser/LOADING]: Considering mod file candidate /workspaces/proyecto67/servidor_minecraft/mods/citadel-2.6.3-1.20.1.jar
[19Aug2026 16:50:28.330] [main/DEBUG] [net.minecraftforge.fml.loading.moddiscovery.ModFileInfo/LOADING]: Found valid mod file citadel-2.6.3-1.20.1.jar with {citadel} mods - versions {2.6.3}
[19Aug2026 16:50:28.331] [main/DEBUG] [net.minecraftforge.fml.loading.moddiscovery.ModFileParser/LOADING]: Considering mod file candidate /workspaces/proyecto67/servidor_minecraft/mods/cloth-config-11.1.136-forge.jar
[19Aug2026 16:50:28.332] [main/DEBUG] [net.minecraftforge.fml.loading.moddiscovery.ModFileInfo/LOADING]: Found valid mod file cloth-config-11.1.136-forge.jar with {cloth_config} mods - versions {11.1.136}
[19Aug2026 16:50:28.333] [main/DEBUG] [net.minecraftforge.fml.loading.moddiscovery.ModFileParser/LOADING]: Considering mod file candidate /workspaces/proyecto67/servidor_minecraft/mods/Clumps-forge-1.20.1-12.0.0.4.jar
[19Aug2026 16:50:28.334] [main/DEBUG] [net.minecraftforge.fml.loading.moddiscovery.ModFileInfo/LOADING]: Found valid mod file Clumps-forge-1.20.1-12.0.0.4.jar with {clumps} mods - versions {12.0.0.4}
[19Aug2026 16:50:28.334] [main/DEBUG] [net.minecraftforge.fml.loading.moddiscovery.ModFileParser/LOADING]: Considering mod file candidate /workspaces/proyecto67/servidor_minecraft/mods/coroutil-forge-1.20.1-1.3.7.jar
[19Aug2026 16:50:28.335] [main/DEBUG] [net.minecraftforge.fml.loading.moddiscovery.ModFileInfo/LOADING]: Found valid mod file coroutil-forge-1.20.1-1.3.7.jar with {coroutil} mods - versions {1.20.1-1.3.7}
[19Aug2026 16:50:28.336] [main/DEBUG] [net.minecraftforge.fml.loading.moddiscovery.ModFileParser/LOADING]: Considering mod file candidate /workspaces/proyecto67/servidor_minecraft/mods/CreativeCore_FORGE_v2.12.39_mc1.20.1.jar
[19Aug2026 16:50:28.337] [main/DEBUG] [net.minecraftforge.fml.loading.moddiscovery.ModFileInfo/LOADING]: Found valid mod file CreativeCore_FORGE_v2.12.39_mc1.20.1.jar with {creativecore} mods - versions {2.12.39}
[19Aug2026 16:50:28.337] [main/DEBUG] [net.minecraftforge.fml.loading.moddiscovery.ModFileParser/LOADING]: Considering mod file candidate /workspaces/proyecto67/servidor_minecraft/mods/cupboard-1.20.1-3.9.jar
[19Aug2026 16:50:28.338] [main/DEBUG] [net.minecraftforge.fml.loading.moddiscovery.ModFileInfo/LOADING]: Found valid mod file cupboard-1.20.1-3.9.jar with {cupboard} mods - versions {1.20.1-3.9}
[19Aug2026 16:50:28.339] [main/DEBUG] [net.minecraftforge.fml.loading.moddiscovery.ModFileParser/LOADING]: Considering mod file candidate /workspaces/proyecto67/servidor_minecraft/mods/curios-forge-5.14.1+1.20.1.jar
[19Aug2026 16:50:28.340] [main/DEBUG] [net.minecraftforge.fml.loading.moddiscovery.ModFileInfo/LOADING]: Found valid mod file curios-forge-5.14.1+1.20.1.jar with {curios} mods - versions {5.14.1+1.20.1}
[19Aug2026 16:50:28.342] [main/DEBUG] [net.minecraftforge.fml.loading.moddiscovery.ModFileParser/LOADING]: Considering mod file candidate /workspaces/proyecto67/servidor_minecraft/mods/dungeons-and-taverns-3.0.3.f[Forge].jar
[19Aug2026 16:50:28.343] [main/DEBUG] [net.minecraftforge.fml.loading.moddiscovery.ModFileInfo/LOADING]: Found valid mod file dungeons-and-taverns-3.0.3.f[Forge].jar with {mr_dungeons_andtaverns} mods - versions {3.0.3.f}
[19Aug2026 16:50:28.344] [main/DEBUG] [net.minecraftforge.fml.loading.moddiscovery.ModFileParser/LOADING]: Considering mod file candidate /workspaces/proyecto67/servidor_minecraft/mods/endergetic-1.20.1-5.0.1.jar
[19Aug2026 16:50:28.345] [main/DEBUG] [net.minecraftforge.fml.loading.moddiscovery.ModFileInfo/LOADING]: Found valid mod file endergetic-1.20.1-5.0.1.jar with {endergetic} mods - versions {5.0.1}
[19Aug2026 16:50:28.346] [main/DEBUG] [net.minecraftforge.fml.loading.moddiscovery.ModFileParser/LOADING]: Considering mod file candidate /workspaces/proyecto67/servidor_minecraft/mods/endrem_forge-5.3.3-R-1.20.1.jar
[19Aug2026 16:50:28.347] [main/DEBUG] [net.minecraftforge.fml.loading.moddiscovery.ModFileInfo/LOADING]: Found valid mod file endrem_forge-5.3.3-R-1.20.1.jar with {endrem} mods - versions {5.3.3-R-1.20.1}
[19Aug2026 16:50:28.347] [main/DEBUG] [net.minecraftforge.fml.loading.moddiscovery.ModFileParser/LOADING]: Considering mod file candidate /workspaces/proyecto67/servidor_minecraft/mods/entityculling-forge-1.10.5-mc1.20.1.jar
[19Aug2026 16:50:28.348] [main/DEBUG] [net.minecraftforge.fml.loading.moddiscovery.ModFileInfo/LOADING]: Found valid mod file entityculling-forge-1.10.5-mc1.20.1.jar with {entityculling} mods - versions {1.10.5}
[19Aug2026 16:50:28.349] [main/DEBUG] [net.minecraftforge.fml.loading.moddiscovery.ModFileParser/LOADING]: Considering mod file candidate /workspaces/proyecto67/servidor_minecraft/mods/FastFurnace-1.20.1-8.0.2.jar
[19Aug2026 16:50:28.350] [main/DEBUG] [net.minecraftforge.fml.loading.moddiscovery.ModFileInfo/LOADING]: Found valid mod file FastFurnace-1.20.1-8.0.2.jar with {fastfurnace} mods - versions {8.0.2}
[19Aug2026 16:50:28.353] [main/DEBUG] [net.minecraftforge.fml.loading.moddiscovery.ModFileParser/LOADING]: Considering mod file candidate /workspaces/proyecto67/servidor_minecraft/mods/ferritecore-6.0.1-forge.jar
[19Aug2026 16:50:28.354] [main/DEBUG] [net.minecraftforge.fml.loading.moddiscovery.ModFileInfo/LOADING]: Found valid mod file ferritecore-6.0.1-forge.jar with {ferritecore} mods - versions {6.0.1}
[19Aug2026 16:50:28.356] [main/DEBUG] [net.minecraftforge.fml.loading.moddiscovery.ModFileParser/LOADING]: Considering mod file candidate /workspaces/proyecto67/servidor_minecraft/mods/framework-forge-1.20.1-0.8.0.jar
[19Aug2026 16:50:28.357] [main/DEBUG] [net.minecraftforge.fml.loading.moddiscovery.ModFileInfo/LOADING]: Found valid mod file framework-forge-1.20.1-0.8.0.jar with {framework} mods - versions {0.8.0}
[19Aug2026 16:50:28.358] [main/DEBUG] [net.minecraftforge.fml.loading.moddiscovery.ModFileParser/LOADING]: Considering mod file candidate /workspaces/proyecto67/servidor_minecraft/mods/geckolib-forge-1.20.1-4.8.4.jar
[19Aug2026 16:50:28.358] [main/DEBUG] [net.minecraftforge.fml.loading.moddiscovery.ModFileInfo/LOADING]: Found valid mod file geckolib-forge-1.20.1-4.8.4.jar with {geckolib} mods - versions {4.8.4}
[19Aug2026 16:50:28.360] [main/DEBUG] [net.minecraftforge.fml.loading.moddiscovery.ModFileParser/LOADING]: Considering mod file candidate /workspaces/proyecto67/servidor_minecraft/mods/iceandfire-2.1.13-1.20.1-beta-5.jar
[19Aug2026 16:50:28.361] [main/DEBUG] [net.minecraftforge.fml.loading.moddiscovery.ModFileInfo/LOADING]: Found valid mod file iceandfire-2.1.13-1.20.1-beta-5.jar with {iceandfire} mods - versions {2.1.13-1.20.1}
[19Aug2026 16:50:28.362] [main/DEBUG] [net.minecraftforge.fml.loading.moddiscovery.ModFileParser/LOADING]: Considering mod file candidate /workspaces/proyecto67/servidor_minecraft/mods/ImmediatelyFast-Forge-1.5.5+1.20.4.jar
[19Aug2026 16:50:28.362] [main/DEBUG] [net.minecraftforge.fml.loading.moddiscovery.ModFileInfo/LOADING]: Found valid mod file ImmediatelyFast-Forge-1.5.5+1.20.4.jar with {immediatelyfast} mods - versions {1.5.5+1.20.4}
[19Aug2026 16:50:28.363] [main/DEBUG] [net.minecraftforge.fml.loading.moddiscovery.ModFileParser/LOADING]: Considering mod file candidate /workspaces/proyecto67/servidor_minecraft/mods/ironchest-1.20.1-14.4.4.jar
[19Aug2026 16:50:28.363] [main/DEBUG] [net.minecraftforge.fml.loading.moddiscovery.ModFileInfo/LOADING]: Found valid mod file ironchest-1.20.1-14.4.4.jar with {ironchest} mods - versions {1.20.1-14.4.4}
[19Aug2026 16:50:28.364] [main/DEBUG] [net.minecraftforge.fml.loading.moddiscovery.ModFileParser/LOADING]: Considering mod file candidate /workspaces/proyecto67/servidor_minecraft/mods/Jade-1.20.1-Forge-11.13.3.jar
[19Aug2026 16:50:28.364] [main/DEBUG] [net.minecraftforge.fml.loading.moddiscovery.ModFileInfo/LOADING]: Found valid mod file Jade-1.20.1-Forge-11.13.3.jar with {jade} mods - versions {11.13.3+forge}
[19Aug2026 16:50:28.365] [main/DEBUG] [net.minecraftforge.fml.loading.moddiscovery.ModFileParser/LOADING]: Considering mod file candidate /workspaces/proyecto67/servidor_minecraft/mods/jei-1.20.1-forge-15.20.0.112.jar
[19Aug2026 16:50:28.366] [main/DEBUG] [net.minecraftforge.fml.loading.moddiscovery.ModFileInfo/LOADING]: Found valid mod file jei-1.20.1-forge-15.20.0.112.jar with {jei} mods - versions {15.20.0.112}
[19Aug2026 16:50:28.392] [main/DEBUG] [net.minecraftforge.fml.loading.moddiscovery.ModFileParser/LOADING]: Considering mod file candidate /workspaces/proyecto67/servidor_minecraft/mods/L_Enders_Cataclysm-3.31.jar
[19Aug2026 16:50:28.393] [main/DEBUG] [net.minecraftforge.fml.loading.moddiscovery.ModFileInfo/LOADING]: Found valid mod file L_Enders_Cataclysm-3.31.jar with {cataclysm} mods - versions {3.31}
[19Aug2026 16:50:28.394] [main/DEBUG] [net.minecraftforge.fml.loading.moddiscovery.ModFileParser/LOADING]: Considering mod file candidate /workspaces/proyecto67/servidor_minecraft/mods/lionfishapi-3.0.jar
[19Aug2026 16:50:28.394] [main/DEBUG] [net.minecraftforge.fml.loading.moddiscovery.ModFileInfo/LOADING]: Found valid mod file lionfishapi-3.0.jar with {lionfishapi} mods - versions {3.0}
[19Aug2026 16:50:28.395] [main/DEBUG] [net.minecraftforge.fml.loading.moddiscovery.ModFileParser/LOADING]: Considering mod file candidate /workspaces/proyecto67/servidor_minecraft/mods/LittleFrames_FORGE_v1.4.3_mc1.20.1.jar
[19Aug2026 16:50:28.395] [main/DEBUG] [net.minecraftforge.fml.loading.moddiscovery.ModFileInfo/LOADING]: Found valid mod file LittleFrames_FORGE_v1.4.3_mc1.20.1.jar with {littleframes} mods - versions {1.4.3}
[19Aug2026 16:50:28.396] [main/DEBUG] [net.minecraftforge.fml.loading.moddiscovery.ModFileParser/LOADING]: Considering mod file candidate /workspaces/proyecto67/servidor_minecraft/mods/modernfix-forge-5.27.66+mc1.20.1.jar
[19Aug2026 16:50:28.397] [main/DEBUG] [net.minecraftforge.fml.loading.moddiscovery.ModFileInfo/LOADING]: Found valid mod file modernfix-forge-5.27.66+mc1.20.1.jar with {modernfix} mods - versions {5.27.66+mc1.20.1}
[19Aug2026 16:50:28.398] [main/DEBUG] [net.minecraftforge.fml.loading.moddiscovery.ModFileParser/LOADING]: Considering mod file candidate /workspaces/proyecto67/servidor_minecraft/mods/moonlight-1.20-2.16.34-forge.jar
[19Aug2026 16:50:28.398] [main/DEBUG] [net.minecraftforge.fml.loading.moddiscovery.ModFileInfo/LOADING]: Found valid mod file moonlight-1.20-2.16.34-forge.jar with {moonlight} mods - versions {1.20-2.16.34}
[19Aug2026 16:50:28.399] [main/DEBUG] [net.minecraftforge.fml.loading.moddiscovery.ModFileParser/LOADING]: Considering mod file candidate /workspaces/proyecto67/servidor_minecraft/mods/NaturesCompass-1.20.1-1.12.0-forge.jar
[19Aug2026 16:50:28.399] [main/DEBUG] [net.minecraftforge.fml.loading.moddiscovery.ModFileInfo/LOADING]: Found valid mod file NaturesCompass-1.20.1-1.12.0-forge.jar with {naturescompass} mods - versions {1.20.1-1.12.0-forge}
[19Aug2026 16:50:28.400] [main/DEBUG] [net.minecraftforge.fml.loading.moddiscovery.ModFileParser/LOADING]: Considering mod file candidate /workspaces/proyecto67/servidor_minecraft/mods/ntgl-1.20.1-3.1.2.jar
[19Aug2026 16:50:28.402] [main/DEBUG] [net.minecraftforge.fml.loading.moddiscovery.ModFileInfo/LOADING]: Found valid mod file ntgl-1.20.1-3.1.2.jar with {ntgl} mods - versions {3.1.2}
[19Aug2026 16:50:28.402] [main/DEBUG] [net.minecraftforge.fml.loading.moddiscovery.ModFileParser/LOADING]: Considering mod file candidate /workspaces/proyecto67/servidor_minecraft/mods/Patchouli-1.20.1-85-FORGE.jar
[19Aug2026 16:50:28.403] [main/DEBUG] [net.minecraftforge.fml.loading.moddiscovery.ModFileInfo/LOADING]: Found valid mod file Patchouli-1.20.1-85-FORGE.jar with {patchouli} mods - versions {1.20.1-85-FORGE}
[19Aug2026 16:50:28.403] [main/DEBUG] [net.minecraftforge.fml.loading.moddiscovery.ModFileParser/LOADING]: Considering mod file candidate /workspaces/proyecto67/servidor_minecraft/mods/Placebo-1.20.1-8.6.3.jar
[19Aug2026 16:50:28.404] [main/DEBUG] [net.minecraftforge.fml.loading.moddiscovery.ModFileInfo/LOADING]: Found valid mod file Placebo-1.20.1-8.6.3.jar with {placebo} mods - versions {8.6.3}
[19Aug2026 16:50:28.404] [main/DEBUG] [net.minecraftforge.fml.loading.moddiscovery.ModFileParser/LOADING]: Considering mod file candidate /workspaces/proyecto67/servidor_minecraft/mods/player-animation-lib-forge-1.0.2-rc1+1.20.jar
[19Aug2026 16:50:28.404] [main/DEBUG] [net.minecraftforge.fml.loading.moddiscovery.ModFileInfo/LOADING]: Found valid mod file player-animation-lib-forge-1.0.2-rc1+1.20.jar with {playeranimator} mods - versions {1.0.2-rc1+1.20}
[19Aug2026 16:50:28.405] [main/DEBUG] [net.minecraftforge.fml.loading.moddiscovery.ModFileParser/LOADING]: Considering mod file candidate /workspaces/proyecto67/servidor_minecraft/mods/polymorph-forge-0.49.10+1.20.1.jar
[19Aug2026 16:50:28.405] [main/DEBUG] [net.minecraftforge.fml.loading.moddiscovery.ModFileInfo/LOADING]: Found valid mod file polymorph-forge-0.49.10+1.20.1.jar with {polymorph} mods - versions {0.49.10+1.20.1}
[19Aug2026 16:50:28.411] [main/DEBUG] [net.minecraftforge.fml.loading.moddiscovery.ModFileParser/LOADING]: Considering mod file candidate /workspaces/proyecto67/servidor_minecraft/mods/PuzzlesLib-v8.1.33-1.20.1-Forge.jar
[19Aug2026 16:50:28.412] [main/DEBUG] [net.minecraftforge.fml.loading.moddiscovery.ModFileInfo/LOADING]: Found valid mod file PuzzlesLib-v8.1.33-1.20.1-Forge.jar with {puzzleslib} mods - versions {8.1.33}
[19Aug2026 16:50:28.467] [main/DEBUG] [net.minecraftforge.fml.loading.moddiscovery.ModFileParser/LOADING]: Considering mod file candidate /workspaces/proyecto67/servidor_minecraft/mods/refurbished_furniture-forge-1.20.1-1.0.20.jar
[19Aug2026 16:50:28.468] [main/DEBUG] [net.minecraftforge.fml.loading.moddiscovery.ModFileInfo/LOADING]: Found valid mod file refurbished_furniture-forge-1.20.1-1.0.20.jar with {refurbished_furniture} mods - versions {1.0.20}
[19Aug2026 16:50:28.469] [main/DEBUG] [net.minecraftforge.fml.loading.moddiscovery.ModFileParser/LOADING]: Considering mod file candidate /workspaces/proyecto67/servidor_minecraft/mods/skin_changer-forge-1.20.1-0.6.6.jar
[19Aug2026 16:50:28.469] [main/DEBUG] [net.minecraftforge.fml.loading.moddiscovery.ModFileInfo/LOADING]: Found valid mod file skin_changer-forge-1.20.1-0.6.6.jar with {skin_changer} mods - versions {0.6.6}
[19Aug2026 16:50:28.470] [main/DEBUG] [net.minecraftforge.fml.loading.moddiscovery.ModFileParser/LOADING]: Considering mod file candidate /workspaces/proyecto67/servidor_minecraft/mods/sophisticatedbackpacks-1.20.1-3.24.62.2017.jar
[19Aug2026 16:50:28.471] [main/DEBUG] [net.minecraftforge.fml.loading.moddiscovery.ModFileInfo/LOADING]: Found valid mod file sophisticatedbackpacks-1.20.1-3.24.62.2017.jar with {sophisticatedbackpacks} mods - versions {3.24.62.2017}
[19Aug2026 16:50:28.472] [main/DEBUG] [net.minecraftforge.fml.loading.moddiscovery.ModFileParser/LOADING]: Considering mod file candidate /workspaces/proyecto67/servidor_minecraft/mods/sophisticatedcore-1.20.1-1.3.74.2216.jar
[19Aug2026 16:50:28.473] [main/DEBUG] [net.minecraftforge.fml.loading.moddiscovery.ModFileInfo/LOADING]: Found valid mod file sophisticatedcore-1.20.1-1.3.74.2216.jar with {sophisticatedcore} mods - versions {1.3.74.2216}
[19Aug2026 16:50:28.473] [main/DEBUG] [net.minecraftforge.fml.loading.moddiscovery.ModFileParser/LOADING]: Considering mod file candidate /workspaces/proyecto67/servidor_minecraft/mods/sound-physics-remastered-forge-1.20.1-1.5.1.jar
[19Aug2026 16:50:28.474] [main/DEBUG] [net.minecraftforge.fml.loading.moddiscovery.ModFileInfo/LOADING]: Found valid mod file sound-physics-remastered-forge-1.20.1-1.5.1.jar with {sound_physics_remastered} mods - versions {1.20.1-1.5.1}
[19Aug2026 16:50:28.475] [main/DEBUG] [net.minecraftforge.fml.loading.moddiscovery.ModFileParser/LOADING]: Considering mod file candidate /workspaces/proyecto67/servidor_minecraft/mods/stalwart-dungeons-1.20.1-1.2.8.jar
[19Aug2026 16:50:28.475] [main/DEBUG] [net.minecraftforge.fml.loading.moddiscovery.ModFileInfo/LOADING]: Found valid mod file stalwart-dungeons-1.20.1-1.2.8.jar with {stalwart_dungeons} mods - versions {1.2.8}
[19Aug2026 16:50:28.476] [main/DEBUG] [net.minecraftforge.fml.loading.moddiscovery.ModFileParser/LOADING]: Considering mod file candidate /workspaces/proyecto67/servidor_minecraft/mods/structureessentials-1.20.1-5.0.jar
[19Aug2026 16:50:28.477] [main/DEBUG] [net.minecraftforge.fml.loading.moddiscovery.ModFileInfo/LOADING]: Found valid mod file structureessentials-1.20.1-5.0.jar with {structureessentials} mods - versions {1.20.1-5.0}
[19Aug2026 16:50:28.477] [main/DEBUG] [net.minecraftforge.fml.loading.moddiscovery.ModFileParser/LOADING]: Considering mod file candidate /workspaces/proyecto67/servidor_minecraft/mods/supermartijn642configlib-1.1.8-forge-mc1.20.jar
[19Aug2026 16:50:28.478] [main/DEBUG] [net.minecraftforge.fml.loading.moddiscovery.ModFileInfo/LOADING]: Found valid mod file supermartijn642configlib-1.1.8-forge-mc1.20.jar with {supermartijn642configlib} mods - versions {1.1.8}
[19Aug2026 16:50:28.478] [main/DEBUG] [net.minecraftforge.fml.loading.moddiscovery.ModFileParser/LOADING]: Considering mod file candidate /workspaces/proyecto67/servidor_minecraft/mods/supermartijn642corelib-1.1.22-forge-mc1.20.1.jar
[19Aug2026 16:50:28.479] [main/DEBUG] [net.minecraftforge.fml.loading.moddiscovery.ModFileInfo/LOADING]: Found valid mod file supermartijn642corelib-1.1.22-forge-mc1.20.1.jar with {supermartijn642corelib} mods - versions {1.1.22}
[19Aug2026 16:50:28.480] [main/DEBUG] [net.minecraftforge.fml.loading.moddiscovery.ModFileParser/LOADING]: Considering mod file candidate /workspaces/proyecto67/servidor_minecraft/mods/TerraBlender-forge-1.20.1-3.0.1.10.jar
[19Aug2026 16:50:28.480] [main/DEBUG] [net.minecraftforge.fml.loading.moddiscovery.ModFileInfo/LOADING]: Found valid mod file TerraBlender-forge-1.20.1-3.0.1.10.jar with {terrablender} mods - versions {3.0.1.10}
[19Aug2026 16:50:28.481] [main/DEBUG] [net.minecraftforge.fml.loading.moddiscovery.ModFileParser/LOADING]: Considering mod file candidate /workspaces/proyecto67/servidor_minecraft/mods/tombstone-1.20.1-9.0.9.jar
[19Aug2026 16:50:28.482] [main/DEBUG] [net.minecraftforge.fml.loading.moddiscovery.ModFileInfo/LOADING]: Found valid mod file tombstone-1.20.1-9.0.9.jar with {tombstone} mods - versions {9.0.9}
[19Aug2026 16:50:28.483] [main/DEBUG] [net.minecraftforge.fml.loading.moddiscovery.ModFileParser/LOADING]: Considering mod file candidate /workspaces/proyecto67/servidor_minecraft/mods/trashslot-forge-1.20.1-15.1.5.jar
[19Aug2026 16:50:28.483] [main/DEBUG] [net.minecraftforge.fml.loading.moddiscovery.ModFileInfo/LOADING]: Found valid mod file trashslot-forge-1.20.1-15.1.5.jar with {trashslot} mods - versions {15.1.5}
[19Aug2026 16:50:28.484] [main/DEBUG] [net.minecraftforge.fml.loading.moddiscovery.ModFileParser/LOADING]: Considering mod file candidate /workspaces/proyecto67/servidor_minecraft/mods/waystones-forge-1.20.1-14.1.20.jar
[19Aug2026 16:50:28.485] [main/DEBUG] [net.minecraftforge.fml.loading.moddiscovery.ModFileInfo/LOADING]: Found valid mod file waystones-forge-1.20.1-14.1.20.jar with {waystones} mods - versions {14.1.20}
[19Aug2026 16:50:28.486] [main/DEBUG] [net.minecraftforge.fml.loading.moddiscovery.ModFileParser/LOADING]: Considering mod file candidate /workspaces/proyecto67/servidor_minecraft/mods/xaerominimap-forge-1.20.1-26.4.2.jar
[19Aug2026 16:50:28.486] [main/DEBUG] [net.minecraftforge.fml.loading.moddiscovery.ModFileInfo/LOADING]: Found valid mod file xaerominimap-forge-1.20.1-26.4.2.jar with {xaerominimap} mods - versions {26.4.2}
[19Aug2026 16:50:28.487] [main/DEBUG] [net.minecraftforge.fml.loading.moddiscovery.ModFileParser/LOADING]: Considering mod file candidate /workspaces/proyecto67/servidor_minecraft/mods/xaeroworldmap-forge-1.20.1-1.44.2.jar
[19Aug2026 16:50:28.488] [main/DEBUG] [net.minecraftforge.fml.loading.moddiscovery.ModFileInfo/LOADING]: Found valid mod file xaeroworldmap-forge-1.20.1-1.44.2.jar with {xaeroworldmap} mods - versions {1.44.2}
[19Aug2026 16:50:28.767] [main/DEBUG] [net.minecraftforge.fml.loading.moddiscovery.ModFileInfo/LOADING]: Found valid mod file server-1.20.1-20230612.114412-srg.jar with {minecraft} mods - versions {1.20.1}
[19Aug2026 16:50:28.771] [main/DEBUG] [net.minecraftforge.fml.loading.moddiscovery.ModFileParser/LOADING]: Considering mod file candidate /workspaces/proyecto67/servidor_minecraft/libraries/net/minecraftforge/fmlcore/1.20.1-47.3.7/fmlcore-1.20.1-47.3.7.jar
[19Aug2026 16:50:28.771] [main/WARN] [net.minecraftforge.fml.loading.moddiscovery.ModFileParser/LOADING]: Mod file /workspaces/proyecto67/servidor_minecraft/libraries/net/minecraftforge/fmlcore/1.20.1-47.3.7/fmlcore-1.20.1-47.3.7.jar is missing mods.toml file
[19Aug2026 16:50:28.772] [main/DEBUG] [net.minecraftforge.fml.loading.moddiscovery.ModFileParser/LOADING]: Considering mod file candidate /workspaces/proyecto67/servidor_minecraft/libraries/net/minecraftforge/javafmllanguage/1.20.1-47.3.7/javafmllanguage-1.20.1-47.3.7.jar
[19Aug2026 16:50:28.772] [main/WARN] [net.minecraftforge.fml.loading.moddiscovery.ModFileParser/LOADING]: Mod file /workspaces/proyecto67/servidor_minecraft/libraries/net/minecraftforge/javafmllanguage/1.20.1-47.3.7/javafmllanguage-1.20.1-47.3.7.jar is missing mods.toml file
[19Aug2026 16:50:28.773] [main/DEBUG] [net.minecraftforge.fml.loading.moddiscovery.ModFileParser/LOADING]: Considering mod file candidate /workspaces/proyecto67/servidor_minecraft/libraries/net/minecraftforge/lowcodelanguage/1.20.1-47.3.7/lowcodelanguage-1.20.1-47.3.7.jar
[19Aug2026 16:50:28.773] [main/WARN] [net.minecraftforge.fml.loading.moddiscovery.ModFileParser/LOADING]: Mod file /workspaces/proyecto67/servidor_minecraft/libraries/net/minecraftforge/lowcodelanguage/1.20.1-47.3.7/lowcodelanguage-1.20.1-47.3.7.jar is missing mods.toml file
[19Aug2026 16:50:28.774] [main/DEBUG] [net.minecraftforge.fml.loading.moddiscovery.ModFileParser/LOADING]: Considering mod file candidate /workspaces/proyecto67/servidor_minecraft/libraries/net/minecraftforge/mclanguage/1.20.1-47.3.7/mclanguage-1.20.1-47.3.7.jar
[19Aug2026 16:50:28.774] [main/WARN] [net.minecraftforge.fml.loading.moddiscovery.ModFileParser/LOADING]: Mod file /workspaces/proyecto67/servidor_minecraft/libraries/net/minecraftforge/mclanguage/1.20.1-47.3.7/mclanguage-1.20.1-47.3.7.jar is missing mods.toml file
[19Aug2026 16:50:28.873] [main/DEBUG] [net.minecraftforge.fml.loading.moddiscovery.ModFileParser/LOADING]: Considering mod file candidate /workspaces/proyecto67/servidor_minecraft/libraries/net/minecraftforge/forge/1.20.1-47.3.7/forge-1.20.1-47.3.7-universal.jar
[19Aug2026 16:50:28.874] [main/DEBUG] [net.minecraftforge.fml.loading.moddiscovery.ModFileInfo/LOADING]: Found valid mod file forge-1.20.1-47.3.7-universal.jar with {forge} mods - versions {47.3.7}
[19Aug2026 16:50:28.886] [main/DEBUG] [net.minecraftforge.fml.loading.moddiscovery.AbstractJarFileDependencyLocator/]: Failed to load resource META-INF/jarjar/metadata.json from supermartijn642configlib-1.1.8-forge-mc1.20.jar, it does not contain dependency information.
[19Aug2026 16:50:28.886] [main/DEBUG] [net.minecraftforge.fml.loading.moddiscovery.AbstractJarFileDependencyLocator/]: Failed to load resource META-INF/jarjar/metadata.json from skin_changer-forge-1.20.1-0.6.6.jar, it does not contain dependency information.
[19Aug2026 16:50:28.886] [main/DEBUG] [net.minecraftforge.fml.loading.moddiscovery.AbstractJarFileDependencyLocator/]: Failed to load resource META-INF/jarjar/metadata.json from trashslot-forge-1.20.1-15.1.5.jar, it does not contain dependency information.
[19Aug2026 16:50:28.886] [main/DEBUG] [net.minecraftforge.fml.loading.moddiscovery.AbstractJarFileDependencyLocator/]: Failed to load resource META-INF/jarjar/metadata.json from alexsmobs-1.22.9.jar, it does not contain dependency information.
[19Aug2026 16:50:28.886] [main/DEBUG] [net.minecraftforge.fml.loading.moddiscovery.AbstractJarFileDependencyLocator/]: Failed to load resource META-INF/jarjar/metadata.json from player-animation-lib-forge-1.0.2-rc1+1.20.jar, it does not contain dependency information.
[19Aug2026 16:50:28.886] [main/DEBUG] [net.minecraftforge.fml.loading.moddiscovery.AbstractJarFileDependencyLocator/]: Failed to load resource META-INF/jarjar/metadata.json from jei-1.20.1-forge-15.20.0.112.jar, it does not contain dependency information.
[19Aug2026 16:50:28.887] [main/DEBUG] [net.minecraftforge.fml.loading.moddiscovery.AbstractJarFileDependencyLocator/]: Failed to load resource META-INF/jarjar/metadata.json from stalwart-dungeons-1.20.1-1.2.8.jar, it does not contain dependency information.
[19Aug2026 16:50:28.887] [main/DEBUG] [net.minecraftforge.fml.loading.moddiscovery.AbstractJarFileDependencyLocator/]: Failed to load resource META-INF/jarjar/metadata.json from sophisticatedcore-1.20.1-1.3.74.2216.jar, it does not contain dependency information.
[19Aug2026 16:50:28.887] [main/DEBUG] [net.minecraftforge.fml.loading.moddiscovery.AbstractJarFileDependencyLocator/]: Failed to load resource META-INF/jarjar/metadata.json from ntgl-1.20.1-3.1.2.jar, it does not contain dependency information.
[19Aug2026 16:50:28.887] [main/DEBUG] [net.minecraftforge.fml.loading.moddiscovery.AbstractJarFileDependencyLocator/]: Failed to load resource META-INF/jarjar/metadata.json from sound-physics-remastered-forge-1.20.1-1.5.1.jar, it does not contain dependency information.
[19Aug2026 16:50:28.887] [main/DEBUG] [net.minecraftforge.fml.loading.moddiscovery.AbstractJarFileDependencyLocator/]: Failed to load resource META-INF/jarjar/metadata.json from waystones-forge-1.20.1-14.1.20.jar, it does not contain dependency information.
[19Aug2026 16:50:28.887] [main/DEBUG] [net.minecraftforge.fml.loading.moddiscovery.AbstractJarFileDependencyLocator/]: Failed to load resource META-INF/jarjar/metadata.json from structureessentials-1.20.1-5.0.jar, it does not contain dependency information.
[19Aug2026 16:50:28.887] [main/DEBUG] [net.minecraftforge.fml.loading.moddiscovery.AbstractJarFileDependencyLocator/]: Failed to load resource META-INF/jarjar/metadata.json from Clumps-forge-1.20.1-12.0.0.4.jar, it does not contain dependency information.
[19Aug2026 16:50:28.888] [main/DEBUG] [net.minecraftforge.fml.loading.moddiscovery.AbstractJarFileDependencyLocator/]: Failed to load resource META-INF/jarjar/metadata.json from Placebo-1.20.1-8.6.3.jar, it does not contain dependency information.
[19Aug2026 16:50:28.888] [main/DEBUG] [net.minecraftforge.fml.loading.moddiscovery.AbstractJarFileDependencyLocator/]: Failed to load resource META-INF/jarjar/metadata.json from citadel-2.6.3-1.20.1.jar, it does not contain dependency information.
[19Aug2026 16:50:28.888] [main/DEBUG] [net.minecraftforge.fml.loading.moddiscovery.AbstractJarFileDependencyLocator/]: Failed to load resource META-INF/jarjar/metadata.json from NaturesCompass-1.20.1-1.12.0-forge.jar, it does not contain dependency information.
[19Aug2026 16:50:28.888] [main/DEBUG] [net.minecraftforge.fml.loading.moddiscovery.AbstractJarFileDependencyLocator/]: Failed to load resource META-INF/jarjar/metadata.json from sophisticatedbackpacks-1.20.1-3.24.62.2017.jar, it does not contain dependency information.
[19Aug2026 16:50:28.888] [main/DEBUG] [net.minecraftforge.fml.loading.moddiscovery.AbstractJarFileDependencyLocator/]: Failed to load resource META-INF/jarjar/metadata.json from iceandfire-2.1.13-1.20.1-beta-5.jar, it does not contain dependency information.
[19Aug2026 16:50:28.888] [main/DEBUG] [net.minecraftforge.fml.loading.moddiscovery.AbstractJarFileDependencyLocator/]: Failed to load resource META-INF/jarjar/metadata.json from bygonenether-1.3.2-1.20.x.jar, it does not contain dependency information.
[19Aug2026 16:50:28.889] [main/DEBUG] [net.minecraftforge.fml.loading.moddiscovery.AbstractJarFileDependencyLocator/]: Failed to load resource META-INF/jarjar/metadata.json from blueprint-1.20.1-7.1.4.jar, it does not contain dependency information.
[19Aug2026 16:50:28.889] [main/DEBUG] [net.minecraftforge.fml.loading.moddiscovery.AbstractJarFileDependencyLocator/]: Failed to load resource META-INF/jarjar/metadata.json from cloth-config-11.1.136-forge.jar, it does not contain dependency information.
[19Aug2026 16:50:28.889] [main/DEBUG] [net.minecraftforge.fml.loading.moddiscovery.AbstractJarFileDependencyLocator/]: Failed to load resource META-INF/jarjar/metadata.json from forge-1.20.1-47.3.7-universal.jar, it does not contain dependency information.
[19Aug2026 16:50:28.889] [main/DEBUG] [net.minecraftforge.fml.loading.moddiscovery.AbstractJarFileDependencyLocator/]: Failed to load resource META-INF/jarjar/metadata.json from ironchest-1.20.1-14.4.4.jar, it does not contain dependency information.
[19Aug2026 16:50:28.889] [main/DEBUG] [net.minecraftforge.fml.loading.moddiscovery.AbstractJarFileDependencyLocator/]: Failed to load resource META-INF/jarjar/metadata.json from server-1.20.1-20230612.114412-srg.jar, it does not contain dependency information.
[19Aug2026 16:50:28.890] [main/DEBUG] [net.minecraftforge.fml.loading.moddiscovery.AbstractJarFileDependencyLocator/]: Failed to load resource META-INF/jarjar/metadata.json from alexscaves-2.0.2.jar, it does not contain dependency information.
[19Aug2026 16:50:28.890] [main/DEBUG] [net.minecraftforge.fml.loading.moddiscovery.AbstractJarFileDependencyLocator/]: Failed to load resource META-INF/jarjar/metadata.json from LittleFrames_FORGE_v1.4.3_mc1.20.1.jar, it does not contain dependency information.
[19Aug2026 16:50:28.890] [main/DEBUG] [net.minecraftforge.fml.loading.moddiscovery.AbstractJarFileDependencyLocator/]: Failed to load resource META-INF/jarjar/metadata.json from TerraBlender-forge-1.20.1-3.0.1.10.jar, it does not contain dependency information.
[19Aug2026 16:50:28.890] [main/DEBUG] [net.minecraftforge.fml.loading.moddiscovery.AbstractJarFileDependencyLocator/]: Failed to load resource META-INF/jarjar/metadata.json from BiomesOPlenty-1.20.1-18.0.0.592.jar, it does not contain dependency information.
[19Aug2026 16:50:28.890] [main/DEBUG] [net.minecraftforge.fml.loading.moddiscovery.AbstractJarFileDependencyLocator/]: Failed to load resource META-INF/jarjar/metadata.json from Jade-1.20.1-Forge-11.13.3.jar, it does not contain dependency information.
[19Aug2026 16:50:28.890] [main/DEBUG] [net.minecraftforge.fml.loading.moddiscovery.AbstractJarFileDependencyLocator/]: Failed to load resource META-INF/jarjar/metadata.json from endrem_forge-5.3.3-R-1.20.1.jar, it does not contain dependency information.
[19Aug2026 16:50:28.890] [main/DEBUG] [net.minecraftforge.fml.loading.moddiscovery.AbstractJarFileDependencyLocator/]: Failed to load resource META-INF/jarjar/metadata.json from CreativeCore_FORGE_v2.12.39_mc1.20.1.jar, it does not contain dependency information.
[19Aug2026 16:50:28.891] [main/DEBUG] [net.minecraftforge.fml.loading.moddiscovery.AbstractJarFileDependencyLocator/]: Failed to load resource META-INF/jarjar/metadata.json from Chunky-1.3.146.jar, it does not contain dependency information.
[19Aug2026 16:50:28.891] [main/DEBUG] [net.minecraftforge.fml.loading.moddiscovery.AbstractJarFileDependencyLocator/]: Failed to load resource META-INF/jarjar/metadata.json from supermartijn642corelib-1.1.22-forge-mc1.20.1.jar, it does not contain dependency information.
[19Aug2026 16:50:28.891] [main/DEBUG] [net.minecraftforge.fml.loading.moddiscovery.AbstractJarFileDependencyLocator/]: Failed to load resource META-INF/jarjar/metadata.json from lionfishapi-3.0.jar, it does not contain dependency information.
[19Aug2026 16:50:28.891] [main/DEBUG] [net.minecraftforge.fml.loading.moddiscovery.AbstractJarFileDependencyLocator/]: Failed to load resource META-INF/jarjar/metadata.json from curios-forge-5.14.1+1.20.1.jar, it does not contain dependency information.
[19Aug2026 16:50:28.891] [main/DEBUG] [net.minecraftforge.fml.loading.moddiscovery.AbstractJarFileDependencyLocator/]: Failed to load resource META-INF/jarjar/metadata.json from Patchouli-1.20.1-85-FORGE.jar, it does not contain dependency information.
[19Aug2026 16:50:28.891] [main/DEBUG] [net.minecraftforge.fml.loading.moddiscovery.AbstractJarFileDependencyLocator/]: Failed to load resource META-INF/jarjar/metadata.json from betterbiomeblend-forge-1.20.1-1.4.0.jar, it does not contain dependency information.
[19Aug2026 16:50:28.892] [main/DEBUG] [net.minecraftforge.fml.loading.moddiscovery.AbstractJarFileDependencyLocator/]: Failed to load resource META-INF/jarjar/metadata.json from [1.20.1] SecurityCraft v1.9.8.jar, it does not contain dependency information.
[19Aug2026 16:50:28.892] [main/DEBUG] [net.minecraftforge.fml.loading.moddiscovery.AbstractJarFileDependencyLocator/]: Failed to load resource META-INF/jarjar/metadata.json from dungeons-and-taverns-3.0.3.f[Forge].jar, it does not contain dependency information.
[19Aug2026 16:50:28.892] [main/DEBUG] [net.minecraftforge.fml.loading.moddiscovery.AbstractJarFileDependencyLocator/]: Failed to load resource META-INF/jarjar/metadata.json from tombstone-1.20.1-9.0.9.jar, it does not contain dependency information.
[19Aug2026 16:50:28.892] [main/DEBUG] [net.minecraftforge.fml.loading.moddiscovery.AbstractJarFileDependencyLocator/]: Failed to load resource META-INF/jarjar/metadata.json from coroutil-forge-1.20.1-1.3.7.jar, it does not contain dependency information.
[19Aug2026 16:50:28.892] [main/DEBUG] [net.minecraftforge.fml.loading.moddiscovery.AbstractJarFileDependencyLocator/]: Failed to load resource META-INF/jarjar/metadata.json from FastFurnace-1.20.1-8.0.2.jar, it does not contain dependency information.
[19Aug2026 16:50:28.892] [main/DEBUG] [net.minecraftforge.fml.loading.moddiscovery.AbstractJarFileDependencyLocator/]: Failed to load resource META-INF/jarjar/metadata.json from architectury-9.2.14-forge.jar, it does not contain dependency information.
[19Aug2026 16:50:28.892] [main/DEBUG] [net.minecraftforge.fml.loading.moddiscovery.AbstractJarFileDependencyLocator/]: Failed to load resource META-INF/jarjar/metadata.json from ferritecore-6.0.1-forge.jar, it does not contain dependency information.
[19Aug2026 16:50:28.892] [main/DEBUG] [net.minecraftforge.fml.loading.moddiscovery.AbstractJarFileDependencyLocator/]: Failed to load resource META-INF/jarjar/metadata.json from cupboard-1.20.1-3.9.jar, it does not contain dependency information.
[19Aug2026 16:50:28.892] [main/DEBUG] [net.minecraftforge.fml.loading.moddiscovery.AbstractJarFileDependencyLocator/]: Failed to load resource META-INF/jarjar/metadata.json from refurbished_furniture-forge-1.20.1-1.0.20.jar, it does not contain dependency information.
[19Aug2026 16:50:28.893] [main/DEBUG] [net.minecraftforge.fml.loading.moddiscovery.AbstractJarFileDependencyLocator/]: Failed to load resource META-INF/jarjar/metadata.json from framework-forge-1.20.1-0.8.0.jar, it does not contain dependency information.
[19Aug2026 16:50:28.893] [main/DEBUG] [net.minecraftforge.fml.loading.moddiscovery.AbstractJarFileDependencyLocator/]: Failed to load resource META-INF/jarjar/metadata.json from mclanguage-1.20.1-47.3.7.jar, it does not contain dependency information.
[19Aug2026 16:50:28.893] [main/DEBUG] [net.minecraftforge.fml.loading.moddiscovery.AbstractJarFileDependencyLocator/]: Failed to load resource META-INF/jarjar/metadata.json from javafmllanguage-1.20.1-47.3.7.jar, it does not contain dependency information.
[19Aug2026 16:50:28.893] [main/DEBUG] [net.minecraftforge.fml.loading.moddiscovery.AbstractJarFileDependencyLocator/]: Failed to load resource META-INF/jarjar/metadata.json from fmlcore-1.20.1-47.3.7.jar, it does not contain dependency information.
[19Aug2026 16:50:28.893] [main/DEBUG] [net.minecraftforge.fml.loading.moddiscovery.AbstractJarFileDependencyLocator/]: Failed to load resource META-INF/jarjar/metadata.json from lowcodelanguage-1.20.1-47.3.7.jar, it does not contain dependency information.
[19Aug2026 16:50:29.033] [main/DEBUG] [net.minecraftforge.fml.loading.moddiscovery.ModFileParser/LOADING]: Considering mod file candidate 
[19Aug2026 16:50:29.034] [main/DEBUG] [net.minecraftforge.fml.loading.moddiscovery.ModFileInfo/LOADING]: Found valid mod file puzzlesaccessapi-forge-20.1.1.jar with {puzzlesaccessapi} mods - versions {20.1.1}
[19Aug2026 16:50:29.036] [main/DEBUG] [net.minecraftforge.fml.loading.moddiscovery.ModFileParser/LOADING]: Considering mod file candidate 
[19Aug2026 16:50:29.036] [main/DEBUG] [net.minecraftforge.fml.loading.moddiscovery.ModFileInfo/LOADING]: Found valid mod file mixinextras-forge-0.4.1.jar with {mixinextras} mods - versions {0.4.1}
[19Aug2026 16:50:29.039] [main/DEBUG] [net.minecraftforge.fml.loading.moddiscovery.ModFileParser/LOADING]: Considering mod file candidate 
[19Aug2026 16:50:29.040] [main/DEBUG] [net.minecraftforge.fml.loading.moddiscovery.ModFileInfo/LOADING]: Found valid mod file spectrelib-forge-0.13.17+1.20.1.jar with {spectrelib} mods - versions {0.13.17+1.20.1}
[19Aug2026 16:50:29.051] [main/DEBUG] [net.minecraftforge.fml.loading.moddiscovery.ModFileParser/LOADING]: Considering mod file candidate 
[19Aug2026 16:50:29.052] [main/DEBUG] [net.minecraftforge.fml.loading.moddiscovery.ModFileInfo/LOADING]: Found valid mod file xaerolib-forge-1.20.1-1.7.1.jar with {xaerolib} mods - versions {1.7.1}
[19Aug2026 16:50:29.053] [main/DEBUG] [net.minecraftforge.fml.loading.moddiscovery.ModFileParser/LOADING]: Considering mod file candidate 
[19Aug2026 16:50:29.054] [main/DEBUG] [net.minecraftforge.fml.loading.moddiscovery.ModFileInfo/LOADING]: Found valid mod file kuma-api-forge-20.1.12+1.20.1.jar with {kuma_api} mods - versions {20.1.12}
[19Aug2026 16:50:29.056] [main/DEBUG] [net.minecraftforge.fml.loading.moddiscovery.ModFileParser/LOADING]: Considering mod file candidate 
[19Aug2026 16:50:29.057] [main/DEBUG] [net.minecraftforge.fml.loading.moddiscovery.ModFileInfo/LOADING]: Found valid mod file expandability-forge-9.0.4.jar with {expandability} mods - versions {9.0.4}
[19Aug2026 16:50:29.058] [main/DEBUG] [net.minecraftforge.fml.loading.moddiscovery.ModFileParser/LOADING]: Considering mod file candidate 
[19Aug2026 16:50:29.059] [main/DEBUG] [net.minecraftforge.fml.loading.moddiscovery.ModFileInfo/LOADING]: Found valid mod file mixinextras-forge-0.3.5.jar with {mixinextras} mods - versions {0.3.5}
[19Aug2026 16:50:29.068] [main/DEBUG] [net.minecraftforge.fml.loading.moddiscovery.ModFileParser/LOADING]: Considering mod file candidate 
[19Aug2026 16:50:29.070] [main/DEBUG] [net.minecraftforge.fml.loading.moddiscovery.ModFileInfo/LOADING]: Found valid mod file kffmod-4.12.0.jar with {kotlinforforge} mods - versions {4.12.0}
[19Aug2026 16:50:29.126] [main/DEBUG] [net.minecraftforge.fml.loading.moddiscovery.ModFileParser/LOADING]: Considering mod file candidate 
[19Aug2026 16:50:29.127] [main/DEBUG] [net.minecraftforge.fml.loading.moddiscovery.ModFileInfo/LOADING]: Found valid mod file TRansition-1.0.21-1.20.1-forge-SNAPSHOT.jar with {transition} mods - versions {1.0.21}
[19Aug2026 16:50:29.132] [main/DEBUG] [net.minecraftforge.fml.loading.moddiscovery.ModFileParser/LOADING]: Considering mod file candidate 
[19Aug2026 16:50:29.132] [main/DEBUG] [net.minecraftforge.fml.loading.moddiscovery.ModFileInfo/LOADING]: Found valid mod file TRender-1.0.15-1.20.1-forge-SNAPSHOT.jar with {trender} mods - versions {1.0.15}
[19Aug2026 16:50:29.135] [main/DEBUG] [net.minecraftforge.fml.loading.moddiscovery.ModFileParser/LOADING]: Considering mod file candidate 
[19Aug2026 16:50:29.135] [main/DEBUG] [net.minecraftforge.fml.loading.moddiscovery.ModFileInfo/LOADING]: Found valid mod file mixinextras-forge-0.3.6.jar with {mixinextras} mods - versions {0.3.6}
[19Aug2026 16:50:29.154] [main/DEBUG] [net.minecraftforge.fml.loading.moddiscovery.ModFileParser/LOADING]: Considering mod file candidate 
[19Aug2026 16:50:29.155] [main/DEBUG] [net.minecraftforge.fml.loading.moddiscovery.ModFileInfo/LOADING]: Found valid mod file xaerolib-forge-1.20.1-1.7.1.jar with {xaerolib} mods - versions {1.7.1}
[19Aug2026 16:50:29.157] [main/DEBUG] [net.minecraftforge.fml.loading.moddiscovery.ModFileParser/LOADING]: Considering mod file candidate 
[19Aug2026 16:50:29.157] [main/DEBUG] [net.minecraftforge.fml.loading.moddiscovery.ModFileInfo/LOADING]: Found valid mod file mixinextras-forge-0.4.1.jar with {mixinextras} mods - versions {0.4.1}
[19Aug2026 16:50:29.160] [main/DEBUG] [net.minecraftforge.fml.loading.moddiscovery.ModFileParser/LOADING]: Considering mod file candidate 
[19Aug2026 16:50:29.160] [main/DEBUG] [net.minecraftforge.fml.loading.moddiscovery.ModFileInfo/LOADING]: Found valid mod file mixinextras-forge-0.2.0-beta.6.jar with {mixinextras} mods - versions {0.2.0-beta.6}
[19Aug2026 16:50:29.162] [main/DEBUG] [net.minecraftforge.fml.loading.moddiscovery.ModFileParser/LOADING]: Considering mod file candidate 
[19Aug2026 16:50:29.162] [main/DEBUG] [net.minecraftforge.fml.loading.moddiscovery.ModFileInfo/LOADING]: Found valid mod file mixinextras-forge-0.4.1.jar with {mixinextras} mods - versions {0.4.1}
[19Aug2026 16:50:29.167] [main/DEBUG] [net.minecraftforge.fml.loading.moddiscovery.ModFileParser/LOADING]: Considering mod file candidate 
[19Aug2026 16:50:29.167] [main/DEBUG] [net.minecraftforge.fml.loading.moddiscovery.ModFileInfo/LOADING]: Found valid mod file mixinextras-forge-0.3.6.jar with {mixinextras} mods - versions {0.3.6}
[19Aug2026 16:50:29.168] [main/DEBUG] [net.minecraftforge.fml.loading.moddiscovery.ModFileParser/LOADING]: Considering mod file candidate 
[19Aug2026 16:50:29.168] [main/DEBUG] [net.minecraftforge.fml.loading.moddiscovery.ModFileInfo/LOADING]: Found valid mod file mixinsquared-forge-0.1.1.jar with {mixinsquared} mods - versions {0.1.1}
[19Aug2026 16:50:29.168] [main/DEBUG] [net.minecraftforge.fml.loading.moddiscovery.AbstractJarFileDependencyLocator/]: Failed to load resource META-INF/jarjar/metadata.json from puzzlesaccessapi-forge-20.1.1.jar, it does not contain dependency information.
[19Aug2026 16:50:29.173] [main/DEBUG] [net.minecraftforge.fml.loading.moddiscovery.AbstractJarFileDependencyLocator/]: Failed to load resource META-INF/jarjar/metadata.json from spectrelib-forge-0.13.17+1.20.1.jar, it does not contain dependency information.
[19Aug2026 16:50:29.174] [main/DEBUG] [net.minecraftforge.fml.loading.moddiscovery.AbstractJarFileDependencyLocator/]: Failed to load resource META-INF/jarjar/metadata.json from xaerolib-forge-1.20.1-1.7.1.jar, it does not contain dependency information.
[19Aug2026 16:50:29.174] [main/DEBUG] [net.minecraftforge.fml.loading.moddiscovery.AbstractJarFileDependencyLocator/]: Failed to load resource META-INF/jarjar/metadata.json from kuma-api-forge-20.1.12+1.20.1.jar, it does not contain dependency information.
[19Aug2026 16:50:29.179] [main/DEBUG] [net.minecraftforge.fml.loading.moddiscovery.AbstractJarFileDependencyLocator/]: Failed to load resource META-INF/jarjar/metadata.json from kfflang-4.12.0.jar, it does not contain dependency information.
[19Aug2026 16:50:29.179] [main/DEBUG] [net.minecraftforge.fml.loading.moddiscovery.AbstractJarFileDependencyLocator/]: Failed to load resource META-INF/jarjar/metadata.json from kfflib-4.12.0.jar, it does not contain dependency information.
[19Aug2026 16:50:29.180] [main/DEBUG] [net.minecraftforge.fml.loading.moddiscovery.AbstractJarFileDependencyLocator/]: Failed to load resource META-INF/jarjar/metadata.json from kffmod-4.12.0.jar, it does not contain dependency information.
[19Aug2026 16:50:29.180] [main/DEBUG] [net.minecraftforge.fml.loading.moddiscovery.AbstractJarFileDependencyLocator/]: Failed to load resource META-INF/jarjar/metadata.json from TRansition-1.0.21-1.20.1-forge-SNAPSHOT.jar, it does not contain dependency information.
[19Aug2026 16:50:29.180] [main/DEBUG] [net.minecraftforge.fml.loading.moddiscovery.AbstractJarFileDependencyLocator/]: Failed to load resource META-INF/jarjar/metadata.json from TRender-1.0.15-1.20.1-forge-SNAPSHOT.jar, it does not contain dependency information.
[19Aug2026 16:50:29.184] [main/DEBUG] [net.minecraftforge.fml.loading.moddiscovery.AbstractJarFileDependencyLocator/]: Failed to load resource META-INF/jarjar/metadata.json from Reflect-1.6.2.jar, it does not contain dependency information.
[19Aug2026 16:50:29.199] [main/DEBUG] [net.minecraftforge.fml.loading.moddiscovery.AbstractJarFileDependencyLocator/]: Failed to load resource META-INF/jarjar/metadata.json from xaerolib-forge-1.20.1-1.7.1.jar, it does not contain dependency information.
[19Aug2026 16:50:29.217] [main/DEBUG] [net.minecraftforge.fml.loading.moddiscovery.AbstractJarFileDependencyLocator/]: Failed to load resource META-INF/jarjar/metadata.json from mclib-20.jar, it does not contain dependency information.
[19Aug2026 16:50:29.225] [main/DEBUG] [net.minecraftforge.fml.loading.moddiscovery.AbstractJarFileDependencyLocator/]: Failed to load resource META-INF/jarjar/metadata.json from MixinExtras-0.4.1.jar, it does not contain dependency information.
[19Aug2026 16:50:29.226] [main/DEBUG] [net.minecraftforge.fml.loading.moddiscovery.AbstractJarFileDependencyLocator/]: Failed to load resource META-INF/jarjar/metadata.json from MixinExtras-0.1.1.jar, it does not contain dependency information.
[19Aug2026 16:50:29.226] [main/DEBUG] [net.minecraftforge.fml.loading.moddiscovery.AbstractJarFileDependencyLocator/]: Failed to load resource META-INF/jarjar/metadata.json from MixinExtras-0.3.5.jar, it does not contain dependency information.
[19Aug2026 16:50:29.226] [main/DEBUG] [net.minecraftforge.fml.loading.moddiscovery.AbstractJarFileDependencyLocator/]: Failed to load resource META-INF/jarjar/metadata.json from MixinExtras-0.3.6.jar, it does not contain dependency information.
[19Aug2026 16:50:29.226] [main/DEBUG] [net.minecraftforge.fml.loading.moddiscovery.AbstractJarFileDependencyLocator/]: Failed to load resource META-INF/jarjar/metadata.json from MixinExtras-0.5.3.jar, it does not contain dependency information.
[19Aug2026 16:50:29.226] [main/DEBUG] [net.minecraftforge.fml.loading.moddiscovery.AbstractJarFileDependencyLocator/]: Failed to load resource META-INF/jarjar/metadata.json from MixinExtras-0.4.1.jar, it does not contain dependency information.
[19Aug2026 16:50:29.226] [main/DEBUG] [net.minecraftforge.fml.loading.moddiscovery.AbstractJarFileDependencyLocator/]: Failed to load resource META-INF/jarjar/metadata.json from MixinExtras-0.2.0-beta.6.jar, it does not contain dependency information.
[19Aug2026 16:50:29.227] [main/DEBUG] [net.minecraftforge.fml.loading.moddiscovery.AbstractJarFileDependencyLocator/]: Failed to load resource META-INF/jarjar/metadata.json from MixinExtras-0.4.1.jar, it does not contain dependency information.
[19Aug2026 16:50:29.227] [main/DEBUG] [net.minecraftforge.fml.loading.moddiscovery.AbstractJarFileDependencyLocator/]: Failed to load resource META-INF/jarjar/metadata.json from MixinExtras-0.3.6.jar, it does not contain dependency information.
[19Aug2026 16:50:29.227] [main/DEBUG] [net.minecraftforge.fml.loading.moddiscovery.AbstractJarFileDependencyLocator/]: Failed to load resource META-INF/jarjar/metadata.json from MixinSquared-0.1.1.jar, it does not contain dependency information.
[19Aug2026 16:50:29.253] [main/DEBUG] [net.minecraftforge.fml.loading.moddiscovery.ModFileParser/LOADING]: Considering mod file candidate 
[19Aug2026 16:50:29.254] [main/DEBUG] [net.minecraftforge.fml.loading.moddiscovery.ModFileInfo/LOADING]: Found valid mod file puzzlesaccessapi-forge-20.1.1.jar with {puzzlesaccessapi} mods - versions {20.1.1}
[19Aug2026 16:50:29.255] [main/DEBUG] [net.minecraftforge.fml.loading.moddiscovery.ModFileParser/LOADING]: Considering mod file candidate 
[19Aug2026 16:50:29.255] [main/DEBUG] [net.minecraftforge.fml.loading.moddiscovery.ModFileInfo/LOADING]: Found valid mod file mixinextras-forge-0.2.0-beta.6.jar with {mixinextras} mods - versions {0.2.0-beta.6}
[19Aug2026 16:50:29.266] [main/DEBUG] [net.minecraftforge.fml.loading.moddiscovery.ModFileParser/LOADING]: Considering mod file candidate 
[19Aug2026 16:50:29.267] [main/DEBUG] [net.minecraftforge.fml.loading.moddiscovery.ModFileInfo/LOADING]: Found valid mod file TRansition-1.0.21-1.20.1-forge-SNAPSHOT.jar with {transition} mods - versions {1.0.21}
[19Aug2026 16:50:29.279] [main/DEBUG] [net.minecraftforge.fml.loading.moddiscovery.ModFileParser/LOADING]: Considering mod file candidate 
[19Aug2026 16:50:29.279] [main/DEBUG] [net.minecraftforge.fml.loading.moddiscovery.ModFileInfo/LOADING]: Found valid mod file mixinsquared-forge-0.1.1.jar with {mixinsquared} mods - versions {0.1.1}
[19Aug2026 16:50:29.285] [main/DEBUG] [net.minecraftforge.fml.loading.moddiscovery.ModFileParser/LOADING]: Considering mod file candidate 
[19Aug2026 16:50:29.286] [main/DEBUG] [net.minecraftforge.fml.loading.moddiscovery.ModFileInfo/LOADING]: Found valid mod file xaerolib-forge-1.20.1-1.7.1.jar with {xaerolib} mods - versions {1.7.1}
[19Aug2026 16:50:29.289] [main/DEBUG] [net.minecraftforge.fml.loading.moddiscovery.ModFileParser/LOADING]: Considering mod file candidate 
[19Aug2026 16:50:29.289] [main/DEBUG] [net.minecraftforge.fml.loading.moddiscovery.ModFileInfo/LOADING]: Found valid mod file TRender-1.0.15-1.20.1-forge-SNAPSHOT.jar with {trender} mods - versions {1.0.15}
[19Aug2026 16:50:29.293] [main/DEBUG] [net.minecraftforge.fml.loading.moddiscovery.ModFileParser/LOADING]: Considering mod file candidate 
[19Aug2026 16:50:29.293] [main/DEBUG] [net.minecraftforge.fml.loading.moddiscovery.ModFileInfo/LOADING]: Found valid mod file spectrelib-forge-0.13.17+1.20.1.jar with {spectrelib} mods - versions {0.13.17+1.20.1}
[19Aug2026 16:50:29.294] [main/DEBUG] [net.minecraftforge.fml.loading.moddiscovery.ModFileParser/LOADING]: Considering mod file candidate 
[19Aug2026 16:50:29.294] [main/DEBUG] [net.minecraftforge.fml.loading.moddiscovery.ModFileInfo/LOADING]: Found valid mod file expandability-forge-9.0.4.jar with {expandability} mods - versions {9.0.4}
[19Aug2026 16:50:29.295] [main/DEBUG] [net.minecraftforge.fml.loading.moddiscovery.ModFileParser/LOADING]: Considering mod file candidate 
[19Aug2026 16:50:29.296] [main/DEBUG] [net.minecraftforge.fml.loading.moddiscovery.ModFileInfo/LOADING]: Found valid mod file kffmod-4.12.0.jar with {kotlinforforge} mods - versions {4.12.0}
[19Aug2026 16:50:29.298] [main/DEBUG] [net.minecraftforge.fml.loading.moddiscovery.ModFileParser/LOADING]: Considering mod file candidate 
[19Aug2026 16:50:29.299] [main/DEBUG] [net.minecraftforge.fml.loading.moddiscovery.ModFileInfo/LOADING]: Found valid mod file kuma-api-forge-20.1.12+1.20.1.jar with {kuma_api} mods - versions {20.1.12}
[19Aug2026 16:50:29.306] [main/INFO] [net.minecraftforge.fml.loading.moddiscovery.JarInJarDependencyLocator/]: Found 17 dependencies adding them to mods collection
[19Aug2026 16:50:29.307] [main/DEBUG] [net.minecraftforge.fml.loading.UniqueModListBuilder/]: Found 2 mods for first modid mixinextras, selecting most recent based on version data
[19Aug2026 16:50:29.307] [main/DEBUG] [net.minecraftforge.fml.loading.UniqueModListBuilder/]: Selected file mixinextras-forge-0.5.3.jar for modid mixinextras with version 0.5.3
[19Aug2026 16:50:29.309] [main/DEBUG] [net.minecraftforge.fml.loading.moddiscovery.ModFileParser/LOADING]: Considering mod file candidate 
[19Aug2026 16:50:29.309] [main/DEBUG] [net.minecraftforge.fml.loading.moddiscovery.ModFileInfo/LOADING]: Found valid mod file kuma-api-forge-20.1.12+1.20.1.jar with {kuma_api} mods - versions {20.1.12}
[19Aug2026 16:50:29.311] [main/DEBUG] [net.minecraftforge.fml.loading.moddiscovery.ModFile/LOADING]: Loading mod file  with languages [LanguageSpec[languageName=javafml, acceptedVersions=[47,)]]
[19Aug2026 16:50:29.312] [main/DEBUG] [net.minecraftforge.fml.loading.moddiscovery.ModFileParser/LOADING]: Considering mod file candidate /workspaces/proyecto67/servidor_minecraft/mods/skin_changer-forge-1.20.1-0.6.6.jar
[19Aug2026 16:50:29.312] [main/DEBUG] [net.minecraftforge.fml.loading.moddiscovery.ModFileInfo/LOADING]: Found valid mod file skin_changer-forge-1.20.1-0.6.6.jar with {skin_changer} mods - versions {0.6.6}
[19Aug2026 16:50:29.312] [main/DEBUG] [net.minecraftforge.fml.loading.moddiscovery.ModFile/LOADING]: Loading mod file /workspaces/proyecto67/servidor_minecraft/mods/skin_changer-forge-1.20.1-0.6.6.jar with languages [LanguageSpec[languageName=javafml, acceptedVersions=[47,)]]
[19Aug2026 16:50:29.313] [main/DEBUG] [net.minecraftforge.fml.loading.moddiscovery.ModFileParser/LOADING]: Considering mod file candidate /workspaces/proyecto67/servidor_minecraft/mods/supermartijn642configlib-1.1.8-forge-mc1.20.jar
[19Aug2026 16:50:29.313] [main/DEBUG] [net.minecraftforge.fml.loading.moddiscovery.ModFileInfo/LOADING]: Found valid mod file supermartijn642configlib-1.1.8-forge-mc1.20.jar with {supermartijn642configlib} mods - versions {1.1.8}
[19Aug2026 16:50:29.313] [main/DEBUG] [net.minecraftforge.fml.loading.moddiscovery.ModFile/LOADING]: Loading mod file /workspaces/proyecto67/servidor_minecraft/mods/supermartijn642configlib-1.1.8-forge-mc1.20.jar with languages [LanguageSpec[languageName=javafml, acceptedVersions=[46,)]]
[19Aug2026 16:50:29.313] [main/DEBUG] [net.minecraftforge.fml.loading.moddiscovery.ModFileParser/LOADING]: Considering mod file candidate /workspaces/proyecto67/servidor_minecraft/mods/alexsmobs-1.22.9.jar
[19Aug2026 16:50:29.314] [main/DEBUG] [net.minecraftforge.fml.loading.moddiscovery.ModFileInfo/LOADING]: Found valid mod file alexsmobs-1.22.9.jar with {alexsmobs} mods - versions {1.22.9}
[19Aug2026 16:50:29.314] [main/DEBUG] [net.minecraftforge.fml.loading.moddiscovery.ModFile/LOADING]: Loading mod file /workspaces/proyecto67/servidor_minecraft/mods/alexsmobs-1.22.9.jar with languages [LanguageSpec[languageName=javafml, acceptedVersions=[46,)]]
[19Aug2026 16:50:29.314] [main/DEBUG] [net.minecraftforge.fml.loading.moddiscovery.ModFileParser/LOADING]: Considering mod file candidate /workspaces/proyecto67/servidor_minecraft/mods/trashslot-forge-1.20.1-15.1.5.jar
[19Aug2026 16:50:29.315] [main/DEBUG] [net.minecraftforge.fml.loading.moddiscovery.ModFileInfo/LOADING]: Found valid mod file trashslot-forge-1.20.1-15.1.5.jar with {trashslot} mods - versions {15.1.5}
[19Aug2026 16:50:29.315] [main/DEBUG] [net.minecraftforge.fml.loading.moddiscovery.ModFile/LOADING]: Loading mod file /workspaces/proyecto67/servidor_minecraft/mods/trashslot-forge-1.20.1-15.1.5.jar with languages [LanguageSpec[languageName=javafml, acceptedVersions=[46,)]]
[19Aug2026 16:50:29.315] [main/DEBUG] [net.minecraftforge.fml.loading.moddiscovery.ModFileParser/LOADING]: Considering mod file candidate /workspaces/proyecto67/servidor_minecraft/mods/geckolib-forge-1.20.1-4.8.4.jar
[19Aug2026 16:50:29.315] [main/DEBUG] [net.minecraftforge.fml.loading.moddiscovery.ModFileInfo/LOADING]: Found valid mod file geckolib-forge-1.20.1-4.8.4.jar with {geckolib} mods - versions {4.8.4}
[19Aug2026 16:50:29.315] [main/DEBUG] [net.minecraftforge.fml.loading.moddiscovery.ModFile/LOADING]: Loading mod file /workspaces/proyecto67/servidor_minecraft/mods/geckolib-forge-1.20.1-4.8.4.jar with languages [LanguageSpec[languageName=javafml, acceptedVersions=[47,)]]
[19Aug2026 16:50:29.316] [main/DEBUG] [net.minecraftforge.fml.loading.moddiscovery.ModFileParser/LOADING]: Considering mod file candidate /workspaces/proyecto67/servidor_minecraft/mods/player-animation-lib-forge-1.0.2-rc1+1.20.jar
[19Aug2026 16:50:29.316] [main/DEBUG] [net.minecraftforge.fml.loading.moddiscovery.ModFileInfo/LOADING]: Found valid mod file player-animation-lib-forge-1.0.2-rc1+1.20.jar with {playeranimator} mods - versions {1.0.2-rc1+1.20}
[19Aug2026 16:50:29.316] [main/DEBUG] [net.minecraftforge.fml.loading.moddiscovery.ModFile/LOADING]: Loading mod file /workspaces/proyecto67/servidor_minecraft/mods/player-animation-lib-forge-1.0.2-rc1+1.20.jar with languages [LanguageSpec[languageName=javafml, acceptedVersions=[46.0.0,)]]
[19Aug2026 16:50:29.316] [main/DEBUG] [net.minecraftforge.fml.loading.moddiscovery.ModFileParser/LOADING]: Considering mod file candidate /workspaces/proyecto67/servidor_minecraft/mods/jei-1.20.1-forge-15.20.0.112.jar
[19Aug2026 16:50:29.317] [main/DEBUG] [net.minecraftforge.fml.loading.moddiscovery.ModFileInfo/LOADING]: Found valid mod file jei-1.20.1-forge-15.20.0.112.jar with {jei} mods - versions {15.20.0.112}
[19Aug2026 16:50:29.317] [main/DEBUG] [net.minecraftforge.fml.loading.moddiscovery.ModFile/LOADING]: Loading mod file /workspaces/proyecto67/servidor_minecraft/mods/jei-1.20.1-forge-15.20.0.112.jar with languages [LanguageSpec[languageName=javafml, acceptedVersions=[47,)]]
[19Aug2026 16:50:29.317] [main/DEBUG] [net.minecraftforge.fml.loading.moddiscovery.ModFileParser/LOADING]: Considering mod file candidate 
[19Aug2026 16:50:29.317] [main/DEBUG] [net.minecraftforge.fml.loading.moddiscovery.ModFileInfo/LOADING]: Found valid mod file xaerolib-forge-1.20.1-1.7.1.jar with {xaerolib} mods - versions {1.7.1}
[19Aug2026 16:50:29.318] [main/DEBUG] [net.minecraftforge.fml.loading.moddiscovery.ModFile/LOADING]: Loading mod file  with languages [LanguageSpec[languageName=javafml, acceptedVersions=[46,48)]]
[19Aug2026 16:50:29.318] [main/DEBUG] [net.minecraftforge.fml.loading.moddiscovery.ModFileParser/LOADING]: Considering mod file candidate 
[19Aug2026 16:50:29.318] [main/DEBUG] [net.minecraftforge.fml.loading.moddiscovery.ModFileInfo/LOADING]: Found valid mod file TRender-1.0.15-1.20.1-forge-SNAPSHOT.jar with {trender} mods - versions {1.0.15}
[19Aug2026 16:50:29.318] [main/DEBUG] [net.minecraftforge.fml.loading.moddiscovery.ModFile/LOADING]: Loading mod file  with languages [LanguageSpec[languageName=javafml, acceptedVersions=[28,)]]
[19Aug2026 16:50:29.318] [main/DEBUG] [net.minecraftforge.fml.loading.moddiscovery.ModFileParser/LOADING]: Considering mod file candidate /workspaces/proyecto67/servidor_minecraft/mods/stalwart-dungeons-1.20.1-1.2.8.jar
[19Aug2026 16:50:29.319] [main/DEBUG] [net.minecraftforge.fml.loading.moddiscovery.ModFileInfo/LOADING]: Found valid mod file stalwart-dungeons-1.20.1-1.2.8.jar with {stalwart_dungeons} mods - versions {1.2.8}
[19Aug2026 16:50:29.319] [main/DEBUG] [net.minecraftforge.fml.loading.moddiscovery.ModFile/LOADING]: Loading mod file /workspaces/proyecto67/servidor_minecraft/mods/stalwart-dungeons-1.20.1-1.2.8.jar with languages [LanguageSpec[languageName=javafml, acceptedVersions=[47,)]]
[19Aug2026 16:50:29.319] [main/DEBUG] [net.minecraftforge.fml.loading.moddiscovery.ModFileParser/LOADING]: Considering mod file candidate /workspaces/proyecto67/servidor_minecraft/mods/sophisticatedcore-1.20.1-1.3.74.2216.jar
[19Aug2026 16:50:29.320] [main/DEBUG] [net.minecraftforge.fml.loading.moddiscovery.ModFileInfo/LOADING]: Found valid mod file sophisticatedcore-1.20.1-1.3.74.2216.jar with {sophisticatedcore} mods - versions {1.3.74.2216}
[19Aug2026 16:50:29.320] [main/DEBUG] [net.minecraftforge.fml.loading.moddiscovery.ModFile/LOADING]: Loading mod file /workspaces/proyecto67/servidor_minecraft/mods/sophisticatedcore-1.20.1-1.3.74.2216.jar with languages [LanguageSpec[languageName=javafml, acceptedVersions=[47,)]]
[19Aug2026 16:50:29.320] [main/DEBUG] [net.minecraftforge.fml.loading.moddiscovery.ModFileParser/LOADING]: Considering mod file candidate /workspaces/proyecto67/servidor_minecraft/mods/ntgl-1.20.1-3.1.2.jar
[19Aug2026 16:50:29.320] [main/DEBUG] [net.minecraftforge.fml.loading.moddiscovery.ModFileInfo/LOADING]: Found valid mod file ntgl-1.20.1-3.1.2.jar with {ntgl} mods - versions {3.1.2}
[19Aug2026 16:50:29.321] [main/DEBUG] [net.minecraftforge.fml.loading.moddiscovery.ModFile/LOADING]: Loading mod file /workspaces/proyecto67/servidor_minecraft/mods/ntgl-1.20.1-3.1.2.jar with languages [LanguageSpec[languageName=javafml, acceptedVersions=[40,)]]
[19Aug2026 16:50:29.321] [main/DEBUG] [net.minecraftforge.fml.loading.moddiscovery.ModFileParser/LOADING]: Considering mod file candidate /workspaces/proyecto67/servidor_minecraft/mods/sound-physics-remastered-forge-1.20.1-1.5.1.jar
[19Aug2026 16:50:29.321] [main/DEBUG] [net.minecraftforge.fml.loading.moddiscovery.ModFileInfo/LOADING]: Found valid mod file sound-physics-remastered-forge-1.20.1-1.5.1.jar with {sound_physics_remastered} mods - versions {1.20.1-1.5.1}
[19Aug2026 16:50:29.321] [main/DEBUG] [net.minecraftforge.fml.loading.moddiscovery.ModFile/LOADING]: Loading mod file /workspaces/proyecto67/servidor_minecraft/mods/sound-physics-remastered-forge-1.20.1-1.5.1.jar with languages [LanguageSpec[languageName=javafml, acceptedVersions=*]]
[19Aug2026 16:50:29.321] [main/DEBUG] [net.minecraftforge.fml.loading.moddiscovery.ModFileParser/LOADING]: Considering mod file candidate /workspaces/proyecto67/servidor_minecraft/mods/structureessentials-1.20.1-5.0.jar
[19Aug2026 16:50:29.322] [main/DEBUG] [net.minecraftforge.fml.loading.moddiscovery.ModFileInfo/LOADING]: Found valid mod file structureessentials-1.20.1-5.0.jar with {structureessentials} mods - versions {1.20.1-5.0}
[19Aug2026 16:50:29.322] [main/DEBUG] [net.minecraftforge.fml.loading.moddiscovery.ModFile/LOADING]: Loading mod file /workspaces/proyecto67/servidor_minecraft/mods/structureessentials-1.20.1-5.0.jar with languages [LanguageSpec[languageName=javafml, acceptedVersions=[36,)]]
[19Aug2026 16:50:29.322] [main/DEBUG] [net.minecraftforge.fml.loading.moddiscovery.ModFileParser/LOADING]: Considering mod file candidate /workspaces/proyecto67/servidor_minecraft/mods/waystones-forge-1.20.1-14.1.20.jar
[19Aug2026 16:50:29.322] [main/DEBUG] [net.minecraftforge.fml.loading.moddiscovery.ModFileInfo/LOADING]: Found valid mod file waystones-forge-1.20.1-14.1.20.jar with {waystones} mods - versions {14.1.20}
[19Aug2026 16:50:29.323] [main/DEBUG] [net.minecraftforge.fml.loading.moddiscovery.ModFile/LOADING]: Loading mod file /workspaces/proyecto67/servidor_minecraft/mods/waystones-forge-1.20.1-14.1.20.jar with languages [LanguageSpec[languageName=javafml, acceptedVersions=[46,)]]
[19Aug2026 16:50:29.323] [main/DEBUG] [net.minecraftforge.fml.loading.moddiscovery.ModFileParser/LOADING]: Considering mod file candidate /workspaces/proyecto67/servidor_minecraft/mods/Clumps-forge-1.20.1-12.0.0.4.jar
[19Aug2026 16:50:29.323] [main/DEBUG] [net.minecraftforge.fml.loading.moddiscovery.ModFileInfo/LOADING]: Found valid mod file Clumps-forge-1.20.1-12.0.0.4.jar with {clumps} mods - versions {12.0.0.4}
[19Aug2026 16:50:29.323] [main/DEBUG] [net.minecraftforge.fml.loading.moddiscovery.ModFile/LOADING]: Loading mod file /workspaces/proyecto67/servidor_minecraft/mods/Clumps-forge-1.20.1-12.0.0.4.jar with languages [LanguageSpec[languageName=javafml, acceptedVersions=[41,)]]
[19Aug2026 16:50:29.323] [main/DEBUG] [net.minecraftforge.fml.loading.moddiscovery.ModFileParser/LOADING]: Considering mod file candidate /workspaces/proyecto67/servidor_minecraft/mods/xaeroworldmap-forge-1.20.1-1.44.2.jar
[19Aug2026 16:50:29.324] [main/DEBUG] [net.minecraftforge.fml.loading.moddiscovery.ModFileInfo/LOADING]: Found valid mod file xaeroworldmap-forge-1.20.1-1.44.2.jar with {xaeroworldmap} mods - versions {1.44.2}
[19Aug2026 16:50:29.324] [main/DEBUG] [net.minecraftforge.fml.loading.moddiscovery.ModFile/LOADING]: Loading mod file /workspaces/proyecto67/servidor_minecraft/mods/xaeroworldmap-forge-1.20.1-1.44.2.jar with languages [LanguageSpec[languageName=javafml, acceptedVersions=[46,48)]]
[19Aug2026 16:50:29.327] [main/DEBUG] [net.minecraftforge.fml.loading.moddiscovery.ModFileParser/LOADING]: Found coremod xaeroworldmap_core with Javascript path META-INF/xaeroworldmap_core.js
[19Aug2026 16:50:29.327] [main/DEBUG] [net.minecraftforge.fml.loading.moddiscovery.ModFile/LOADING]: Found coremod META-INF/xaeroworldmap_core.js
[19Aug2026 16:50:29.327] [main/DEBUG] [net.minecraftforge.fml.loading.moddiscovery.ModFileParser/LOADING]: Considering mod file candidate /workspaces/proyecto67/servidor_minecraft/mods/citadel-2.6.3-1.20.1.jar
[19Aug2026 16:50:29.327] [main/DEBUG] [net.minecraftforge.fml.loading.moddiscovery.ModFileInfo/LOADING]: Found valid mod file citadel-2.6.3-1.20.1.jar with {citadel} mods - versions {2.6.3}
[19Aug2026 16:50:29.328] [main/DEBUG] [net.minecraftforge.fml.loading.moddiscovery.ModFile/LOADING]: Loading mod file /workspaces/proyecto67/servidor_minecraft/mods/citadel-2.6.3-1.20.1.jar with languages [LanguageSpec[languageName=javafml, acceptedVersions=[47,)]]
[19Aug2026 16:50:29.328] [main/DEBUG] [net.minecraftforge.fml.loading.moddiscovery.ModFileParser/LOADING]: Considering mod file candidate /workspaces/proyecto67/servidor_minecraft/mods/modernfix-forge-5.27.66+mc1.20.1.jar
[19Aug2026 16:50:29.328] [main/DEBUG] [net.minecraftforge.fml.loading.moddiscovery.ModFileInfo/LOADING]: Found valid mod file modernfix-forge-5.27.66+mc1.20.1.jar with {modernfix} mods - versions {5.27.66+mc1.20.1}
[19Aug2026 16:50:29.328] [main/DEBUG] [net.minecraftforge.fml.loading.moddiscovery.ModFile/LOADING]: Loading mod file /workspaces/proyecto67/servidor_minecraft/mods/modernfix-forge-5.27.66+mc1.20.1.jar with languages [LanguageSpec[languageName=javafml, acceptedVersions=[46,)]]
[19Aug2026 16:50:29.329] [main/DEBUG] [net.minecraftforge.fml.loading.moddiscovery.ModFileParser/LOADING]: Considering mod file candidate /workspaces/proyecto67/servidor_minecraft/mods/Placebo-1.20.1-8.6.3.jar
[19Aug2026 16:50:29.329] [main/DEBUG] [net.minecraftforge.fml.loading.moddiscovery.ModFileInfo/LOADING]: Found valid mod file Placebo-1.20.1-8.6.3.jar with {placebo} mods - versions {8.6.3}
[19Aug2026 16:50:29.329] [main/DEBUG] [net.minecraftforge.fml.loading.moddiscovery.ModFile/LOADING]: Loading mod file /workspaces/proyecto67/servidor_minecraft/mods/Placebo-1.20.1-8.6.3.jar with languages [LanguageSpec[languageName=javafml, acceptedVersions=[32,)]]
[19Aug2026 16:50:29.330] [main/DEBUG] [net.minecraftforge.fml.loading.moddiscovery.ModFileParser/LOADING]: Found coremod placebo_get_ench_level_event with Javascript path coremods/get_ench_level_event.js
[19Aug2026 16:50:29.330] [main/DEBUG] [net.minecraftforge.fml.loading.moddiscovery.ModFileParser/LOADING]: Found coremod placebo_get_ench_level_event_specific with Javascript path coremods/get_ench_level_event_specific.js
[19Aug2026 16:50:29.330] [main/DEBUG] [net.minecraftforge.fml.loading.moddiscovery.ModFile/LOADING]: Found coremod coremods/get_ench_level_event.js
[19Aug2026 16:50:29.330] [main/DEBUG] [net.minecraftforge.fml.loading.moddiscovery.ModFile/LOADING]: Found coremod coremods/get_ench_level_event_specific.js
[19Aug2026 16:50:29.330] [main/DEBUG] [net.minecraftforge.fml.loading.moddiscovery.ModFileParser/LOADING]: Considering mod file candidate /workspaces/proyecto67/servidor_minecraft/mods/artifacts-forge-9.5.19.jar
[19Aug2026 16:50:29.330] [main/DEBUG] [net.minecraftforge.fml.loading.moddiscovery.ModFileInfo/LOADING]: Found valid mod file artifacts-forge-9.5.19.jar with {artifacts} mods - versions {9.5.19}
[19Aug2026 16:50:29.331] [main/DEBUG] [net.minecraftforge.fml.loading.moddiscovery.ModFile/LOADING]: Loading mod file /workspaces/proyecto67/servidor_minecraft/mods/artifacts-forge-9.5.19.jar with languages [LanguageSpec[languageName=javafml, acceptedVersions=[47,)]]
[19Aug2026 16:50:29.331] [main/DEBUG] [net.minecraftforge.fml.loading.moddiscovery.ModFileParser/LOADING]: Considering mod file candidate /workspaces/proyecto67/servidor_minecraft/mods/NaturesCompass-1.20.1-1.12.0-forge.jar
[19Aug2026 16:50:29.331] [main/DEBUG] [net.minecraftforge.fml.loading.moddiscovery.ModFileInfo/LOADING]: Found valid mod file NaturesCompass-1.20.1-1.12.0-forge.jar with {naturescompass} mods - versions {1.20.1-1.12.0-forge}
[19Aug2026 16:50:29.331] [main/DEBUG] [net.minecraftforge.fml.loading.moddiscovery.ModFile/LOADING]: Loading mod file /workspaces/proyecto67/servidor_minecraft/mods/NaturesCompass-1.20.1-1.12.0-forge.jar with languages [LanguageSpec[languageName=javafml, acceptedVersions=[47,)]]
[19Aug2026 16:50:29.332] [main/DEBUG] [net.minecraftforge.fml.loading.moddiscovery.ModFileParser/LOADING]: Considering mod file candidate /workspaces/proyecto67/servidor_minecraft/mods/endergetic-1.20.1-5.0.1.jar
[19Aug2026 16:50:29.332] [main/DEBUG] [net.minecraftforge.fml.loading.moddiscovery.ModFileInfo/LOADING]: Found valid mod file endergetic-1.20.1-5.0.1.jar with {endergetic} mods - versions {5.0.1}
[19Aug2026 16:50:29.332] [main/DEBUG] [net.minecraftforge.fml.loading.moddiscovery.ModFile/LOADING]: Loading mod file /workspaces/proyecto67/servidor_minecraft/mods/endergetic-1.20.1-5.0.1.jar with languages [LanguageSpec[languageName=javafml, acceptedVersions=[32,)]]
[19Aug2026 16:50:29.332] [main/DEBUG] [net.minecraftforge.fml.loading.moddiscovery.ModFileParser/LOADING]: Considering mod file candidate /workspaces/proyecto67/servidor_minecraft/mods/sophisticatedbackpacks-1.20.1-3.24.62.2017.jar
[19Aug2026 16:50:29.333] [main/DEBUG] [net.minecraftforge.fml.loading.moddiscovery.ModFileInfo/LOADING]: Found valid mod file sophisticatedbackpacks-1.20.1-3.24.62.2017.jar with {sophisticatedbackpacks} mods - versions {3.24.62.2017}
[19Aug2026 16:50:29.333] [main/DEBUG] [net.minecraftforge.fml.loading.moddiscovery.ModFile/LOADING]: Loading mod file /workspaces/proyecto67/servidor_minecraft/mods/sophisticatedbackpacks-1.20.1-3.24.62.2017.jar with languages [LanguageSpec[languageName=javafml, acceptedVersions=[47,)]]
[19Aug2026 16:50:29.333] [main/DEBUG] [net.minecraftforge.fml.loading.moddiscovery.ModFileParser/LOADING]: Considering mod file candidate /workspaces/proyecto67/servidor_minecraft/mods/bygonenether-1.3.2-1.20.x.jar
[19Aug2026 16:50:29.333] [main/DEBUG] [net.minecraftforge.fml.loading.moddiscovery.ModFileInfo/LOADING]: Found valid mod file bygonenether-1.3.2-1.20.x.jar with {bygonenether} mods - versions {1.3.2}
[19Aug2026 16:50:29.334] [main/DEBUG] [net.minecraftforge.fml.loading.moddiscovery.ModFile/LOADING]: Loading mod file /workspaces/proyecto67/servidor_minecraft/mods/bygonenether-1.3.2-1.20.x.jar with languages [LanguageSpec[languageName=javafml, acceptedVersions=[46,)]]
[19Aug2026 16:50:29.334] [main/DEBUG] [net.minecraftforge.fml.loading.moddiscovery.ModFileParser/LOADING]: Considering mod file candidate /workspaces/proyecto67/servidor_minecraft/mods/iceandfire-2.1.13-1.20.1-beta-5.jar
[19Aug2026 16:50:29.334] [main/DEBUG] [net.minecraftforge.fml.loading.moddiscovery.ModFileInfo/LOADING]: Found valid mod file iceandfire-2.1.13-1.20.1-beta-5.jar with {iceandfire} mods - versions {2.1.13-1.20.1}
[19Aug2026 16:50:29.334] [main/DEBUG] [net.minecraftforge.fml.loading.moddiscovery.ModFile/LOADING]: Loading mod file /workspaces/proyecto67/servidor_minecraft/mods/iceandfire-2.1.13-1.20.1-beta-5.jar with languages [LanguageSpec[languageName=javafml, acceptedVersions=[37.0,)]]
[19Aug2026 16:50:29.334] [main/DEBUG] [net.minecraftforge.fml.loading.moddiscovery.ModFileParser/LOADING]: Considering mod file candidate /workspaces/proyecto67/servidor_minecraft/mods/balm-forge-1.20.1-7.3.42.jar
[19Aug2026 16:50:29.335] [main/DEBUG] [net.minecraftforge.fml.loading.moddiscovery.ModFileInfo/LOADING]: Found valid mod file balm-forge-1.20.1-7.3.42.jar with {balm} mods - versions {7.3.42}
[19Aug2026 16:50:29.335] [main/DEBUG] [net.minecraftforge.fml.loading.moddiscovery.ModFile/LOADING]: Loading mod file /workspaces/proyecto67/servidor_minecraft/mods/balm-forge-1.20.1-7.3.42.jar with languages [LanguageSpec[languageName=javafml, acceptedVersions=[46,)]]
[19Aug2026 16:50:29.335] [main/DEBUG] [net.minecraftforge.fml.loading.moddiscovery.ModFileParser/LOADING]: Considering mod file candidate /workspaces/proyecto67/servidor_minecraft/mods/blueprint-1.20.1-7.1.4.jar
[19Aug2026 16:50:29.335] [main/DEBUG] [net.minecraftforge.fml.loading.moddiscovery.ModFileInfo/LOADING]: Found valid mod file blueprint-1.20.1-7.1.4.jar with {blueprint} mods - versions {7.1.3}
[19Aug2026 16:50:29.335] [main/DEBUG] [net.minecraftforge.fml.loading.moddiscovery.ModFile/LOADING]: Loading mod file /workspaces/proyecto67/servidor_minecraft/mods/blueprint-1.20.1-7.1.4.jar with languages [LanguageSpec[languageName=javafml, acceptedVersions=[32,)]]
[19Aug2026 16:50:29.336] [main/DEBUG] [net.minecraftforge.fml.loading.moddiscovery.ModFileParser/LOADING]: Considering mod file candidate /workspaces/proyecto67/servidor_minecraft/mods/carryon-forge-1.20.1-2.1.2.7.jar
[19Aug2026 16:50:29.336] [main/DEBUG] [net.minecraftforge.fml.loading.moddiscovery.ModFileInfo/LOADING]: Found valid mod file carryon-forge-1.20.1-2.1.2.7.jar with {carryon} mods - versions {2.1.2.7}
[19Aug2026 16:50:29.336] [main/DEBUG] [net.minecraftforge.fml.loading.moddiscovery.ModFile/LOADING]: Loading mod file /workspaces/proyecto67/servidor_minecraft/mods/carryon-forge-1.20.1-2.1.2.7.jar with languages [LanguageSpec[languageName=javafml, acceptedVersions=[46,)]]
[19Aug2026 16:50:29.336] [main/DEBUG] [net.minecraftforge.fml.loading.moddiscovery.ModFileParser/LOADING]: Considering mod file candidate 
[19Aug2026 16:50:29.337] [main/DEBUG] [net.minecraftforge.fml.loading.moddiscovery.ModFileInfo/LOADING]: Found valid mod file puzzlesaccessapi-forge-20.1.1.jar with {puzzlesaccessapi} mods - versions {20.1.1}
[19Aug2026 16:50:29.337] [main/DEBUG] [net.minecraftforge.fml.loading.moddiscovery.ModFile/LOADING]: Loading mod file  with languages [LanguageSpec[languageName=javafml, acceptedVersions=*]]
[19Aug2026 16:50:29.337] [main/DEBUG] [net.minecraftforge.fml.loading.moddiscovery.ModFileParser/LOADING]: Considering mod file candidate /workspaces/proyecto67/servidor_minecraft/mods/cloth-config-11.1.136-forge.jar
[19Aug2026 16:50:29.337] [main/DEBUG] [net.minecraftforge.fml.loading.moddiscovery.ModFileInfo/LOADING]: Found valid mod file cloth-config-11.1.136-forge.jar with {cloth_config} mods - versions {11.1.136}
[19Aug2026 16:50:29.337] [main/DEBUG] [net.minecraftforge.fml.loading.moddiscovery.ModFile/LOADING]: Loading mod file /workspaces/proyecto67/servidor_minecraft/mods/cloth-config-11.1.136-forge.jar with languages [LanguageSpec[languageName=javafml, acceptedVersions=[34,)]]
[19Aug2026 16:50:29.338] [main/DEBUG] [net.minecraftforge.fml.loading.moddiscovery.ModFileParser/LOADING]: Considering mod file candidate /workspaces/proyecto67/servidor_minecraft/libraries/net/minecraftforge/forge/1.20.1-47.3.7/forge-1.20.1-47.3.7-universal.jar
[19Aug2026 16:50:29.338] [main/DEBUG] [net.minecraftforge.fml.loading.moddiscovery.ModFileInfo/LOADING]: Found valid mod file forge-1.20.1-47.3.7-universal.jar with {forge} mods - versions {47.3.7}
[19Aug2026 16:50:29.338] [main/DEBUG] [net.minecraftforge.fml.loading.moddiscovery.ModFile/LOADING]: Loading mod file /workspaces/proyecto67/servidor_minecraft/libraries/net/minecraftforge/forge/1.20.1-47.3.7/forge-1.20.1-47.3.7-universal.jar with languages [LanguageSpec[languageName=javafml, acceptedVersions=[24,]]]
[19Aug2026 16:50:29.339] [main/DEBUG] [net.minecraftforge.fml.loading.moddiscovery.ModFileParser/LOADING]: Found coremod field_to_method with Javascript path coremods/field_to_method.js
[19Aug2026 16:50:29.339] [main/DEBUG] [net.minecraftforge.fml.loading.moddiscovery.ModFileParser/LOADING]: Found coremod field_to_instanceof with Javascript path coremods/field_to_instanceof.js
[19Aug2026 16:50:29.339] [main/DEBUG] [net.minecraftforge.fml.loading.moddiscovery.ModFileParser/LOADING]: Found coremod add_bouncer_method with Javascript path coremods/add_bouncer_method.js
[19Aug2026 16:50:29.339] [main/DEBUG] [net.minecraftforge.fml.loading.moddiscovery.ModFileParser/LOADING]: Found coremod method_redirector with Javascript path coremods/method_redirector.js
[19Aug2026 16:50:29.339] [main/DEBUG] [net.minecraftforge.fml.loading.moddiscovery.ModFile/LOADING]: Found coremod coremods/field_to_method.js
[19Aug2026 16:50:29.339] [main/DEBUG] [net.minecraftforge.fml.loading.moddiscovery.ModFile/LOADING]: Found coremod coremods/field_to_instanceof.js
[19Aug2026 16:50:29.339] [main/DEBUG] [net.minecraftforge.fml.loading.moddiscovery.ModFile/LOADING]: Found coremod coremods/add_bouncer_method.js
[19Aug2026 16:50:29.339] [main/DEBUG] [net.minecraftforge.fml.loading.moddiscovery.ModFile/LOADING]: Found coremod coremods/method_redirector.js
[19Aug2026 16:50:29.339] [main/DEBUG] [net.minecraftforge.fml.loading.moddiscovery.ModFileParser/LOADING]: Considering mod file candidate /workspaces/proyecto67/servidor_minecraft/mods/ironchest-1.20.1-14.4.4.jar
[19Aug2026 16:50:29.340] [main/DEBUG] [net.minecraftforge.fml.loading.moddiscovery.ModFileInfo/LOADING]: Found valid mod file ironchest-1.20.1-14.4.4.jar with {ironchest} mods - versions {1.20.1-14.4.4}
[19Aug2026 16:50:29.340] [main/DEBUG] [net.minecraftforge.fml.loading.moddiscovery.ModFile/LOADING]: Loading mod file /workspaces/proyecto67/servidor_minecraft/mods/ironchest-1.20.1-14.4.4.jar with languages [LanguageSpec[languageName=javafml, acceptedVersions=[47,)]]
[19Aug2026 16:50:29.340] [main/DEBUG] [net.minecraftforge.fml.loading.moddiscovery.ModFileInfo/LOADING]: Found valid mod file server-1.20.1-20230612.114412-srg.jar with {minecraft} mods - versions {1.20.1}
[19Aug2026 16:50:29.340] [main/DEBUG] [net.minecraftforge.fml.loading.moddiscovery.ModFile/LOADING]: Loading mod file /workspaces/proyecto67/servidor_minecraft/libraries/net/minecraft/server/1.20.1-20230612.114412/server-1.20.1-20230612.114412-srg.jar with languages [LanguageSpec[languageName=minecraft, acceptedVersions=1]]
[19Aug2026 16:50:29.341] [main/DEBUG] [net.minecraftforge.fml.loading.moddiscovery.ModFileParser/LOADING]: Considering mod file candidate /workspaces/proyecto67/servidor_minecraft/mods/alexscaves-2.0.2.jar
[19Aug2026 16:50:29.341] [main/DEBUG] [net.minecraftforge.fml.loading.moddiscovery.ModFileInfo/LOADING]: Found valid mod file alexscaves-2.0.2.jar with {alexscaves} mods - versions {2.0.2}
[19Aug2026 16:50:29.341] [main/DEBUG] [net.minecraftforge.fml.loading.moddiscovery.ModFile/LOADING]: Loading mod file /workspaces/proyecto67/servidor_minecraft/mods/alexscaves-2.0.2.jar with languages [LanguageSpec[languageName=javafml, acceptedVersions=[46,)]]
[19Aug2026 16:50:29.341] [main/DEBUG] [net.minecraftforge.fml.loading.moddiscovery.ModFileParser/LOADING]: Considering mod file candidate /workspaces/proyecto67/servidor_minecraft/mods/LittleFrames_FORGE_v1.4.3_mc1.20.1.jar
[19Aug2026 16:50:29.342] [main/DEBUG] [net.minecraftforge.fml.loading.moddiscovery.ModFileInfo/LOADING]: Found valid mod file LittleFrames_FORGE_v1.4.3_mc1.20.1.jar with {littleframes} mods - versions {1.4.3}
[19Aug2026 16:50:29.342] [main/DEBUG] [net.minecraftforge.fml.loading.moddiscovery.ModFile/LOADING]: Loading mod file /workspaces/proyecto67/servidor_minecraft/mods/LittleFrames_FORGE_v1.4.3_mc1.20.1.jar with languages [LanguageSpec[languageName=javafml, acceptedVersions=[46,)]]
[19Aug2026 16:50:29.342] [main/DEBUG] [net.minecraftforge.fml.loading.moddiscovery.ModFileParser/LOADING]: Considering mod file candidate /workspaces/proyecto67/servidor_minecraft/mods/moonlight-1.20-2.16.34-forge.jar
[19Aug2026 16:50:29.342] [main/DEBUG] [net.minecraftforge.fml.loading.moddiscovery.ModFileInfo/LOADING]: Found valid mod file moonlight-1.20-2.16.34-forge.jar with {moonlight} mods - versions {1.20-2.16.34}
[19Aug2026 16:50:29.342] [main/DEBUG] [net.minecraftforge.fml.loading.moddiscovery.ModFile/LOADING]: Loading mod file /workspaces/proyecto67/servidor_minecraft/mods/moonlight-1.20-2.16.34-forge.jar with languages [LanguageSpec[languageName=javafml, acceptedVersions=[40,)]]
[19Aug2026 16:50:29.343] [main/DEBUG] [net.minecraftforge.fml.loading.moddiscovery.ModFileParser/LOADING]: Considering mod file candidate /workspaces/proyecto67/servidor_minecraft/mods/TerraBlender-forge-1.20.1-3.0.1.10.jar
[19Aug2026 16:50:29.343] [main/DEBUG] [net.minecraftforge.fml.loading.moddiscovery.ModFileInfo/LOADING]: Found valid mod file TerraBlender-forge-1.20.1-3.0.1.10.jar with {terrablender} mods - versions {3.0.1.10}
[19Aug2026 16:50:29.343] [main/DEBUG] [net.minecraftforge.fml.loading.moddiscovery.ModFile/LOADING]: Loading mod file /workspaces/proyecto67/servidor_minecraft/mods/TerraBlender-forge-1.20.1-3.0.1.10.jar with languages [LanguageSpec[languageName=javafml, acceptedVersions=[47,)]]
[19Aug2026 16:50:29.343] [main/DEBUG] [net.minecraftforge.fml.loading.moddiscovery.ModFileParser/LOADING]: Considering mod file candidate /workspaces/proyecto67/servidor_minecraft/mods/BiomesOPlenty-1.20.1-18.0.0.592.jar
[19Aug2026 16:50:29.344] [main/DEBUG] [net.minecraftforge.fml.loading.moddiscovery.ModFileInfo/LOADING]: Found valid mod file BiomesOPlenty-1.20.1-18.0.0.592.jar with {biomesoplenty} mods - versions {18.0.0.592}
[19Aug2026 16:50:29.344] [main/DEBUG] [net.minecraftforge.fml.loading.moddiscovery.ModFile/LOADING]: Loading mod file /workspaces/proyecto67/servidor_minecraft/mods/BiomesOPlenty-1.20.1-18.0.0.592.jar with languages [LanguageSpec[languageName=javafml, acceptedVersions=[45,)]]
[19Aug2026 16:50:29.344] [main/DEBUG] [net.minecraftforge.fml.loading.moddiscovery.ModFileParser/LOADING]: Considering mod file candidate /workspaces/proyecto67/servidor_minecraft/mods/endrem_forge-5.3.3-R-1.20.1.jar
[19Aug2026 16:50:29.344] [main/DEBUG] [net.minecraftforge.fml.loading.moddiscovery.ModFileInfo/LOADING]: Found valid mod file endrem_forge-5.3.3-R-1.20.1.jar with {endrem} mods - versions {5.3.3-R-1.20.1}
[19Aug2026 16:50:29.344] [main/DEBUG] [net.minecraftforge.fml.loading.moddiscovery.ModFile/LOADING]: Loading mod file /workspaces/proyecto67/servidor_minecraft/mods/endrem_forge-5.3.3-R-1.20.1.jar with languages [LanguageSpec[languageName=javafml, acceptedVersions=[46,)]]
[19Aug2026 16:50:29.344] [main/DEBUG] [net.minecraftforge.fml.loading.moddiscovery.ModFileParser/LOADING]: Considering mod file candidate /workspaces/proyecto67/servidor_minecraft/mods/Jade-1.20.1-Forge-11.13.3.jar
[19Aug2026 16:50:29.345] [main/DEBUG] [net.minecraftforge.fml.loading.moddiscovery.ModFileInfo/LOADING]: Found valid mod file Jade-1.20.1-Forge-11.13.3.jar with {jade} mods - versions {11.13.3+forge}
[19Aug2026 16:50:29.345] [main/DEBUG] [net.minecraftforge.fml.loading.moddiscovery.ModFile/LOADING]: Loading mod file /workspaces/proyecto67/servidor_minecraft/mods/Jade-1.20.1-Forge-11.13.3.jar with languages [LanguageSpec[languageName=javafml, acceptedVersions=[46,)]]
[19Aug2026 16:50:29.345] [main/DEBUG] [net.minecraftforge.fml.loading.moddiscovery.ModFileParser/LOADING]: Considering mod file candidate /workspaces/proyecto67/servidor_minecraft/mods/Chunky-1.3.146.jar
[19Aug2026 16:50:29.345] [main/DEBUG] [net.minecraftforge.fml.loading.moddiscovery.ModFileInfo/LOADING]: Found valid mod file Chunky-1.3.146.jar with {chunky} mods - versions {1.3.146}
[19Aug2026 16:50:29.345] [main/DEBUG] [net.minecraftforge.fml.loading.moddiscovery.ModFile/LOADING]: Loading mod file /workspaces/proyecto67/servidor_minecraft/mods/Chunky-1.3.146.jar with languages [LanguageSpec[languageName=javafml, acceptedVersions=[38,)]]
[19Aug2026 16:50:29.346] [main/DEBUG] [net.minecraftforge.fml.loading.moddiscovery.ModFileParser/LOADING]: Considering mod file candidate /workspaces/proyecto67/servidor_minecraft/mods/CreativeCore_FORGE_v2.12.39_mc1.20.1.jar
[19Aug2026 16:50:29.346] [main/DEBUG] [net.minecraftforge.fml.loading.moddiscovery.ModFileInfo/LOADING]: Found valid mod file CreativeCore_FORGE_v2.12.39_mc1.20.1.jar with {creativecore} mods - versions {2.12.39}
[19Aug2026 16:50:29.346] [main/DEBUG] [net.minecraftforge.fml.loading.moddiscovery.ModFile/LOADING]: Loading mod file /workspaces/proyecto67/servidor_minecraft/mods/CreativeCore_FORGE_v2.12.39_mc1.20.1.jar with languages [LanguageSpec[languageName=javafml, acceptedVersions=[46,)]]
[19Aug2026 16:50:29.346] [main/DEBUG] [net.minecraftforge.fml.loading.moddiscovery.ModFileParser/LOADING]: Considering mod file candidate 
[19Aug2026 16:50:29.347] [main/DEBUG] [net.minecraftforge.fml.loading.moddiscovery.ModFileInfo/LOADING]: Found valid mod file spectrelib-forge-0.13.17+1.20.1.jar with {spectrelib} mods - versions {0.13.17+1.20.1}
[19Aug2026 16:50:29.347] [main/DEBUG] [net.minecraftforge.fml.loading.moddiscovery.ModFile/LOADING]: Loading mod file  with languages [LanguageSpec[languageName=javafml, acceptedVersions=[41,)]]
[19Aug2026 16:50:29.347] [main/DEBUG] [net.minecraftforge.fml.loading.moddiscovery.ModFileParser/LOADING]: Considering mod file candidate /workspaces/proyecto67/servidor_minecraft/mods/supermartijn642corelib-1.1.22-forge-mc1.20.1.jar
[19Aug2026 16:50:29.347] [main/DEBUG] [net.minecraftforge.fml.loading.moddiscovery.ModFileInfo/LOADING]: Found valid mod file supermartijn642corelib-1.1.22-forge-mc1.20.1.jar with {supermartijn642corelib} mods - versions {1.1.22}
[19Aug2026 16:50:29.347] [main/DEBUG] [net.minecraftforge.fml.loading.moddiscovery.ModFile/LOADING]: Loading mod file /workspaces/proyecto67/servidor_minecraft/mods/supermartijn642corelib-1.1.22-forge-mc1.20.1.jar with languages [LanguageSpec[languageName=javafml, acceptedVersions=[46,)]]
[19Aug2026 16:50:29.347] [main/DEBUG] [net.minecraftforge.fml.loading.moddiscovery.ModFileParser/LOADING]: Considering mod file candidate /workspaces/proyecto67/servidor_minecraft/mods/lionfishapi-3.0.jar
[19Aug2026 16:50:29.348] [main/DEBUG] [net.minecraftforge.fml.loading.moddiscovery.ModFileInfo/LOADING]: Found valid mod file lionfishapi-3.0.jar with {lionfishapi} mods - versions {3.0}
[19Aug2026 16:50:29.348] [main/DEBUG] [net.minecraftforge.fml.loading.moddiscovery.ModFile/LOADING]: Loading mod file /workspaces/proyecto67/servidor_minecraft/mods/lionfishapi-3.0.jar with languages [LanguageSpec[languageName=javafml, acceptedVersions=[47,)]]
[19Aug2026 16:50:29.348] [main/DEBUG] [net.minecraftforge.fml.loading.moddiscovery.ModFileParser/LOADING]: Considering mod file candidate 
[19Aug2026 16:50:29.348] [main/DEBUG] [net.minecraftforge.fml.loading.moddiscovery.ModFileInfo/LOADING]: Found valid mod file kffmod-4.12.0.jar with {kotlinforforge} mods - versions {4.12.0}
[19Aug2026 16:50:29.348] [main/DEBUG] [net.minecraftforge.fml.loading.moddiscovery.ModFile/LOADING]: Loading mod file  with languages [LanguageSpec[languageName=kotlinforforge, acceptedVersions=[4,)]]
[19Aug2026 16:50:29.349] [main/DEBUG] [net.minecraftforge.fml.loading.moddiscovery.ModFileParser/LOADING]: Considering mod file candidate /workspaces/proyecto67/servidor_minecraft/mods/curios-forge-5.14.1+1.20.1.jar
[19Aug2026 16:50:29.349] [main/DEBUG] [net.minecraftforge.fml.loading.moddiscovery.ModFileInfo/LOADING]: Found valid mod file curios-forge-5.14.1+1.20.1.jar with {curios} mods - versions {5.14.1+1.20.1}
[19Aug2026 16:50:29.349] [main/DEBUG] [net.minecraftforge.fml.loading.moddiscovery.ModFile/LOADING]: Loading mod file /workspaces/proyecto67/servidor_minecraft/mods/curios-forge-5.14.1+1.20.1.jar with languages [LanguageSpec[languageName=javafml, acceptedVersions=[41,)]]
[19Aug2026 16:50:29.349] [main/DEBUG] [net.minecraftforge.fml.loading.moddiscovery.ModFileParser/LOADING]: Considering mod file candidate /workspaces/proyecto67/servidor_minecraft/mods/L_Enders_Cataclysm-3.31.jar
[19Aug2026 16:50:29.350] [main/DEBUG] [net.minecraftforge.fml.loading.moddiscovery.ModFileInfo/LOADING]: Found valid mod file L_Enders_Cataclysm-3.31.jar with {cataclysm} mods - versions {3.31}
[19Aug2026 16:50:29.350] [main/DEBUG] [net.minecraftforge.fml.loading.moddiscovery.ModFile/LOADING]: Loading mod file /workspaces/proyecto67/servidor_minecraft/mods/L_Enders_Cataclysm-3.31.jar with languages [LanguageSpec[languageName=javafml, acceptedVersions=[47,)]]
[19Aug2026 16:50:29.350] [main/DEBUG] [net.minecraftforge.fml.loading.moddiscovery.ModFileParser/LOADING]: Considering mod file candidate /workspaces/proyecto67/servidor_minecraft/mods/Patchouli-1.20.1-85-FORGE.jar
[19Aug2026 16:50:29.351] [main/DEBUG] [net.minecraftforge.fml.loading.moddiscovery.ModFileInfo/LOADING]: Found valid mod file Patchouli-1.20.1-85-FORGE.jar with {patchouli} mods - versions {1.20.1-85-FORGE}
[19Aug2026 16:50:29.351] [main/DEBUG] [net.minecraftforge.fml.loading.moddiscovery.ModFile/LOADING]: Loading mod file /workspaces/proyecto67/servidor_minecraft/mods/Patchouli-1.20.1-85-FORGE.jar with languages [LanguageSpec[languageName=javafml, acceptedVersions=[47,)]]
[19Aug2026 16:50:29.351] [main/DEBUG] [net.minecraftforge.fml.loading.moddiscovery.ModFileParser/LOADING]: Considering mod file candidate /workspaces/proyecto67/servidor_minecraft/mods/xaerominimap-forge-1.20.1-26.4.2.jar
[19Aug2026 16:50:29.351] [main/DEBUG] [net.minecraftforge.fml.loading.moddiscovery.ModFileInfo/LOADING]: Found valid mod file xaerominimap-forge-1.20.1-26.4.2.jar with {xaerominimap} mods - versions {26.4.2}
[19Aug2026 16:50:29.351] [main/DEBUG] [net.minecraftforge.fml.loading.moddiscovery.ModFile/LOADING]: Loading mod file /workspaces/proyecto67/servidor_minecraft/mods/xaerominimap-forge-1.20.1-26.4.2.jar with languages [LanguageSpec[languageName=javafml, acceptedVersions=[46,48)]]
[19Aug2026 16:50:29.352] [main/DEBUG] [net.minecraftforge.fml.loading.moddiscovery.ModFileParser/LOADING]: Found coremod xaerohud_core with Javascript path META-INF/xaerohud_core.js
[19Aug2026 16:50:29.352] [main/DEBUG] [net.minecraftforge.fml.loading.moddiscovery.ModFile/LOADING]: Found coremod META-INF/xaerohud_core.js
[19Aug2026 16:50:29.352] [main/DEBUG] [net.minecraftforge.fml.loading.moddiscovery.ModFileParser/LOADING]: Considering mod file candidate /workspaces/proyecto67/servidor_minecraft/mods/betterbiomeblend-forge-1.20.1-1.4.0.jar
[19Aug2026 16:50:29.352] [main/DEBUG] [net.minecraftforge.fml.loading.moddiscovery.ModFileInfo/LOADING]: Found valid mod file betterbiomeblend-forge-1.20.1-1.4.0.jar with {betterbiomeblend} mods - versions {1.4.0}
[19Aug2026 16:50:29.353] [main/DEBUG] [net.minecraftforge.fml.loading.moddiscovery.ModFile/LOADING]: Loading mod file /workspaces/proyecto67/servidor_minecraft/mods/betterbiomeblend-forge-1.20.1-1.4.0.jar with languages [LanguageSpec[languageName=javafml, acceptedVersions=[41,)]]
[19Aug2026 16:50:29.353] [main/DEBUG] [net.minecraftforge.fml.loading.moddiscovery.ModFileParser/LOADING]: Considering mod file candidate /workspaces/proyecto67/servidor_minecraft/mods/[1.20.1] SecurityCraft v1.9.8.jar
[19Aug2026 16:50:29.353] [main/DEBUG] [net.minecraftforge.fml.loading.moddiscovery.ModFileInfo/LOADING]: Found valid mod file [1.20.1] SecurityCraft v1.9.8.jar with {securitycraft} mods - versions {1.9.8}
[19Aug2026 16:50:29.353] [main/DEBUG] [net.minecraftforge.fml.loading.moddiscovery.ModFile/LOADING]: Loading mod file /workspaces/proyecto67/servidor_minecraft/mods/[1.20.1] SecurityCraft v1.9.8.jar with languages [LanguageSpec[languageName=javafml, acceptedVersions=[46,)]]
[19Aug2026 16:50:29.353] [main/DEBUG] [net.minecraftforge.fml.loading.moddiscovery.ModFileParser/LOADING]: Considering mod file candidate /workspaces/proyecto67/servidor_minecraft/mods/polymorph-forge-0.49.10+1.20.1.jar
[19Aug2026 16:50:29.354] [main/DEBUG] [net.minecraftforge.fml.loading.moddiscovery.ModFileInfo/LOADING]: Found valid mod file polymorph-forge-0.49.10+1.20.1.jar with {polymorph} mods - versions {0.49.10+1.20.1}
[19Aug2026 16:50:29.354] [main/DEBUG] [net.minecraftforge.fml.loading.moddiscovery.ModFile/LOADING]: Loading mod file /workspaces/proyecto67/servidor_minecraft/mods/polymorph-forge-0.49.10+1.20.1.jar with languages [LanguageSpec[languageName=javafml, acceptedVersions=[41,)]]
[19Aug2026 16:50:29.354] [main/DEBUG] [net.minecraftforge.fml.loading.moddiscovery.ModFileParser/LOADING]: Considering mod file candidate /workspaces/proyecto67/servidor_minecraft/mods/dungeons-and-taverns-3.0.3.f[Forge].jar
[19Aug2026 16:50:29.355] [main/DEBUG] [net.minecraftforge.fml.loading.moddiscovery.ModFileInfo/LOADING]: Found valid mod file dungeons-and-taverns-3.0.3.f[Forge].jar with {mr_dungeons_andtaverns} mods - versions {3.0.3.f}
[19Aug2026 16:50:29.355] [main/DEBUG] [net.minecraftforge.fml.loading.moddiscovery.ModFile/LOADING]: Loading mod file /workspaces/proyecto67/servidor_minecraft/mods/dungeons-and-taverns-3.0.3.f[Forge].jar with languages [LanguageSpec[languageName=lowcodefml, acceptedVersions=[40,)]]
[19Aug2026 16:50:29.355] [main/DEBUG] [net.minecraftforge.fml.loading.moddiscovery.ModFileParser/LOADING]: Considering mod file candidate /workspaces/proyecto67/servidor_minecraft/mods/entityculling-forge-1.10.5-mc1.20.1.jar
[19Aug2026 16:50:29.355] [main/DEBUG] [net.minecraftforge.fml.loading.moddiscovery.ModFileInfo/LOADING]: Found valid mod file entityculling-forge-1.10.5-mc1.20.1.jar with {entityculling} mods - versions {1.10.5}
[19Aug2026 16:50:29.356] [main/DEBUG] [net.minecraftforge.fml.loading.moddiscovery.ModFile/LOADING]: Loading mod file /workspaces/proyecto67/servidor_minecraft/mods/entityculling-forge-1.10.5-mc1.20.1.jar with languages [LanguageSpec[languageName=javafml, acceptedVersions=[28,)]]
[19Aug2026 16:50:29.356] [main/DEBUG] [net.minecraftforge.fml.loading.moddiscovery.ModFileParser/LOADING]: Considering mod file candidate /workspaces/proyecto67/servidor_minecraft/mods/tombstone-1.20.1-9.0.9.jar
[19Aug2026 16:50:29.356] [main/DEBUG] [net.minecraftforge.fml.loading.moddiscovery.ModFileInfo/LOADING]: Found valid mod file tombstone-1.20.1-9.0.9.jar with {tombstone} mods - versions {9.0.9}
[19Aug2026 16:50:29.356] [main/DEBUG] [net.minecraftforge.fml.loading.moddiscovery.ModFile/LOADING]: Loading mod file /workspaces/proyecto67/servidor_minecraft/mods/tombstone-1.20.1-9.0.9.jar with languages [LanguageSpec[languageName=javafml, acceptedVersions=[46,)]]
[19Aug2026 16:50:29.356] [main/DEBUG] [net.minecraftforge.fml.loading.moddiscovery.ModFileParser/LOADING]: Considering mod file candidate /workspaces/proyecto67/servidor_minecraft/mods/coroutil-forge-1.20.1-1.3.7.jar
[19Aug2026 16:50:29.357] [main/DEBUG] [net.minecraftforge.fml.loading.moddiscovery.ModFileInfo/LOADING]: Found valid mod file coroutil-forge-1.20.1-1.3.7.jar with {coroutil} mods - versions {1.20.1-1.3.7}
[19Aug2026 16:50:29.357] [main/DEBUG] [net.minecraftforge.fml.loading.moddiscovery.ModFile/LOADING]: Loading mod file /workspaces/proyecto67/servidor_minecraft/mods/coroutil-forge-1.20.1-1.3.7.jar with languages [LanguageSpec[languageName=javafml, acceptedVersions=[47,)]]
[19Aug2026 16:50:29.357] [main/DEBUG] [net.minecraftforge.fml.loading.moddiscovery.ModFileParser/LOADING]: Considering mod file candidate /workspaces/proyecto67/servidor_minecraft/mods/ImmediatelyFast-Forge-1.5.5+1.20.4.jar
[19Aug2026 16:50:29.357] [main/DEBUG] [net.minecraftforge.fml.loading.moddiscovery.ModFileInfo/LOADING]: Found valid mod file ImmediatelyFast-Forge-1.5.5+1.20.4.jar with {immediatelyfast} mods - versions {1.5.5+1.20.4}
[19Aug2026 16:50:29.357] [main/DEBUG] [net.minecraftforge.fml.loading.moddiscovery.ModFile/LOADING]: Loading mod file /workspaces/proyecto67/servidor_minecraft/mods/ImmediatelyFast-Forge-1.5.5+1.20.4.jar with languages [LanguageSpec[languageName=javafml, acceptedVersions=[46,)]]
[19Aug2026 16:50:29.357] [main/DEBUG] [net.minecraftforge.fml.loading.moddiscovery.ModFileParser/LOADING]: Considering mod file candidate /workspaces/proyecto67/servidor_minecraft/mods/FastFurnace-1.20.1-8.0.2.jar
[19Aug2026 16:50:29.358] [main/DEBUG] [net.minecraftforge.fml.loading.moddiscovery.ModFileInfo/LOADING]: Found valid mod file FastFurnace-1.20.1-8.0.2.jar with {fastfurnace} mods - versions {8.0.2}
[19Aug2026 16:50:29.358] [main/DEBUG] [net.minecraftforge.fml.loading.moddiscovery.ModFile/LOADING]: Loading mod file /workspaces/proyecto67/servidor_minecraft/mods/FastFurnace-1.20.1-8.0.2.jar with languages [LanguageSpec[languageName=javafml, acceptedVersions=[32,)]]
[19Aug2026 16:50:29.358] [main/DEBUG] [net.minecraftforge.fml.loading.moddiscovery.ModFileParser/LOADING]: Considering mod file candidate /workspaces/proyecto67/servidor_minecraft/mods/architectury-9.2.14-forge.jar
[19Aug2026 16:50:29.358] [main/DEBUG] [net.minecraftforge.fml.loading.moddiscovery.ModFileInfo/LOADING]: Found valid mod file architectury-9.2.14-forge.jar with {architectury} mods - versions {9.2.14}
[19Aug2026 16:50:29.359] [main/DEBUG] [net.minecraftforge.fml.loading.moddiscovery.ModFile/LOADING]: Loading mod file /workspaces/proyecto67/servidor_minecraft/mods/architectury-9.2.14-forge.jar with languages [LanguageSpec[languageName=javafml, acceptedVersions=[46,)]]
[19Aug2026 16:50:29.359] [main/DEBUG] [net.minecraftforge.fml.loading.moddiscovery.ModFileParser/LOADING]: Considering mod file candidate /workspaces/proyecto67/servidor_minecraft/mods/ferritecore-6.0.1-forge.jar
[19Aug2026 16:50:29.359] [main/DEBUG] [net.minecraftforge.fml.loading.moddiscovery.ModFileInfo/LOADING]: Found valid mod file ferritecore-6.0.1-forge.jar with {ferritecore} mods - versions {6.0.1}
[19Aug2026 16:50:29.359] [main/DEBUG] [net.minecraftforge.fml.loading.moddiscovery.ModFile/LOADING]: Loading mod file /workspaces/proyecto67/servidor_minecraft/mods/ferritecore-6.0.1-forge.jar with languages [LanguageSpec[languageName=javafml, acceptedVersions=[28,)]]
[19Aug2026 16:50:29.359] [main/DEBUG] [net.minecraftforge.fml.loading.moddiscovery.ModFileParser/LOADING]: Considering mod file candidate /workspaces/proyecto67/servidor_minecraft/mods/cupboard-1.20.1-3.9.jar
[19Aug2026 16:50:29.360] [main/DEBUG] [net.minecraftforge.fml.loading.moddiscovery.ModFileInfo/LOADING]: Found valid mod file cupboard-1.20.1-3.9.jar with {cupboard} mods - versions {1.20.1-3.9}
[19Aug2026 16:50:29.360] [main/DEBUG] [net.minecraftforge.fml.loading.moddiscovery.ModFile/LOADING]: Loading mod file /workspaces/proyecto67/servidor_minecraft/mods/cupboard-1.20.1-3.9.jar with languages [LanguageSpec[languageName=javafml, acceptedVersions=[36,)]]
[19Aug2026 16:50:29.360] [main/DEBUG] [net.minecraftforge.fml.loading.moddiscovery.ModFileParser/LOADING]: Considering mod file candidate 
[19Aug2026 16:50:29.361] [main/DEBUG] [net.minecraftforge.fml.loading.moddiscovery.ModFileInfo/LOADING]: Found valid mod file TRansition-1.0.21-1.20.1-forge-SNAPSHOT.jar with {transition} mods - versions {1.0.21}
[19Aug2026 16:50:29.361] [main/DEBUG] [net.minecraftforge.fml.loading.moddiscovery.ModFile/LOADING]: Loading mod file  with languages [LanguageSpec[languageName=javafml, acceptedVersions=[28,)]]
[19Aug2026 16:50:29.361] [main/DEBUG] [net.minecraftforge.fml.loading.moddiscovery.ModFileParser/LOADING]: Considering mod file candidate /workspaces/proyecto67/servidor_minecraft/mods/refurbished_furniture-forge-1.20.1-1.0.20.jar
[19Aug2026 16:50:29.361] [main/DEBUG] [net.minecraftforge.fml.loading.moddiscovery.ModFileInfo/LOADING]: Found valid mod file refurbished_furniture-forge-1.20.1-1.0.20.jar with {refurbished_furniture} mods - versions {1.0.20}
[19Aug2026 16:50:29.361] [main/DEBUG] [net.minecraftforge.fml.loading.moddiscovery.ModFile/LOADING]: Loading mod file /workspaces/proyecto67/servidor_minecraft/mods/refurbished_furniture-forge-1.20.1-1.0.20.jar with languages [LanguageSpec[languageName=javafml, acceptedVersions=[39,)]]
[19Aug2026 16:50:29.361] [main/DEBUG] [net.minecraftforge.fml.loading.moddiscovery.ModFileParser/LOADING]: Considering mod file candidate /workspaces/proyecto67/servidor_minecraft/mods/PuzzlesLib-v8.1.33-1.20.1-Forge.jar
[19Aug2026 16:50:29.362] [main/DEBUG] [net.minecraftforge.fml.loading.moddiscovery.ModFileInfo/LOADING]: Found valid mod file PuzzlesLib-v8.1.33-1.20.1-Forge.jar with {puzzleslib} mods - versions {8.1.33}
[19Aug2026 16:50:29.362] [main/DEBUG] [net.minecraftforge.fml.loading.moddiscovery.ModFile/LOADING]: Loading mod file /workspaces/proyecto67/servidor_minecraft/mods/PuzzlesLib-v8.1.33-1.20.1-Forge.jar with languages [LanguageSpec[languageName=javafml, acceptedVersions=[47,)]]
[19Aug2026 16:50:29.362] [main/DEBUG] [net.minecraftforge.fml.loading.moddiscovery.ModFileParser/LOADING]: Considering mod file candidate /workspaces/proyecto67/servidor_minecraft/mods/framework-forge-1.20.1-0.8.0.jar
[19Aug2026 16:50:29.362] [main/DEBUG] [net.minecraftforge.fml.loading.moddiscovery.ModFileInfo/LOADING]: Found valid mod file framework-forge-1.20.1-0.8.0.jar with {framework} mods - versions {0.8.0}
[19Aug2026 16:50:29.362] [main/DEBUG] [net.minecraftforge.fml.loading.moddiscovery.ModFile/LOADING]: Loading mod file /workspaces/proyecto67/servidor_minecraft/mods/framework-forge-1.20.1-0.8.0.jar with languages [LanguageSpec[languageName=javafml, acceptedVersions=[39,)]]
[19Aug2026 16:50:29.363] [main/DEBUG] [net.minecraftforge.fml.loading.moddiscovery.ModFileParser/LOADING]: Considering mod file candidate 
[19Aug2026 16:50:29.363] [main/DEBUG] [net.minecraftforge.fml.loading.moddiscovery.ModFileInfo/LOADING]: Found valid mod file expandability-forge-9.0.4.jar with {expandability} mods - versions {9.0.4}
[19Aug2026 16:50:29.363] [main/DEBUG] [net.minecraftforge.fml.loading.moddiscovery.ModFile/LOADING]: Loading mod file  with languages [LanguageSpec[languageName=javafml, acceptedVersions=[46,)]]
[19Aug2026 16:50:29.363] [main/DEBUG] [net.minecraftforge.fml.loading.moddiscovery.ModFile/LOADING]: Loading mod file  with languages []
[19Aug2026 16:50:29.363] [main/DEBUG] [net.minecraftforge.fml.loading.moddiscovery.ModFile/LOADING]: Loading mod file  with languages []
[19Aug2026 16:50:29.363] [main/DEBUG] [net.minecraftforge.fml.loading.moddiscovery.ModFileParser/LOADING]: Considering mod file candidate 
[19Aug2026 16:50:29.364] [main/DEBUG] [net.minecraftforge.fml.loading.moddiscovery.ModFileInfo/LOADING]: Found valid mod file mixinsquared-forge-0.1.1.jar with {mixinsquared} mods - versions {0.1.1}
[19Aug2026 16:50:29.364] [main/DEBUG] [net.minecraftforge.fml.loading.moddiscovery.ModFile/LOADING]: Loading mod file  with languages [LanguageSpec[languageName=javafml, acceptedVersions=*]]
[19Aug2026 16:50:29.364] [main/DEBUG] [net.minecraftforge.fml.loading.moddiscovery.ModFile/LOADING]: Loading mod file  with languages []
[19Aug2026 16:50:29.364] [main/DEBUG] [net.minecraftforge.fml.loading.moddiscovery.ModFile/LOADING]: Loading mod file  with languages []
[19Aug2026 16:50:29.364] [main/DEBUG] [net.minecraftforge.fml.loading.moddiscovery.ModFile/LOADING]: Loading mod file  with languages []
[19Aug2026 16:50:29.364] [main/DEBUG] [net.minecraftforge.fml.loading.moddiscovery.ModFile/LOADING]: Loading mod file  with languages []
[19Aug2026 16:50:29.364] [main/DEBUG] [net.minecraftforge.fml.loading.moddiscovery.ModFile/LOADING]: Loading mod file  with languages []
[19Aug2026 16:50:29.364] [main/DEBUG] [net.minecraftforge.fml.loading.moddiscovery.ModFile/LOADING]: Loading mod file  with languages []
[19Aug2026 16:50:29.365] [main/DEBUG] [net.minecraftforge.fml.loading.moddiscovery.ModFileParser/LOADING]: Considering mod file candidate 
[19Aug2026 16:50:29.365] [main/DEBUG] [net.minecraftforge.fml.loading.moddiscovery.ModFileInfo/LOADING]: Found valid mod file mixinsquared-forge-0.1.1.jar with {mixinsquared} mods - versions {0.1.1}
[19Aug2026 16:50:29.365] [main/DEBUG] [net.minecraftforge.fml.loading.moddiscovery.ModFile/LOADING]: Loading mod file  with languages [LanguageSpec[languageName=javafml, acceptedVersions=*]]
[19Aug2026 16:50:29.365] [main/DEBUG] [net.minecraftforge.fml.loading.moddiscovery.ModFile/LOADING]: Loading mod file  with languages []
[19Aug2026 16:50:29.365] [main/DEBUG] [net.minecraftforge.fml.loading.moddiscovery.ModFile/LOADING]: Loading mod file  with languages []
[19Aug2026 16:50:29.365] [main/DEBUG] [net.minecraftforge.fml.loading.moddiscovery.ModFile/LOADING]: Loading mod file  with languages []
[19Aug2026 16:50:29.365] [main/DEBUG] [net.minecraftforge.fml.loading.moddiscovery.ModFile/LOADING]: Loading mod file  with languages []
[19Aug2026 16:50:29.366] [main/DEBUG] [cpw.mods.modlauncher.TransformationServiceDecorator/MODLAUNCHER]: End scan trigger - transformation service fml
[19Aug2026 16:50:29.376] [main/DEBUG] [net.minecraftforge.fml.loading.LanguageLoadingProvider/CORE]: Found 4 language providers
[19Aug2026 16:50:29.376] [main/DEBUG] [net.minecraftforge.fml.loading.LanguageLoadingProvider/CORE]: Found language provider minecraft, version 1.0
[19Aug2026 16:50:29.377] [main/DEBUG] [net.minecraftforge.fml.loading.LanguageLoadingProvider/CORE]: Found language provider kotlinforforge, version 4.12.0
[19Aug2026 16:50:29.377] [main/DEBUG] [net.minecraftforge.fml.loading.LanguageLoadingProvider/CORE]: Found language provider javafml, version 47
[19Aug2026 16:50:29.377] [main/DEBUG] [net.minecraftforge.fml.loading.LanguageLoadingProvider/CORE]: Found language provider lowcodefml, version 47
[19Aug2026 16:50:29.381] [main/DEBUG] [net.minecraftforge.fml.loading.UniqueModListBuilder/]: Found 2 mods for first modid mclib, selecting most recent based on version data
[19Aug2026 16:50:29.381] [main/DEBUG] [net.minecraftforge.fml.loading.UniqueModListBuilder/]: Selected file mclib-20.jar for modid mclib with version 0.0NONE
[19Aug2026 16:50:29.381] [main/DEBUG] [net.minecraftforge.fml.loading.UniqueModListBuilder/]: Found 2 mods for first modid mixinextras, selecting most recent based on version data
[19Aug2026 16:50:29.381] [main/DEBUG] [net.minecraftforge.fml.loading.UniqueModListBuilder/]: Selected file mixinextras-forge-0.5.3.jar for modid mixinextras with version 0.5.3
[19Aug2026 16:50:29.381] [main/DEBUG] [net.minecraftforge.fml.loading.UniqueModListBuilder/]: Found 2 mods for first modid mixinsquared, selecting most recent based on version data
[19Aug2026 16:50:29.381] [main/DEBUG] [net.minecraftforge.fml.loading.UniqueModListBuilder/]: Selected file mixinsquared-forge-0.1.1.jar for modid mixinsquared with version 0.1.1
[19Aug2026 16:50:29.381] [main/DEBUG] [net.minecraftforge.fml.loading.UniqueModListBuilder/]: Found 2 mods for first modid MixinSquared, selecting most recent based on version data
[19Aug2026 16:50:29.381] [main/DEBUG] [net.minecraftforge.fml.loading.UniqueModListBuilder/]: Selected file MixinSquared-0.1.1.jar for modid MixinSquared with version 0.0NONE
[19Aug2026 16:50:29.381] [main/DEBUG] [net.minecraftforge.fml.loading.UniqueModListBuilder/]: Found 2 mods for first modid thedarkcolour.kotlinforforge.kfflib, selecting most recent based on version data
[19Aug2026 16:50:29.382] [main/DEBUG] [net.minecraftforge.fml.loading.UniqueModListBuilder/]: Selected file kfflib-4.12.0.jar for modid thedarkcolour.kotlinforforge.kfflib with version 4.12.0
[19Aug2026 16:50:29.382] [main/DEBUG] [net.minecraftforge.fml.loading.UniqueModListBuilder/]: Found 2 mods for first modid MixinExtras, selecting most recent based on version data
[19Aug2026 16:50:29.382] [main/DEBUG] [net.minecraftforge.fml.loading.UniqueModListBuilder/]: Selected file MixinExtras-0.5.3.jar for modid MixinExtras with version 0.5.3
[19Aug2026 16:50:29.382] [main/DEBUG] [net.minecraftforge.fml.loading.UniqueModListBuilder/]: Found 2 mods for first modid Reflect, selecting most recent based on version data
[19Aug2026 16:50:29.382] [main/DEBUG] [net.minecraftforge.fml.loading.UniqueModListBuilder/]: Selected file Reflect-1.6.2.jar for modid Reflect with version 0.0NONE
[19Aug2026 16:50:29.383] [main/DEBUG] [net.minecraftforge.fml.loading.ModSorter/]: Configured system mods: [minecraft, forge]
[19Aug2026 16:50:29.383] [main/DEBUG] [net.minecraftforge.fml.loading.ModSorter/]: Found system mod: minecraft
[19Aug2026 16:50:29.383] [main/DEBUG] [net.minecraftforge.fml.loading.ModSorter/]: Found system mod: forge
[19Aug2026 16:50:29.385] [main/DEBUG] [net.minecraftforge.fml.loading.ModSorter/LOADING]: Found 137 mod requirements (127 mandatory, 10 optional)
[19Aug2026 16:50:29.386] [main/DEBUG] [net.minecraftforge.fml.loading.ModSorter/LOADING]: Found 0 mod requirements missing (0 mandatory, 0 optional)
[19Aug2026 16:50:30.089] [main/DEBUG] [cpw.mods.modlauncher.TransformationServicesHandler/MODLAUNCHER]: Transformation services loading transformers
[19Aug2026 16:50:30.089] [main/DEBUG] [cpw.mods.modlauncher.TransformationServiceDecorator/MODLAUNCHER]: Initializing transformers for transformation service mixin
[19Aug2026 16:50:30.090] [main/DEBUG] [cpw.mods.modlauncher.TransformationServiceDecorator/MODLAUNCHER]: Initialized transformers for transformation service mixin
[19Aug2026 16:50:30.090] [main/DEBUG] [cpw.mods.modlauncher.TransformationServiceDecorator/MODLAUNCHER]: Initializing transformers for transformation service fml
[19Aug2026 16:50:30.090] [main/DEBUG] [net.minecraftforge.fml.loading.FMLServiceProvider/CORE]: Loading coremod transformers
[19Aug2026 16:50:30.090] [main/DEBUG] [net.minecraftforge.coremod.CoreModEngine/COREMOD]: Loading CoreMod from META-INF/xaeroworldmap_core.js
[19Aug2026 16:50:30.415] [main/DEBUG] [net.minecraftforge.coremod.CoreModEngine/COREMOD]: CoreMod loaded successfully
[19Aug2026 16:50:30.415] [main/DEBUG] [net.minecraftforge.coremod.CoreModEngine/COREMOD]: Loading CoreMod from coremods/get_ench_level_event.js
[19Aug2026 16:50:30.436] [main/DEBUG] [net.minecraftforge.coremod.CoreModEngine/COREMOD]: CoreMod loaded successfully
[19Aug2026 16:50:30.437] [main/DEBUG] [net.minecraftforge.coremod.CoreModEngine/COREMOD]: Loading CoreMod from coremods/get_ench_level_event_specific.js
[19Aug2026 16:50:30.447] [main/DEBUG] [net.minecraftforge.coremod.CoreModEngine/COREMOD]: CoreMod loaded successfully
[19Aug2026 16:50:30.448] [main/DEBUG] [net.minecraftforge.coremod.CoreModEngine/COREMOD]: Loading CoreMod from coremods/field_to_method.js
[19Aug2026 16:50:30.474] [main/DEBUG] [net.minecraftforge.coremod.CoreModEngine/COREMOD]: CoreMod loaded successfully
[19Aug2026 16:50:30.474] [main/DEBUG] [net.minecraftforge.coremod.CoreModEngine/COREMOD]: Loading CoreMod from coremods/field_to_instanceof.js
[19Aug2026 16:50:30.520] [main/DEBUG] [net.minecraftforge.coremod.CoreModEngine/COREMOD]: CoreMod loaded successfully
[19Aug2026 16:50:30.520] [main/DEBUG] [net.minecraftforge.coremod.CoreModEngine/COREMOD]: Loading CoreMod from coremods/add_bouncer_method.js
[19Aug2026 16:50:30.551] [main/DEBUG] [net.minecraftforge.coremod.CoreModEngine/COREMOD]: CoreMod loaded successfully
[19Aug2026 16:50:30.552] [main/DEBUG] [net.minecraftforge.coremod.CoreModEngine/COREMOD]: Loading CoreMod from coremods/method_redirector.js
[19Aug2026 16:50:30.607] [main/DEBUG] [net.minecraftforge.coremod.CoreModEngine/COREMOD]: CoreMod loaded successfully
[19Aug2026 16:50:30.607] [main/DEBUG] [net.minecraftforge.coremod.CoreModEngine/COREMOD]: Loading CoreMod from META-INF/xaerohud_core.js
[19Aug2026 16:50:30.647] [main/DEBUG] [net.minecraftforge.coremod.CoreModEngine/COREMOD]: CoreMod loaded successfully
[19Aug2026 16:50:30.656] [main/DEBUG] [cpw.mods.modlauncher.TransformStore/MODLAUNCHER]: Adding transformer net.minecraftforge.coremod.transformer.CoreModMethodTransformer@37a0ec3c to Target : METHOD {Lnet/minecraftforge/common/extensions/IForgeItemStack;} {getAllEnchantments} {()Ljava/util/Map;}
[19Aug2026 16:50:30.657] [main/DEBUG] [cpw.mods.modlauncher.TransformStore/MODLAUNCHER]: Adding transformer net.minecraftforge.coremod.transformer.CoreModMethodTransformer@c8f97a7 to Target : METHOD {Lnet/minecraftforge/common/extensions/IForgeItemStack;} {getEnchantmentLevel} {(Lnet/minecraft/world/item/enchantment/Enchantment;)I}
[19Aug2026 16:50:30.657] [main/DEBUG] [cpw.mods.modlauncher.TransformStore/MODLAUNCHER]: Adding transformer net.minecraftforge.coremod.transformer.CoreModMethodTransformer@2b736fee to Target : METHOD {Lnet/minecraft/client/ToggleKeyMapping;} {m_90857_} {()Z}
[19Aug2026 16:50:30.658] [main/DEBUG] [cpw.mods.modlauncher.TransformStore/MODLAUNCHER]: Adding transformer net.minecraftforge.coremod.transformer.CoreModClassTransformer@35adf623 to Target : CLASS {Lnet/minecraft/world/level/biome/Biome;} {} {V}
[19Aug2026 16:50:30.658] [main/DEBUG] [cpw.mods.modlauncher.TransformStore/MODLAUNCHER]: Adding transformer net.minecraftforge.coremod.transformer.CoreModClassTransformer@456f7d9e to Target : CLASS {Lnet/minecraft/world/level/levelgen/structure/Structure;} {} {V}
[19Aug2026 16:50:30.658] [main/DEBUG] [cpw.mods.modlauncher.TransformStore/MODLAUNCHER]: Adding transformer net.minecraftforge.coremod.transformer.CoreModClassTransformer@75d366c2 to Target : CLASS {Lnet/minecraft/world/effect/MobEffectInstance;} {} {V}
[19Aug2026 16:50:30.658] [main/DEBUG] [cpw.mods.modlauncher.TransformStore/MODLAUNCHER]: Adding transformer net.minecraftforge.coremod.transformer.CoreModClassTransformer@8f40022 to Target : CLASS {Lnet/minecraft/world/level/block/LiquidBlock;} {} {V}
[19Aug2026 16:50:30.658] [main/DEBUG] [cpw.mods.modlauncher.TransformStore/MODLAUNCHER]: Adding transformer net.minecraftforge.coremod.transformer.CoreModClassTransformer@5232e3f1 to Target : CLASS {Lnet/minecraft/world/item/BucketItem;} {} {V}
[19Aug2026 16:50:30.659] [main/DEBUG] [cpw.mods.modlauncher.TransformStore/MODLAUNCHER]: Adding transformer net.minecraftforge.coremod.transformer.CoreModClassTransformer@6c8fe7a4 to Target : CLASS {Lnet/minecraft/world/level/block/StairBlock;} {} {V}
[19Aug2026 16:50:30.659] [main/DEBUG] [cpw.mods.modlauncher.TransformStore/MODLAUNCHER]: Adding transformer net.minecraftforge.coremod.transformer.CoreModClassTransformer@2047981 to Target : CLASS {Lnet/minecraft/world/level/block/FlowerPotBlock;} {} {V}
[19Aug2026 16:50:30.659] [main/DEBUG] [cpw.mods.modlauncher.TransformStore/MODLAUNCHER]: Adding transformer net.minecraftforge.coremod.transformer.CoreModClassTransformer@2ad99cf3 to Target : CLASS {Lnet/minecraft/world/item/ItemStack;} {} {V}
[19Aug2026 16:50:30.659] [main/DEBUG] [cpw.mods.modlauncher.TransformStore/MODLAUNCHER]: Adding transformer net.minecraftforge.coremod.transformer.CoreModClassTransformer@6f31df32 to Target : CLASS {Lnet/minecraft/network/play/client/CClientSettingsPacket;} {} {V}
[19Aug2026 16:50:30.659] [main/DEBUG] [cpw.mods.modlauncher.TransformStore/MODLAUNCHER]: Adding transformer net.minecraftforge.coremod.transformer.CoreModClassTransformer@7c90b7b7 to Target : CLASS {Lnet/minecraft/world/level/NaturalSpawner;} {} {V}
[19Aug2026 16:50:30.659] [main/DEBUG] [cpw.mods.modlauncher.TransformStore/MODLAUNCHER]: Adding transformer net.minecraftforge.coremod.transformer.CoreModClassTransformer@7c90b7b7 to Target : CLASS {Lnet/minecraft/world/entity/monster/ZombieVillager;} {} {V}
[19Aug2026 16:50:30.659] [main/DEBUG] [cpw.mods.modlauncher.TransformStore/MODLAUNCHER]: Adding transformer net.minecraftforge.coremod.transformer.CoreModClassTransformer@7c90b7b7 to Target : CLASS {Lnet/minecraft/world/level/levelgen/structure/templatesystem/StructureTemplate;} {} {V}
[19Aug2026 16:50:30.659] [main/DEBUG] [cpw.mods.modlauncher.TransformStore/MODLAUNCHER]: Adding transformer net.minecraftforge.coremod.transformer.CoreModClassTransformer@7c90b7b7 to Target : CLASS {Lnet/minecraft/world/level/levelgen/structure/structures/OceanRuinPieces$OceanRuinPiece;} {} {V}
[19Aug2026 16:50:30.660] [main/DEBUG] [cpw.mods.modlauncher.TransformStore/MODLAUNCHER]: Adding transformer net.minecraftforge.coremod.transformer.CoreModClassTransformer@7c90b7b7 to Target : CLASS {Lnet/minecraft/world/level/levelgen/structure/structures/WoodlandMansionPieces$WoodlandMansionPiece;} {} {V}
[19Aug2026 16:50:30.660] [main/DEBUG] [cpw.mods.modlauncher.TransformStore/MODLAUNCHER]: Adding transformer net.minecraftforge.coremod.transformer.CoreModClassTransformer@7c90b7b7 to Target : CLASS {Lnet/minecraft/world/entity/raid/Raid;} {} {V}
[19Aug2026 16:50:30.660] [main/DEBUG] [cpw.mods.modlauncher.TransformStore/MODLAUNCHER]: Adding transformer net.minecraftforge.coremod.transformer.CoreModClassTransformer@7c90b7b7 to Target : CLASS {Lnet/minecraft/world/entity/ai/village/VillageSiege;} {} {V}
[19Aug2026 16:50:30.660] [main/DEBUG] [cpw.mods.modlauncher.TransformStore/MODLAUNCHER]: Adding transformer net.minecraftforge.coremod.transformer.CoreModClassTransformer@7c90b7b7 to Target : CLASS {Lnet/minecraft/server/commands/RaidCommand;} {} {V}
[19Aug2026 16:50:30.660] [main/DEBUG] [cpw.mods.modlauncher.TransformStore/MODLAUNCHER]: Adding transformer net.minecraftforge.coremod.transformer.CoreModClassTransformer@7c90b7b7 to Target : CLASS {Lnet/minecraft/world/entity/animal/frog/Tadpole;} {} {V}
[19Aug2026 16:50:30.660] [main/DEBUG] [cpw.mods.modlauncher.TransformStore/MODLAUNCHER]: Adding transformer net.minecraftforge.coremod.transformer.CoreModClassTransformer@7c90b7b7 to Target : CLASS {Lnet/minecraft/world/entity/monster/Zombie;} {} {V}
[19Aug2026 16:50:30.660] [main/DEBUG] [cpw.mods.modlauncher.TransformStore/MODLAUNCHER]: Adding transformer net.minecraftforge.coremod.transformer.CoreModClassTransformer@7c90b7b7 to Target : CLASS {Lnet/minecraft/world/entity/npc/Villager;} {} {V}
[19Aug2026 16:50:30.660] [main/DEBUG] [cpw.mods.modlauncher.TransformStore/MODLAUNCHER]: Adding transformer net.minecraftforge.coremod.transformer.CoreModClassTransformer@7c90b7b7 to Target : CLASS {Lnet/minecraft/world/level/levelgen/PhantomSpawner;} {} {V}
[19Aug2026 16:50:30.660] [main/DEBUG] [cpw.mods.modlauncher.TransformStore/MODLAUNCHER]: Adding transformer net.minecraftforge.coremod.transformer.CoreModClassTransformer@7c90b7b7 to Target : CLASS {Lnet/minecraft/world/entity/npc/CatSpawner;} {} {V}
[19Aug2026 16:50:30.660] [main/DEBUG] [cpw.mods.modlauncher.TransformStore/MODLAUNCHER]: Adding transformer net.minecraftforge.coremod.transformer.CoreModClassTransformer@7c90b7b7 to Target : CLASS {Lnet/minecraft/server/commands/SummonCommand;} {} {V}
[19Aug2026 16:50:30.661] [main/DEBUG] [cpw.mods.modlauncher.TransformStore/MODLAUNCHER]: Adding transformer net.minecraftforge.coremod.transformer.CoreModClassTransformer@7c90b7b7 to Target : CLASS {Lnet/minecraft/world/level/levelgen/structure/structures/OceanMonumentPieces$OceanMonumentPiece;} {} {V}
[19Aug2026 16:50:30.661] [main/DEBUG] [cpw.mods.modlauncher.TransformStore/MODLAUNCHER]: Adding transformer net.minecraftforge.coremod.transformer.CoreModClassTransformer@7c90b7b7 to Target : CLASS {Lnet/minecraft/world/level/levelgen/structure/structures/SwampHutPiece;} {} {V}
[19Aug2026 16:50:30.661] [main/DEBUG] [cpw.mods.modlauncher.TransformStore/MODLAUNCHER]: Adding transformer net.minecraftforge.coremod.transformer.CoreModClassTransformer@7c90b7b7 to Target : CLASS {Lnet/minecraft/world/entity/monster/Spider;} {} {V}
[19Aug2026 16:50:30.661] [main/DEBUG] [cpw.mods.modlauncher.TransformStore/MODLAUNCHER]: Adding transformer net.minecraftforge.coremod.transformer.CoreModClassTransformer@7c90b7b7 to Target : CLASS {Lnet/minecraft/world/entity/monster/Evoker$EvokerSummonSpellGoal;} {} {V}
[19Aug2026 16:50:30.661] [main/DEBUG] [cpw.mods.modlauncher.TransformStore/MODLAUNCHER]: Adding transformer net.minecraftforge.coremod.transformer.CoreModClassTransformer@7c90b7b7 to Target : CLASS {Lnet/minecraft/world/entity/EntityType;} {} {V}
[19Aug2026 16:50:30.661] [main/DEBUG] [cpw.mods.modlauncher.TransformStore/MODLAUNCHER]: Adding transformer net.minecraftforge.coremod.transformer.CoreModClassTransformer@7c90b7b7 to Target : CLASS {Lnet/minecraft/world/entity/monster/Strider;} {} {V}
[19Aug2026 16:50:30.661] [main/DEBUG] [cpw.mods.modlauncher.TransformStore/MODLAUNCHER]: Adding transformer net.minecraftforge.coremod.transformer.CoreModClassTransformer@7c90b7b7 to Target : CLASS {Lnet/minecraft/world/level/levelgen/PatrolSpawner;} {} {V}
[19Aug2026 16:50:30.661] [main/DEBUG] [cpw.mods.modlauncher.TransformStore/MODLAUNCHER]: Adding transformer net.minecraftforge.coremod.transformer.CoreModClassTransformer@7c90b7b7 to Target : CLASS {Lnet/minecraft/world/entity/animal/horse/SkeletonTrapGoal;} {} {V}
[19Aug2026 16:50:30.662] [main/DEBUG] [cpw.mods.modlauncher.TransformationServiceDecorator/MODLAUNCHER]: Initialized transformers for transformation service fml
[19Aug2026 16:50:32.444] [main/DEBUG] [mixin/]: Processing prepare() for PlatformAgent[MixinPlatformAgentDefault:ModLauncher Root Container(ModLauncher:4f56a0a2)]
[19Aug2026 16:50:32.444] [main/DEBUG] [mixin/]: Processing launch tasks for PlatformAgent[MixinPlatformAgentDefault:ModLauncher Root Container(ModLauncher:4f56a0a2)]
[19Aug2026 16:50:32.445] [main/DEBUG] [mixin/]: Adding mixin platform agents for container SecureJarResource(kuma_api)
[19Aug2026 16:50:32.445] [main/DEBUG] [mixin/]: Instancing new MixinPlatformAgentMinecraftForge for SecureJarResource(kuma_api)
[19Aug2026 16:50:32.445] [main/DEBUG] [mixin/]: MixinPlatformAgentMinecraftForge rejected container SecureJarResource(kuma_api)
[19Aug2026 16:50:32.445] [main/DEBUG] [mixin/]: Instancing new MixinPlatformAgentDefault for SecureJarResource(kuma_api)
[19Aug2026 16:50:32.445] [main/DEBUG] [mixin/]: MixinPlatformAgentDefault accepted container SecureJarResource(kuma_api)
[19Aug2026 16:50:32.445] [main/DEBUG] [mixin/]: Processing prepare() for PlatformAgent[MixinPlatformAgentDefault:SecureJarResource(kuma_api)]
[19Aug2026 16:50:32.445] [main/DEBUG] [mixin/]: Registering mixin config: kuma_api.mixins.json
[19Aug2026 16:50:32.469] [main/DEBUG] [mixin/]: Compatibility level JAVA_17 specified by kuma_api.mixins.json is higher than the maximum level supported by this version of mixin (JAVA_13).
[19Aug2026 16:50:32.473] [main/INFO] [mixin/]: Compatibility level set to JAVA_17
[19Aug2026 16:50:32.473] [main/DEBUG] [mixin/]: Registering mixin config: kuma_api.forge.mixins.json
[19Aug2026 16:50:32.476] [main/DEBUG] [mixin/]: Adding mixin platform agents for container SecureJarResource(supermartijn642configlib)
[19Aug2026 16:50:32.477] [main/DEBUG] [mixin/]: Instancing new MixinPlatformAgentMinecraftForge for SecureJarResource(supermartijn642configlib)
[19Aug2026 16:50:32.477] [main/DEBUG] [mixin/]: MixinPlatformAgentMinecraftForge rejected container SecureJarResource(supermartijn642configlib)
[19Aug2026 16:50:32.477] [main/DEBUG] [mixin/]: Instancing new MixinPlatformAgentDefault for SecureJarResource(supermartijn642configlib)
[19Aug2026 16:50:32.477] [main/DEBUG] [mixin/]: MixinPlatformAgentDefault accepted container SecureJarResource(supermartijn642configlib)
[19Aug2026 16:50:32.477] [main/DEBUG] [mixin/]: Processing prepare() for PlatformAgent[MixinPlatformAgentDefault:SecureJarResource(supermartijn642configlib)]
[19Aug2026 16:50:32.477] [main/DEBUG] [mixin/]: Adding mixin platform agents for container SecureJarResource(trashslot)
[19Aug2026 16:50:32.477] [main/DEBUG] [mixin/]: Instancing new MixinPlatformAgentMinecraftForge for SecureJarResource(trashslot)
[19Aug2026 16:50:32.478] [main/DEBUG] [mixin/]: MixinPlatformAgentMinecraftForge rejected container SecureJarResource(trashslot)
[19Aug2026 16:50:32.478] [main/DEBUG] [mixin/]: Instancing new MixinPlatformAgentDefault for SecureJarResource(trashslot)
[19Aug2026 16:50:32.478] [main/DEBUG] [mixin/]: MixinPlatformAgentDefault accepted container SecureJarResource(trashslot)
[19Aug2026 16:50:32.478] [main/DEBUG] [mixin/]: Processing prepare() for PlatformAgent[MixinPlatformAgentDefault:SecureJarResource(trashslot)]
[19Aug2026 16:50:32.478] [main/DEBUG] [mixin/]: Registering mixin config: trashslot.mixins.json
[19Aug2026 16:50:32.480] [main/DEBUG] [mixin/]: Adding mixin platform agents for container SecureJarResource(geckolib)
[19Aug2026 16:50:32.480] [main/DEBUG] [mixin/]: Instancing new MixinPlatformAgentMinecraftForge for SecureJarResource(geckolib)
[19Aug2026 16:50:32.480] [main/DEBUG] [mixin/]: MixinPlatformAgentMinecraftForge rejected container SecureJarResource(geckolib)
[19Aug2026 16:50:32.480] [main/DEBUG] [mixin/]: Instancing new MixinPlatformAgentDefault for SecureJarResource(geckolib)
[19Aug2026 16:50:32.480] [main/DEBUG] [mixin/]: MixinPlatformAgentDefault accepted container SecureJarResource(geckolib)
[19Aug2026 16:50:32.481] [main/DEBUG] [mixin/]: Processing prepare() for PlatformAgent[MixinPlatformAgentDefault:SecureJarResource(geckolib)]
[19Aug2026 16:50:32.481] [main/DEBUG] [mixin/]: Registering mixin config: geckolib.mixins.json
[19Aug2026 16:50:32.485] [main/DEBUG] [mixin/]: Adding mixin platform agents for container SecureJarResource(playeranimator)
[19Aug2026 16:50:32.485] [main/DEBUG] [mixin/]: Instancing new MixinPlatformAgentMinecraftForge for SecureJarResource(playeranimator)
[19Aug2026 16:50:32.485] [main/DEBUG] [mixin/]: MixinPlatformAgentMinecraftForge rejected container SecureJarResource(playeranimator)
[19Aug2026 16:50:32.485] [main/DEBUG] [mixin/]: Instancing new MixinPlatformAgentDefault for SecureJarResource(playeranimator)
[19Aug2026 16:50:32.485] [main/DEBUG] [mixin/]: MixinPlatformAgentDefault accepted container SecureJarResource(playeranimator)
[19Aug2026 16:50:32.485] [main/DEBUG] [mixin/]: Processing prepare() for PlatformAgent[MixinPlatformAgentDefault:SecureJarResource(playeranimator)]
[19Aug2026 16:50:32.485] [main/DEBUG] [mixin/]: Registering mixin config: playerAnimator-common.mixins.json
[19Aug2026 16:50:32.487] [main/DEBUG] [mixin/]: Compatibility level JAVA_16 specified by playerAnimator-common.mixins.json is higher than the maximum level supported by this version of mixin (JAVA_13).
[19Aug2026 16:50:32.487] [main/DEBUG] [mixin/]: Adding mixin platform agents for container SecureJarResource(jei)
[19Aug2026 16:50:32.487] [main/DEBUG] [mixin/]: Instancing new MixinPlatformAgentMinecraftForge for SecureJarResource(jei)
[19Aug2026 16:50:32.487] [main/DEBUG] [mixin/]: MixinPlatformAgentMinecraftForge rejected container SecureJarResource(jei)
[19Aug2026 16:50:32.487] [main/DEBUG] [mixin/]: Instancing new MixinPlatformAgentDefault for SecureJarResource(jei)
[19Aug2026 16:50:32.488] [main/DEBUG] [mixin/]: MixinPlatformAgentDefault accepted container SecureJarResource(jei)
[19Aug2026 16:50:32.488] [main/DEBUG] [mixin/]: Processing prepare() for PlatformAgent[MixinPlatformAgentDefault:SecureJarResource(jei)]
[19Aug2026 16:50:32.488] [main/DEBUG] [mixin/]: Adding mixin platform agents for container SecureJarResource(xaerolib)
[19Aug2026 16:50:32.488] [main/DEBUG] [mixin/]: Instancing new MixinPlatformAgentMinecraftForge for SecureJarResource(xaerolib)
[19Aug2026 16:50:32.488] [main/DEBUG] [mixin/]: MixinPlatformAgentMinecraftForge rejected container SecureJarResource(xaerolib)
[19Aug2026 16:50:32.488] [main/DEBUG] [mixin/]: Instancing new MixinPlatformAgentDefault for SecureJarResource(xaerolib)
[19Aug2026 16:50:32.488] [main/DEBUG] [mixin/]: MixinPlatformAgentDefault accepted container SecureJarResource(xaerolib)
[19Aug2026 16:50:32.488] [main/DEBUG] [mixin/]: Processing prepare() for PlatformAgent[MixinPlatformAgentDefault:SecureJarResource(xaerolib)]
[19Aug2026 16:50:32.488] [main/DEBUG] [mixin/]: Registering mixin config: xaerolib.mixins.json
[19Aug2026 16:50:32.490] [main/DEBUG] [mixin/]: Registering mixin config: xaerolib.forge.mixins.json
[19Aug2026 16:50:32.491] [main/DEBUG] [mixin/]: Adding mixin platform agents for container SecureJarResource(trender)
[19Aug2026 16:50:32.492] [main/DEBUG] [mixin/]: Instancing new MixinPlatformAgentMinecraftForge for SecureJarResource(trender)
[19Aug2026 16:50:32.492] [main/DEBUG] [mixin/]: MixinPlatformAgentMinecraftForge rejected container SecureJarResource(trender)
[19Aug2026 16:50:32.492] [main/DEBUG] [mixin/]: Instancing new MixinPlatformAgentDefault for SecureJarResource(trender)
[19Aug2026 16:50:32.492] [main/DEBUG] [mixin/]: MixinPlatformAgentDefault accepted container SecureJarResource(trender)
[19Aug2026 16:50:32.492] [main/DEBUG] [mixin/]: Processing prepare() for PlatformAgent[MixinPlatformAgentDefault:SecureJarResource(trender)]
[19Aug2026 16:50:32.492] [main/DEBUG] [mixin/]: Registering mixin config: trender.mixins.json
[19Aug2026 16:50:32.494] [main/DEBUG] [mixin/]: Adding mixin platform agents for container SecureJarResource(stalwart_dungeons)
[19Aug2026 16:50:32.494] [main/DEBUG] [mixin/]: Instancing new MixinPlatformAgentMinecraftForge for SecureJarResource(stalwart_dungeons)
[19Aug2026 16:50:32.494] [main/DEBUG] [mixin/]: MixinPlatformAgentMinecraftForge rejected container SecureJarResource(stalwart_dungeons)
[19Aug2026 16:50:32.494] [main/DEBUG] [mixin/]: Instancing new MixinPlatformAgentDefault for SecureJarResource(stalwart_dungeons)
[19Aug2026 16:50:32.494] [main/DEBUG] [mixin/]: MixinPlatformAgentDefault accepted container SecureJarResource(stalwart_dungeons)
[19Aug2026 16:50:32.494] [main/DEBUG] [mixin/]: Processing prepare() for PlatformAgent[MixinPlatformAgentDefault:SecureJarResource(stalwart_dungeons)]
[19Aug2026 16:50:32.494] [main/DEBUG] [mixin/]: Adding mixin platform agents for container SecureJarResource(sophisticatedcore)
[19Aug2026 16:50:32.494] [main/DEBUG] [mixin/]: Instancing new MixinPlatformAgentMinecraftForge for SecureJarResource(sophisticatedcore)
[19Aug2026 16:50:32.494] [main/DEBUG] [mixin/]: MixinPlatformAgentMinecraftForge rejected container SecureJarResource(sophisticatedcore)
[19Aug2026 16:50:32.494] [main/DEBUG] [mixin/]: Instancing new MixinPlatformAgentDefault for SecureJarResource(sophisticatedcore)
[19Aug2026 16:50:32.495] [main/DEBUG] [mixin/]: MixinPlatformAgentDefault accepted container SecureJarResource(sophisticatedcore)
[19Aug2026 16:50:32.495] [main/DEBUG] [mixin/]: Processing prepare() for PlatformAgent[MixinPlatformAgentDefault:SecureJarResource(sophisticatedcore)]
[19Aug2026 16:50:32.495] [main/DEBUG] [mixin/]: Registering mixin config: sophisticatedcore.mixins.json
[19Aug2026 16:50:32.496] [main/DEBUG] [mixin/]: Registering mixin config: sophisticatedcore.create.mixins.json
[19Aug2026 16:50:32.498] [main/DEBUG] [mixin/]: Adding mixin platform agents for container SecureJarResource(ntgl)
[19Aug2026 16:50:32.498] [main/DEBUG] [mixin/]: Instancing new MixinPlatformAgentMinecraftForge for SecureJarResource(ntgl)
[19Aug2026 16:50:32.498] [main/DEBUG] [mixin/]: MixinPlatformAgentMinecraftForge rejected container SecureJarResource(ntgl)
[19Aug2026 16:50:32.498] [main/DEBUG] [mixin/]: Instancing new MixinPlatformAgentDefault for SecureJarResource(ntgl)
[19Aug2026 16:50:32.498] [main/DEBUG] [mixin/]: MixinPlatformAgentDefault accepted container SecureJarResource(ntgl)
[19Aug2026 16:50:32.498] [main/DEBUG] [mixin/]: Processing prepare() for PlatformAgent[MixinPlatformAgentDefault:SecureJarResource(ntgl)]
[19Aug2026 16:50:32.499] [main/DEBUG] [mixin/]: Registering mixin config: ntgl.mixin.json
[19Aug2026 16:50:32.500] [main/DEBUG] [mixin/]: Compatibility level JAVA_8 specified by ntgl.mixin.json is lower than the default level supported by the current mixin service (JAVA_16).
[19Aug2026 16:50:32.501] [main/DEBUG] [mixin/]: Adding mixin platform agents for container SecureJarResource(waystones)
[19Aug2026 16:50:32.501] [main/DEBUG] [mixin/]: Instancing new MixinPlatformAgentMinecraftForge for SecureJarResource(waystones)
[19Aug2026 16:50:32.501] [main/DEBUG] [mixin/]: MixinPlatformAgentMinecraftForge rejected container SecureJarResource(waystones)
[19Aug2026 16:50:32.501] [main/DEBUG] [mixin/]: Instancing new MixinPlatformAgentDefault for SecureJarResource(waystones)
[19Aug2026 16:50:32.501] [main/DEBUG] [mixin/]: MixinPlatformAgentDefault accepted container SecureJarResource(waystones)
[19Aug2026 16:50:32.501] [main/DEBUG] [mixin/]: Processing prepare() for PlatformAgent[MixinPlatformAgentDefault:SecureJarResource(waystones)]
[19Aug2026 16:50:32.501] [main/DEBUG] [mixin/]: Registering mixin config: waystones.mixins.json
[19Aug2026 16:50:32.502] [main/DEBUG] [mixin/]: Adding mixin platform agents for container SecureJarResource(structureessentials)
[19Aug2026 16:50:32.502] [main/DEBUG] [mixin/]: Instancing new MixinPlatformAgentMinecraftForge for SecureJarResource(structureessentials)
[19Aug2026 16:50:32.502] [main/DEBUG] [mixin/]: MixinPlatformAgentMinecraftForge rejected container SecureJarResource(structureessentials)
[19Aug2026 16:50:32.502] [main/DEBUG] [mixin/]: Instancing new MixinPlatformAgentDefault for SecureJarResource(structureessentials)
[19Aug2026 16:50:32.502] [main/DEBUG] [mixin/]: MixinPlatformAgentDefault accepted container SecureJarResource(structureessentials)
[19Aug2026 16:50:32.502] [main/DEBUG] [mixin/]: Processing prepare() for PlatformAgent[MixinPlatformAgentDefault:SecureJarResource(structureessentials)]
[19Aug2026 16:50:32.502] [main/DEBUG] [mixin/]: Registering mixin config: structureessentials.mixins.json
[19Aug2026 16:50:32.504] [main/DEBUG] [mixin/]: Adding mixin platform agents for container SecureJarResource(clumps)
[19Aug2026 16:50:32.504] [main/DEBUG] [mixin/]: Instancing new MixinPlatformAgentMinecraftForge for SecureJarResource(clumps)
[19Aug2026 16:50:32.505] [main/DEBUG] [mixin/]: MixinPlatformAgentMinecraftForge rejected container SecureJarResource(clumps)
[19Aug2026 16:50:32.505] [main/DEBUG] [mixin/]: Instancing new MixinPlatformAgentDefault for SecureJarResource(clumps)
[19Aug2026 16:50:32.505] [main/DEBUG] [mixin/]: MixinPlatformAgentDefault accepted container SecureJarResource(clumps)
[19Aug2026 16:50:32.505] [main/DEBUG] [mixin/]: Processing prepare() for PlatformAgent[MixinPlatformAgentDefault:SecureJarResource(clumps)]
[19Aug2026 16:50:32.505] [main/DEBUG] [mixin/]: Registering mixin config: clumps.mixins.json
[19Aug2026 16:50:32.507] [main/DEBUG] [mixin/]: Adding mixin platform agents for container SecureJarResource(xaeroworldmap)
[19Aug2026 16:50:32.507] [main/DEBUG] [mixin/]: Instancing new MixinPlatformAgentMinecraftForge for SecureJarResource(xaeroworldmap)
[19Aug2026 16:50:32.507] [main/DEBUG] [mixin/]: MixinPlatformAgentMinecraftForge rejected container SecureJarResource(xaeroworldmap)
[19Aug2026 16:50:32.508] [main/DEBUG] [mixin/]: Instancing new MixinPlatformAgentDefault for SecureJarResource(xaeroworldmap)
[19Aug2026 16:50:32.508] [main/DEBUG] [mixin/]: MixinPlatformAgentDefault accepted container SecureJarResource(xaeroworldmap)
[19Aug2026 16:50:32.508] [main/DEBUG] [mixin/]: Processing prepare() for PlatformAgent[MixinPlatformAgentDefault:SecureJarResource(xaeroworldmap)]
[19Aug2026 16:50:32.508] [main/DEBUG] [mixin/]: Registering mixin config: xaeroworldmap.mixins.json
[19Aug2026 16:50:32.510] [main/DEBUG] [mixin/]: Registering mixin config: xaeroworldmap.forge.mixins.json
[19Aug2026 16:50:32.512] [main/DEBUG] [mixin/]: Adding mixin platform agents for container SecureJarResource(placebo)
[19Aug2026 16:50:32.512] [main/DEBUG] [mixin/]: Instancing new MixinPlatformAgentMinecraftForge for SecureJarResource(placebo)
[19Aug2026 16:50:32.512] [main/DEBUG] [mixin/]: MixinPlatformAgentMinecraftForge rejected container SecureJarResource(placebo)
[19Aug2026 16:50:32.512] [main/DEBUG] [mixin/]: Instancing new MixinPlatformAgentDefault for SecureJarResource(placebo)
[19Aug2026 16:50:32.512] [main/DEBUG] [mixin/]: MixinPlatformAgentDefault accepted container SecureJarResource(placebo)
[19Aug2026 16:50:32.512] [main/DEBUG] [mixin/]: Processing prepare() for PlatformAgent[MixinPlatformAgentDefault:SecureJarResource(placebo)]
[19Aug2026 16:50:32.512] [main/DEBUG] [mixin/]: Registering mixin config: placebo.mixins.json
[19Aug2026 16:50:32.514] [main/DEBUG] [mixin/]: Adding mixin platform agents for container SecureJarResource(modernfix)
[19Aug2026 16:50:32.514] [main/DEBUG] [mixin/]: Instancing new MixinPlatformAgentMinecraftForge for SecureJarResource(modernfix)
[19Aug2026 16:50:32.514] [main/DEBUG] [mixin/]: MixinPlatformAgentMinecraftForge rejected container SecureJarResource(modernfix)
[19Aug2026 16:50:32.515] [main/DEBUG] [mixin/]: Instancing new MixinPlatformAgentDefault for SecureJarResource(modernfix)
[19Aug2026 16:50:32.515] [main/DEBUG] [mixin/]: MixinPlatformAgentDefault accepted container SecureJarResource(modernfix)
[19Aug2026 16:50:32.515] [main/DEBUG] [mixin/]: Processing prepare() for PlatformAgent[MixinPlatformAgentDefault:SecureJarResource(modernfix)]
[19Aug2026 16:50:32.515] [main/DEBUG] [mixin/]: Registering mixin config: modernfix-modernfix.mixins.json
[19Aug2026 16:50:32.517] [main/DEBUG] [mixin/]: Adding mixin platform agents for container SecureJarResource(citadel)
[19Aug2026 16:50:32.517] [main/DEBUG] [mixin/]: Instancing new MixinPlatformAgentMinecraftForge for SecureJarResource(citadel)
[19Aug2026 16:50:32.517] [main/DEBUG] [mixin/]: MixinPlatformAgentMinecraftForge rejected container SecureJarResource(citadel)
[19Aug2026 16:50:32.517] [main/DEBUG] [mixin/]: Instancing new MixinPlatformAgentDefault for SecureJarResource(citadel)
[19Aug2026 16:50:32.518] [main/DEBUG] [mixin/]: MixinPlatformAgentDefault accepted container SecureJarResource(citadel)
[19Aug2026 16:50:32.518] [main/DEBUG] [mixin/]: Processing prepare() for PlatformAgent[MixinPlatformAgentDefault:SecureJarResource(citadel)]
[19Aug2026 16:50:32.518] [main/DEBUG] [mixin/]: Registering mixin config: citadel.mixins.json
[19Aug2026 16:50:32.521] [main/DEBUG] [mixin/]: Adding mixin platform agents for container SecureJarResource(alexsmobs)
[19Aug2026 16:50:32.521] [main/DEBUG] [mixin/]: Instancing new MixinPlatformAgentMinecraftForge for SecureJarResource(alexsmobs)
[19Aug2026 16:50:32.521] [main/DEBUG] [mixin/]: MixinPlatformAgentMinecraftForge rejected container SecureJarResource(alexsmobs)
[19Aug2026 16:50:32.521] [main/DEBUG] [mixin/]: Instancing new MixinPlatformAgentDefault for SecureJarResource(alexsmobs)
[19Aug2026 16:50:32.521] [main/DEBUG] [mixin/]: MixinPlatformAgentDefault accepted container SecureJarResource(alexsmobs)
[19Aug2026 16:50:32.521] [main/DEBUG] [mixin/]: Processing prepare() for PlatformAgent[MixinPlatformAgentDefault:SecureJarResource(alexsmobs)]
[19Aug2026 16:50:32.521] [main/DEBUG] [mixin/]: Registering mixin config: citadel.mixins.json
[19Aug2026 16:50:32.521] [main/DEBUG] [mixin/]: Adding mixin platform agents for container SecureJarResource(naturescompass)
[19Aug2026 16:50:32.521] [main/DEBUG] [mixin/]: Instancing new MixinPlatformAgentMinecraftForge for SecureJarResource(naturescompass)
[19Aug2026 16:50:32.521] [main/DEBUG] [mixin/]: MixinPlatformAgentMinecraftForge rejected container SecureJarResource(naturescompass)
[19Aug2026 16:50:32.521] [main/DEBUG] [mixin/]: Instancing new MixinPlatformAgentDefault for SecureJarResource(naturescompass)
[19Aug2026 16:50:32.521] [main/DEBUG] [mixin/]: MixinPlatformAgentDefault accepted container SecureJarResource(naturescompass)
[19Aug2026 16:50:32.521] [main/DEBUG] [mixin/]: Processing prepare() for PlatformAgent[MixinPlatformAgentDefault:SecureJarResource(naturescompass)]
[19Aug2026 16:50:32.521] [main/DEBUG] [mixin/]: Adding mixin platform agents for container SecureJarResource(artifacts)
[19Aug2026 16:50:32.521] [main/DEBUG] [mixin/]: Instancing new MixinPlatformAgentMinecraftForge for SecureJarResource(artifacts)
[19Aug2026 16:50:32.521] [main/DEBUG] [mixin/]: MixinPlatformAgentMinecraftForge rejected container SecureJarResource(artifacts)
[19Aug2026 16:50:32.521] [main/DEBUG] [mixin/]: Instancing new MixinPlatformAgentDefault for SecureJarResource(artifacts)
[19Aug2026 16:50:32.521] [main/DEBUG] [mixin/]: MixinPlatformAgentDefault accepted container SecureJarResource(artifacts)
[19Aug2026 16:50:32.521] [main/DEBUG] [mixin/]: Processing prepare() for PlatformAgent[MixinPlatformAgentDefault:SecureJarResource(artifacts)]
[19Aug2026 16:50:32.521] [main/DEBUG] [mixin/]: Registering mixin config: mixins.artifacts.common.json
[19Aug2026 16:50:32.523] [main/DEBUG] [mixin/]: Registering mixin config: mixins.artifacts.forge.json
[19Aug2026 16:50:32.524] [main/DEBUG] [mixin/]: Adding mixin platform agents for container SecureJarResource(sophisticatedbackpacks)
[19Aug2026 16:50:32.524] [main/DEBUG] [mixin/]: Instancing new MixinPlatformAgentMinecraftForge for SecureJarResource(sophisticatedbackpacks)
[19Aug2026 16:50:32.525] [main/DEBUG] [mixin/]: MixinPlatformAgentMinecraftForge rejected container SecureJarResource(sophisticatedbackpacks)
[19Aug2026 16:50:32.525] [main/DEBUG] [mixin/]: Instancing new MixinPlatformAgentDefault for SecureJarResource(sophisticatedbackpacks)
[19Aug2026 16:50:32.525] [main/DEBUG] [mixin/]: MixinPlatformAgentDefault accepted container SecureJarResource(sophisticatedbackpacks)
[19Aug2026 16:50:32.525] [main/DEBUG] [mixin/]: Processing prepare() for PlatformAgent[MixinPlatformAgentDefault:SecureJarResource(sophisticatedbackpacks)]
[19Aug2026 16:50:32.525] [main/DEBUG] [mixin/]: Registering mixin config: sophisticatedbackpacks.mixins.json
[19Aug2026 16:50:32.526] [main/DEBUG] [mixin/]: Adding mixin platform agents for container SecureJarResource(iceandfire)
[19Aug2026 16:50:32.526] [main/DEBUG] [mixin/]: Instancing new MixinPlatformAgentMinecraftForge for SecureJarResource(iceandfire)
[19Aug2026 16:50:32.526] [main/DEBUG] [mixin/]: MixinPlatformAgentMinecraftForge rejected container SecureJarResource(iceandfire)
[19Aug2026 16:50:32.526] [main/DEBUG] [mixin/]: Instancing new MixinPlatformAgentDefault for SecureJarResource(iceandfire)
[19Aug2026 16:50:32.526] [main/DEBUG] [mixin/]: MixinPlatformAgentDefault accepted container SecureJarResource(iceandfire)
[19Aug2026 16:50:32.526] [main/DEBUG] [mixin/]: Processing prepare() for PlatformAgent[MixinPlatformAgentDefault:SecureJarResource(iceandfire)]
[19Aug2026 16:50:32.526] [main/DEBUG] [mixin/]: Registering mixin config: iceandfire.mixins.json
[19Aug2026 16:50:32.528] [main/DEBUG] [mixin/]: Adding mixin platform agents for container SecureJarResource(bygonenether)
[19Aug2026 16:50:32.528] [main/DEBUG] [mixin/]: Instancing new MixinPlatformAgentMinecraftForge for SecureJarResource(bygonenether)
[19Aug2026 16:50:32.528] [main/DEBUG] [mixin/]: MixinPlatformAgentMinecraftForge rejected container SecureJarResource(bygonenether)
[19Aug2026 16:50:32.528] [main/DEBUG] [mixin/]: Instancing new MixinPlatformAgentDefault for SecureJarResource(bygonenether)
[19Aug2026 16:50:32.528] [main/DEBUG] [mixin/]: MixinPlatformAgentDefault accepted container SecureJarResource(bygonenether)
[19Aug2026 16:50:32.528] [main/DEBUG] [mixin/]: Processing prepare() for PlatformAgent[MixinPlatformAgentDefault:SecureJarResource(bygonenether)]
[19Aug2026 16:50:32.528] [main/DEBUG] [mixin/]: Registering mixin config: bygonenether.mixins.json
[19Aug2026 16:50:32.598] [main/DEBUG] [mixin/]: Adding mixin platform agents for container SecureJarResource(balm)
[19Aug2026 16:50:32.598] [main/DEBUG] [mixin/]: Instancing new MixinPlatformAgentMinecraftForge for SecureJarResource(balm)
[19Aug2026 16:50:32.598] [main/DEBUG] [mixin/]: MixinPlatformAgentMinecraftForge rejected container SecureJarResource(balm)
[19Aug2026 16:50:32.598] [main/DEBUG] [mixin/]: Instancing new MixinPlatformAgentDefault for SecureJarResource(balm)
[19Aug2026 16:50:32.598] [main/DEBUG] [mixin/]: MixinPlatformAgentDefault accepted container SecureJarResource(balm)
[19Aug2026 16:50:32.598] [main/DEBUG] [mixin/]: Processing prepare() for PlatformAgent[MixinPlatformAgentDefault:SecureJarResource(balm)]
[19Aug2026 16:50:32.598] [main/DEBUG] [mixin/]: Registering mixin config: balm.mixins.json
[19Aug2026 16:50:32.599] [main/DEBUG] [mixin/]: Adding mixin platform agents for container SecureJarResource(blueprint)
[19Aug2026 16:50:32.599] [main/DEBUG] [mixin/]: Instancing new MixinPlatformAgentMinecraftForge for SecureJarResource(blueprint)
[19Aug2026 16:50:32.599] [main/DEBUG] [mixin/]: MixinPlatformAgentMinecraftForge rejected container SecureJarResource(blueprint)
[19Aug2026 16:50:32.599] [main/DEBUG] [mixin/]: Instancing new MixinPlatformAgentDefault for SecureJarResource(blueprint)
[19Aug2026 16:50:32.599] [main/DEBUG] [mixin/]: MixinPlatformAgentDefault accepted container SecureJarResource(blueprint)
[19Aug2026 16:50:32.599] [main/DEBUG] [mixin/]: Processing prepare() for PlatformAgent[MixinPlatformAgentDefault:SecureJarResource(blueprint)]
[19Aug2026 16:50:32.600] [main/DEBUG] [mixin/]: Registering mixin config: blueprint.mixins.json
[19Aug2026 16:50:32.601] [main/DEBUG] [mixin/]: Adding mixin platform agents for container SecureJarResource(carryon)
[19Aug2026 16:50:32.601] [main/DEBUG] [mixin/]: Instancing new MixinPlatformAgentMinecraftForge for SecureJarResource(carryon)
[19Aug2026 16:50:32.601] [main/DEBUG] [mixin/]: MixinPlatformAgentMinecraftForge rejected container SecureJarResource(carryon)
[19Aug2026 16:50:32.601] [main/DEBUG] [mixin/]: Instancing new MixinPlatformAgentDefault for SecureJarResource(carryon)
[19Aug2026 16:50:32.601] [main/DEBUG] [mixin/]: MixinPlatformAgentDefault accepted container SecureJarResource(carryon)
[19Aug2026 16:50:32.601] [main/DEBUG] [mixin/]: Processing prepare() for PlatformAgent[MixinPlatformAgentDefault:SecureJarResource(carryon)]
[19Aug2026 16:50:32.601] [main/DEBUG] [mixin/]: Registering mixin config: carryon.mixins.json
[19Aug2026 16:50:32.603] [main/DEBUG] [mixin/]: Registering mixin config: carryon.forge.mixins.json
[19Aug2026 16:50:32.605] [main/DEBUG] [mixin/]: Adding mixin platform agents for container SecureJarResource(puzzlesaccessapi)
[19Aug2026 16:50:32.605] [main/DEBUG] [mixin/]: Instancing new MixinPlatformAgentMinecraftForge for SecureJarResource(puzzlesaccessapi)
[19Aug2026 16:50:32.605] [main/DEBUG] [mixin/]: MixinPlatformAgentMinecraftForge rejected container SecureJarResource(puzzlesaccessapi)
[19Aug2026 16:50:32.605] [main/DEBUG] [mixin/]: Instancing new MixinPlatformAgentDefault for SecureJarResource(puzzlesaccessapi)
[19Aug2026 16:50:32.605] [main/DEBUG] [mixin/]: MixinPlatformAgentDefault accepted container SecureJarResource(puzzlesaccessapi)
[19Aug2026 16:50:32.605] [main/DEBUG] [mixin/]: Processing prepare() for PlatformAgent[MixinPlatformAgentDefault:SecureJarResource(puzzlesaccessapi)]
[19Aug2026 16:50:32.605] [main/DEBUG] [mixin/]: Registering mixin config: puzzlesaccessapi.common.mixins.json
[19Aug2026 16:50:32.608] [main/DEBUG] [mixin/]: Registering mixin config: puzzlesaccessapi.forge.mixins.json
[19Aug2026 16:50:32.609] [main/DEBUG] [mixin/]: Adding mixin platform agents for container SecureJarResource(cloth_config)
[19Aug2026 16:50:32.609] [main/DEBUG] [mixin/]: Instancing new MixinPlatformAgentMinecraftForge for SecureJarResource(cloth_config)
[19Aug2026 16:50:32.610] [main/DEBUG] [mixin/]: MixinPlatformAgentMinecraftForge rejected container SecureJarResource(cloth_config)
[19Aug2026 16:50:32.610] [main/DEBUG] [mixin/]: Instancing new MixinPlatformAgentDefault for SecureJarResource(cloth_config)
[19Aug2026 16:50:32.610] [main/DEBUG] [mixin/]: MixinPlatformAgentDefault accepted container SecureJarResource(cloth_config)
[19Aug2026 16:50:32.610] [main/DEBUG] [mixin/]: Processing prepare() for PlatformAgent[MixinPlatformAgentDefault:SecureJarResource(cloth_config)]
[19Aug2026 16:50:32.610] [main/DEBUG] [mixin/]: Adding mixin platform agents for container SecureJarResource(sound_physics_remastered)
[19Aug2026 16:50:32.610] [main/DEBUG] [mixin/]: Instancing new MixinPlatformAgentMinecraftForge for SecureJarResource(sound_physics_remastered)
[19Aug2026 16:50:32.610] [main/DEBUG] [mixin/]: MixinPlatformAgentMinecraftForge rejected container SecureJarResource(sound_physics_remastered)
[19Aug2026 16:50:32.610] [main/DEBUG] [mixin/]: Instancing new MixinPlatformAgentDefault for SecureJarResource(sound_physics_remastered)
[19Aug2026 16:50:32.610] [main/DEBUG] [mixin/]: MixinPlatformAgentDefault accepted container SecureJarResource(sound_physics_remastered)
[19Aug2026 16:50:32.610] [main/DEBUG] [mixin/]: Processing prepare() for PlatformAgent[MixinPlatformAgentDefault:SecureJarResource(sound_physics_remastered)]
[19Aug2026 16:50:32.610] [main/DEBUG] [mixin/]: Adding mixin platform agents for container SecureJarResource(forge)
[19Aug2026 16:50:32.610] [main/DEBUG] [mixin/]: Instancing new MixinPlatformAgentMinecraftForge for SecureJarResource(forge)
[19Aug2026 16:50:32.610] [main/DEBUG] [mixin/]: MixinPlatformAgentMinecraftForge rejected container SecureJarResource(forge)
[19Aug2026 16:50:32.610] [main/DEBUG] [mixin/]: Instancing new MixinPlatformAgentDefault for SecureJarResource(forge)
[19Aug2026 16:50:32.610] [main/DEBUG] [mixin/]: MixinPlatformAgentDefault accepted container SecureJarResource(forge)
[19Aug2026 16:50:32.610] [main/DEBUG] [mixin/]: Processing prepare() for PlatformAgent[MixinPlatformAgentDefault:SecureJarResource(forge)]
[19Aug2026 16:50:32.610] [main/DEBUG] [mixin/]: Adding mixin platform agents for container SecureJarResource(ironchest)
[19Aug2026 16:50:32.610] [main/DEBUG] [mixin/]: Instancing new MixinPlatformAgentMinecraftForge for SecureJarResource(ironchest)
[19Aug2026 16:50:32.611] [main/DEBUG] [mixin/]: MixinPlatformAgentMinecraftForge rejected container SecureJarResource(ironchest)
[19Aug2026 16:50:32.611] [main/DEBUG] [mixin/]: Instancing new MixinPlatformAgentDefault for SecureJarResource(ironchest)
[19Aug2026 16:50:32.611] [main/DEBUG] [mixin/]: MixinPlatformAgentDefault accepted container SecureJarResource(ironchest)
[19Aug2026 16:50:32.611] [main/DEBUG] [mixin/]: Processing prepare() for PlatformAgent[MixinPlatformAgentDefault:SecureJarResource(ironchest)]
[19Aug2026 16:50:32.611] [main/DEBUG] [mixin/]: Adding mixin platform agents for container SecureJarResource(minecraft)
[19Aug2026 16:50:32.611] [main/DEBUG] [mixin/]: Instancing new MixinPlatformAgentMinecraftForge for SecureJarResource(minecraft)
[19Aug2026 16:50:32.611] [main/DEBUG] [mixin/]: MixinPlatformAgentMinecraftForge rejected container SecureJarResource(minecraft)
[19Aug2026 16:50:32.611] [main/DEBUG] [mixin/]: Instancing new MixinPlatformAgentDefault for SecureJarResource(minecraft)
[19Aug2026 16:50:32.611] [main/DEBUG] [mixin/]: MixinPlatformAgentDefault accepted container SecureJarResource(minecraft)
[19Aug2026 16:50:32.611] [main/DEBUG] [mixin/]: Processing prepare() for PlatformAgent[MixinPlatformAgentDefault:SecureJarResource(minecraft)]
[19Aug2026 16:50:32.611] [main/DEBUG] [mixin/]: Adding mixin platform agents for container SecureJarResource(endergetic)
[19Aug2026 16:50:32.611] [main/DEBUG] [mixin/]: Instancing new MixinPlatformAgentMinecraftForge for SecureJarResource(endergetic)
[19Aug2026 16:50:32.611] [main/DEBUG] [mixin/]: MixinPlatformAgentMinecraftForge rejected container SecureJarResource(endergetic)
[19Aug2026 16:50:32.611] [main/DEBUG] [mixin/]: Instancing new MixinPlatformAgentDefault for SecureJarResource(endergetic)
[19Aug2026 16:50:32.611] [main/DEBUG] [mixin/]: MixinPlatformAgentDefault accepted container SecureJarResource(endergetic)
[19Aug2026 16:50:32.611] [main/DEBUG] [mixin/]: Processing prepare() for PlatformAgent[MixinPlatformAgentDefault:SecureJarResource(endergetic)]
[19Aug2026 16:50:32.612] [main/DEBUG] [mixin/]: Registering mixin config: endergetic.mixins.json
[19Aug2026 16:50:32.635] [main/DEBUG] [mixin/]: Adding mixin platform agents for container SecureJarResource(alexscaves)
[19Aug2026 16:50:32.635] [main/DEBUG] [mixin/]: Instancing new MixinPlatformAgentMinecraftForge for SecureJarResource(alexscaves)
[19Aug2026 16:50:32.635] [main/DEBUG] [mixin/]: MixinPlatformAgentMinecraftForge rejected container SecureJarResource(alexscaves)
[19Aug2026 16:50:32.635] [main/DEBUG] [mixin/]: Instancing new MixinPlatformAgentDefault for SecureJarResource(alexscaves)
[19Aug2026 16:50:32.635] [main/DEBUG] [mixin/]: MixinPlatformAgentDefault accepted container SecureJarResource(alexscaves)
[19Aug2026 16:50:32.635] [main/DEBUG] [mixin/]: Processing prepare() for PlatformAgent[MixinPlatformAgentDefault:SecureJarResource(alexscaves)]
[19Aug2026 16:50:32.635] [main/DEBUG] [mixin/]: Registering mixin config: citadel.mixins.json
[19Aug2026 16:50:32.635] [main/DEBUG] [mixin/]: Registering mixin config: alexscaves.mixins.json
[19Aug2026 16:50:32.669] [main/DEBUG] [mixin/]: Adding mixin platform agents for container SecureJarResource(littleframes)
[19Aug2026 16:50:32.669] [main/DEBUG] [mixin/]: Instancing new MixinPlatformAgentMinecraftForge for SecureJarResource(littleframes)
[19Aug2026 16:50:32.669] [main/DEBUG] [mixin/]: MixinPlatformAgentMinecraftForge rejected container SecureJarResource(littleframes)
[19Aug2026 16:50:32.669] [main/DEBUG] [mixin/]: Instancing new MixinPlatformAgentDefault for SecureJarResource(littleframes)
[19Aug2026 16:50:32.669] [main/DEBUG] [mixin/]: MixinPlatformAgentDefault accepted container SecureJarResource(littleframes)
[19Aug2026 16:50:32.669] [main/DEBUG] [mixin/]: Processing prepare() for PlatformAgent[MixinPlatformAgentDefault:SecureJarResource(littleframes)]
[19Aug2026 16:50:32.669] [main/DEBUG] [mixin/]: Adding mixin platform agents for container SecureJarResource(terrablender)
[19Aug2026 16:50:32.669] [main/DEBUG] [mixin/]: Instancing new MixinPlatformAgentMinecraftForge for SecureJarResource(terrablender)
[19Aug2026 16:50:32.669] [main/DEBUG] [mixin/]: MixinPlatformAgentMinecraftForge rejected container SecureJarResource(terrablender)
[19Aug2026 16:50:32.669] [main/DEBUG] [mixin/]: Instancing new MixinPlatformAgentDefault for SecureJarResource(terrablender)
[19Aug2026 16:50:32.669] [main/DEBUG] [mixin/]: MixinPlatformAgentDefault accepted container SecureJarResource(terrablender)
[19Aug2026 16:50:32.669] [main/DEBUG] [mixin/]: Processing prepare() for PlatformAgent[MixinPlatformAgentDefault:SecureJarResource(terrablender)]
[19Aug2026 16:50:32.669] [main/DEBUG] [mixin/]: Registering mixin config: terrablender.mixins.json
[19Aug2026 16:50:32.671] [main/DEBUG] [mixin/]: Registering mixin config: terrablender_forge.mixins.json
[19Aug2026 16:50:32.672] [main/DEBUG] [mixin/]: Adding mixin platform agents for container SecureJarResource(moonlight)
[19Aug2026 16:50:32.672] [main/DEBUG] [mixin/]: Instancing new MixinPlatformAgentMinecraftForge for SecureJarResource(moonlight)
[19Aug2026 16:50:32.672] [main/DEBUG] [mixin/]: MixinPlatformAgentMinecraftForge rejected container SecureJarResource(moonlight)
[19Aug2026 16:50:32.672] [main/DEBUG] [mixin/]: Instancing new MixinPlatformAgentDefault for SecureJarResource(moonlight)
[19Aug2026 16:50:32.672] [main/DEBUG] [mixin/]: MixinPlatformAgentDefault accepted container SecureJarResource(moonlight)
[19Aug2026 16:50:32.672] [main/DEBUG] [mixin/]: Processing prepare() for PlatformAgent[MixinPlatformAgentDefault:SecureJarResource(moonlight)]
[19Aug2026 16:50:32.672] [main/DEBUG] [mixin/]: Registering mixin config: moonlight-common.mixins.json
[19Aug2026 16:50:32.673] [main/DEBUG] [mixin/]: Registering mixin config: moonlight.mixins.json
[19Aug2026 16:50:32.675] [main/DEBUG] [mixin/]: Adding mixin platform agents for container SecureJarResource(biomesoplenty)
[19Aug2026 16:50:32.675] [main/DEBUG] [mixin/]: Instancing new MixinPlatformAgentMinecraftForge for SecureJarResource(biomesoplenty)
[19Aug2026 16:50:32.675] [main/DEBUG] [mixin/]: MixinPlatformAgentMinecraftForge rejected container SecureJarResource(biomesoplenty)
[19Aug2026 16:50:32.675] [main/DEBUG] [mixin/]: Instancing new MixinPlatformAgentDefault for SecureJarResource(biomesoplenty)
[19Aug2026 16:50:32.675] [main/DEBUG] [mixin/]: MixinPlatformAgentDefault accepted container SecureJarResource(biomesoplenty)
[19Aug2026 16:50:32.675] [main/DEBUG] [mixin/]: Processing prepare() for PlatformAgent[MixinPlatformAgentDefault:SecureJarResource(biomesoplenty)]
[19Aug2026 16:50:32.675] [main/DEBUG] [mixin/]: Adding mixin platform agents for container SecureJarResource(mixinsquared)
[19Aug2026 16:50:32.675] [main/DEBUG] [mixin/]: Instancing new MixinPlatformAgentMinecraftForge for SecureJarResource(mixinsquared)
[19Aug2026 16:50:32.675] [main/DEBUG] [mixin/]: MixinPlatformAgentMinecraftForge rejected container SecureJarResource(mixinsquared)
[19Aug2026 16:50:32.675] [main/DEBUG] [mixin/]: Instancing new MixinPlatformAgentDefault for SecureJarResource(mixinsquared)
[19Aug2026 16:50:32.675] [main/DEBUG] [mixin/]: MixinPlatformAgentDefault accepted container SecureJarResource(mixinsquared)
[19Aug2026 16:50:32.675] [main/DEBUG] [mixin/]: Processing prepare() for PlatformAgent[MixinPlatformAgentDefault:SecureJarResource(mixinsquared)]
[19Aug2026 16:50:32.675] [main/DEBUG] [mixin/]: Registering mixin config: mixinsquared.init.mixins.json
[19Aug2026 16:50:32.677] [main/DEBUG] [mixin/]: Adding mixin platform agents for container SecureJarResource(jade)
[19Aug2026 16:50:32.677] [main/DEBUG] [mixin/]: Instancing new MixinPlatformAgentMinecraftForge for SecureJarResource(jade)
[19Aug2026 16:50:32.677] [main/DEBUG] [mixin/]: MixinPlatformAgentMinecraftForge rejected container SecureJarResource(jade)
[19Aug2026 16:50:32.677] [main/DEBUG] [mixin/]: Instancing new MixinPlatformAgentDefault for SecureJarResource(jade)
[19Aug2026 16:50:32.677] [main/DEBUG] [mixin/]: MixinPlatformAgentDefault accepted container SecureJarResource(jade)
[19Aug2026 16:50:32.677] [main/DEBUG] [mixin/]: Processing prepare() for PlatformAgent[MixinPlatformAgentDefault:SecureJarResource(jade)]
[19Aug2026 16:50:32.677] [main/DEBUG] [mixin/]: Registering mixin config: jade.mixins.json
[19Aug2026 16:50:32.678] [main/DEBUG] [mixin/]: Compatibility level JAVA_16 specified by jade.mixins.json is higher than the maximum level supported by this version of mixin (JAVA_13).
[19Aug2026 16:50:32.679] [main/DEBUG] [mixin/]: Adding mixin platform agents for container SecureJarResource(endrem)
[19Aug2026 16:50:32.679] [main/DEBUG] [mixin/]: Instancing new MixinPlatformAgentMinecraftForge for SecureJarResource(endrem)
[19Aug2026 16:50:32.679] [main/DEBUG] [mixin/]: MixinPlatformAgentMinecraftForge rejected container SecureJarResource(endrem)
[19Aug2026 16:50:32.679] [main/DEBUG] [mixin/]: Instancing new MixinPlatformAgentDefault for SecureJarResource(endrem)
[19Aug2026 16:50:32.679] [main/DEBUG] [mixin/]: MixinPlatformAgentDefault accepted container SecureJarResource(endrem)
[19Aug2026 16:50:32.679] [main/DEBUG] [mixin/]: Processing prepare() for PlatformAgent[MixinPlatformAgentDefault:SecureJarResource(endrem)]
[19Aug2026 16:50:32.680] [main/DEBUG] [mixin/]: Registering mixin config: endrem.mixins.json
[19Aug2026 16:50:32.681] [main/DEBUG] [mixin/]: Adding mixin platform agents for container SecureJarResource(creativecore)
[19Aug2026 16:50:32.681] [main/DEBUG] [mixin/]: Instancing new MixinPlatformAgentMinecraftForge for SecureJarResource(creativecore)
[19Aug2026 16:50:32.681] [main/DEBUG] [mixin/]: MixinPlatformAgentMinecraftForge rejected container SecureJarResource(creativecore)
[19Aug2026 16:50:32.681] [main/DEBUG] [mixin/]: Instancing new MixinPlatformAgentDefault for SecureJarResource(creativecore)
[19Aug2026 16:50:32.681] [main/DEBUG] [mixin/]: MixinPlatformAgentDefault accepted container SecureJarResource(creativecore)
[19Aug2026 16:50:32.681] [main/DEBUG] [mixin/]: Processing prepare() for PlatformAgent[MixinPlatformAgentDefault:SecureJarResource(creativecore)]
[19Aug2026 16:50:32.681] [main/DEBUG] [mixin/]: Registering mixin config: creativecore.mixins.json
[19Aug2026 16:50:32.683] [main/DEBUG] [mixin/]: Registering mixin config: creativecore.forge.mixins.json
[19Aug2026 16:50:32.685] [main/DEBUG] [mixin/]: Adding mixin platform agents for container SecureJarResource(chunky)
[19Aug2026 16:50:32.685] [main/DEBUG] [mixin/]: Instancing new MixinPlatformAgentMinecraftForge for SecureJarResource(chunky)
[19Aug2026 16:50:32.685] [main/DEBUG] [mixin/]: MixinPlatformAgentMinecraftForge rejected container SecureJarResource(chunky)
[19Aug2026 16:50:32.685] [main/DEBUG] [mixin/]: Instancing new MixinPlatformAgentDefault for SecureJarResource(chunky)
[19Aug2026 16:50:32.685] [main/DEBUG] [mixin/]: MixinPlatformAgentDefault accepted container SecureJarResource(chunky)
[19Aug2026 16:50:32.685] [main/DEBUG] [mixin/]: Processing prepare() for PlatformAgent[MixinPlatformAgentDefault:SecureJarResource(chunky)]
[19Aug2026 16:50:32.686] [main/DEBUG] [mixin/]: Adding mixin platform agents for container SecureJarResource(spectrelib)
[19Aug2026 16:50:32.686] [main/DEBUG] [mixin/]: Instancing new MixinPlatformAgentMinecraftForge for SecureJarResource(spectrelib)
[19Aug2026 16:50:32.686] [main/DEBUG] [mixin/]: MixinPlatformAgentMinecraftForge rejected container SecureJarResource(spectrelib)
[19Aug2026 16:50:32.686] [main/DEBUG] [mixin/]: Instancing new MixinPlatformAgentDefault for SecureJarResource(spectrelib)
[19Aug2026 16:50:32.686] [main/DEBUG] [mixin/]: MixinPlatformAgentDefault accepted container SecureJarResource(spectrelib)
[19Aug2026 16:50:32.686] [main/DEBUG] [mixin/]: Processing prepare() for PlatformAgent[MixinPlatformAgentDefault:SecureJarResource(spectrelib)]
[19Aug2026 16:50:32.686] [main/DEBUG] [mixin/]: Adding mixin platform agents for container SecureJarResource(supermartijn642corelib)
[19Aug2026 16:50:32.686] [main/DEBUG] [mixin/]: Instancing new MixinPlatformAgentMinecraftForge for SecureJarResource(supermartijn642corelib)
[19Aug2026 16:50:32.686] [main/DEBUG] [mixin/]: MixinPlatformAgentMinecraftForge rejected container SecureJarResource(supermartijn642corelib)
[19Aug2026 16:50:32.686] [main/DEBUG] [mixin/]: Instancing new MixinPlatformAgentDefault for SecureJarResource(supermartijn642corelib)
[19Aug2026 16:50:32.686] [main/DEBUG] [mixin/]: MixinPlatformAgentDefault accepted container SecureJarResource(supermartijn642corelib)
[19Aug2026 16:50:32.686] [main/DEBUG] [mixin/]: Processing prepare() for PlatformAgent[MixinPlatformAgentDefault:SecureJarResource(supermartijn642corelib)]
[19Aug2026 16:50:32.686] [main/DEBUG] [mixin/]: Registering mixin config: supermartijn642corelib.mixins.json
[19Aug2026 16:50:32.688] [main/DEBUG] [mixin/]: Adding mixin platform agents for container SecureJarResource(lionfishapi)
[19Aug2026 16:50:32.688] [main/DEBUG] [mixin/]: Instancing new MixinPlatformAgentMinecraftForge for SecureJarResource(lionfishapi)
[19Aug2026 16:50:32.689] [main/DEBUG] [mixin/]: MixinPlatformAgentMinecraftForge rejected container SecureJarResource(lionfishapi)
[19Aug2026 16:50:32.689] [main/DEBUG] [mixin/]: Instancing new MixinPlatformAgentDefault for SecureJarResource(lionfishapi)
[19Aug2026 16:50:32.689] [main/DEBUG] [mixin/]: MixinPlatformAgentDefault accepted container SecureJarResource(lionfishapi)
[19Aug2026 16:50:32.689] [main/DEBUG] [mixin/]: Processing prepare() for PlatformAgent[MixinPlatformAgentDefault:SecureJarResource(lionfishapi)]
[19Aug2026 16:50:32.689] [main/DEBUG] [mixin/]: Registering mixin config: lionfishapi.mixins.json
[19Aug2026 16:50:32.691] [main/DEBUG] [mixin/]: Adding mixin platform agents for container SecureJarResource(kotlinforforge)
[19Aug2026 16:50:32.691] [main/DEBUG] [mixin/]: Instancing new MixinPlatformAgentMinecraftForge for SecureJarResource(kotlinforforge)
[19Aug2026 16:50:32.691] [main/DEBUG] [mixin/]: MixinPlatformAgentMinecraftForge rejected container SecureJarResource(kotlinforforge)
[19Aug2026 16:50:32.691] [main/DEBUG] [mixin/]: Instancing new MixinPlatformAgentDefault for SecureJarResource(kotlinforforge)
[19Aug2026 16:50:32.691] [main/DEBUG] [mixin/]: MixinPlatformAgentDefault accepted container SecureJarResource(kotlinforforge)
[19Aug2026 16:50:32.691] [main/DEBUG] [mixin/]: Processing prepare() for PlatformAgent[MixinPlatformAgentDefault:SecureJarResource(kotlinforforge)]
[19Aug2026 16:50:32.691] [main/DEBUG] [mixin/]: Adding mixin platform agents for container SecureJarResource(cataclysm)
[19Aug2026 16:50:32.691] [main/DEBUG] [mixin/]: Instancing new MixinPlatformAgentMinecraftForge for SecureJarResource(cataclysm)
[19Aug2026 16:50:32.691] [main/DEBUG] [mixin/]: MixinPlatformAgentMinecraftForge rejected container SecureJarResource(cataclysm)
[19Aug2026 16:50:32.691] [main/DEBUG] [mixin/]: Instancing new MixinPlatformAgentDefault for SecureJarResource(cataclysm)
[19Aug2026 16:50:32.691] [main/DEBUG] [mixin/]: MixinPlatformAgentDefault accepted container SecureJarResource(cataclysm)
[19Aug2026 16:50:32.691] [main/DEBUG] [mixin/]: Processing prepare() for PlatformAgent[MixinPlatformAgentDefault:SecureJarResource(cataclysm)]
[19Aug2026 16:50:32.691] [main/DEBUG] [mixin/]: Registering mixin config: lionfishapi.mixins.json
[19Aug2026 16:50:32.691] [main/DEBUG] [mixin/]: Registering mixin config: cataclysm.mixins.json
[19Aug2026 16:50:32.693] [main/DEBUG] [mixin/]: Adding mixin platform agents for container SecureJarResource(curios)
[19Aug2026 16:50:32.693] [main/DEBUG] [mixin/]: Instancing new MixinPlatformAgentMinecraftForge for SecureJarResource(curios)
[19Aug2026 16:50:32.693] [main/DEBUG] [mixin/]: MixinPlatformAgentMinecraftForge rejected container SecureJarResource(curios)
[19Aug2026 16:50:32.693] [main/DEBUG] [mixin/]: Instancing new MixinPlatformAgentDefault for SecureJarResource(curios)
[19Aug2026 16:50:32.693] [main/DEBUG] [mixin/]: MixinPlatformAgentDefault accepted container SecureJarResource(curios)
[19Aug2026 16:50:32.693] [main/DEBUG] [mixin/]: Processing prepare() for PlatformAgent[MixinPlatformAgentDefault:SecureJarResource(curios)]
[19Aug2026 16:50:32.693] [main/DEBUG] [mixin/]: Registering mixin config: curios.mixins.json
[19Aug2026 16:50:32.695] [main/DEBUG] [mixin/]: Adding mixin platform agents for container SecureJarResource(patchouli)
[19Aug2026 16:50:32.695] [main/DEBUG] [mixin/]: Instancing new MixinPlatformAgentMinecraftForge for SecureJarResource(patchouli)
[19Aug2026 16:50:32.695] [main/DEBUG] [mixin/]: MixinPlatformAgentMinecraftForge rejected container SecureJarResource(patchouli)
[19Aug2026 16:50:32.695] [main/DEBUG] [mixin/]: Instancing new MixinPlatformAgentDefault for SecureJarResource(patchouli)
[19Aug2026 16:50:32.695] [main/DEBUG] [mixin/]: MixinPlatformAgentDefault accepted container SecureJarResource(patchouli)
[19Aug2026 16:50:32.695] [main/DEBUG] [mixin/]: Processing prepare() for PlatformAgent[MixinPlatformAgentDefault:SecureJarResource(patchouli)]
[19Aug2026 16:50:32.695] [main/DEBUG] [mixin/]: Registering mixin config: patchouli_xplat.mixins.json
[19Aug2026 16:50:32.696] [main/DEBUG] [mixin/]: Adding mixin platform agents for container SecureJarResource(xaerominimap)
[19Aug2026 16:50:32.697] [main/DEBUG] [mixin/]: Instancing new MixinPlatformAgentMinecraftForge for SecureJarResource(xaerominimap)
[19Aug2026 16:50:32.697] [main/DEBUG] [mixin/]: MixinPlatformAgentMinecraftForge rejected container SecureJarResource(xaerominimap)
[19Aug2026 16:50:32.697] [main/DEBUG] [mixin/]: Instancing new MixinPlatformAgentDefault for SecureJarResource(xaerominimap)
[19Aug2026 16:50:32.697] [main/DEBUG] [mixin/]: MixinPlatformAgentDefault accepted container SecureJarResource(xaerominimap)
[19Aug2026 16:50:32.697] [main/DEBUG] [mixin/]: Processing prepare() for PlatformAgent[MixinPlatformAgentDefault:SecureJarResource(xaerominimap)]
[19Aug2026 16:50:32.697] [main/DEBUG] [mixin/]: Registering mixin config: xaerohud.mixins.json
[19Aug2026 16:50:32.698] [main/DEBUG] [mixin/]: Registering mixin config: xaerohud.forge.mixins.json
[19Aug2026 16:50:32.699] [main/DEBUG] [mixin/]: Registering mixin config: xaerominimap.mixins.json
[19Aug2026 16:50:32.700] [main/DEBUG] [mixin/]: Registering mixin config: xaerominimap.forge.mixins.json
[19Aug2026 16:50:32.702] [main/DEBUG] [mixin/]: Adding mixin platform agents for container SecureJarResource(betterbiomeblend)
[19Aug2026 16:50:32.702] [main/DEBUG] [mixin/]: Instancing new MixinPlatformAgentMinecraftForge for SecureJarResource(betterbiomeblend)
[19Aug2026 16:50:32.702] [main/DEBUG] [mixin/]: MixinPlatformAgentMinecraftForge rejected container SecureJarResource(betterbiomeblend)
[19Aug2026 16:50:32.702] [main/DEBUG] [mixin/]: Instancing new MixinPlatformAgentDefault for SecureJarResource(betterbiomeblend)
[19Aug2026 16:50:32.702] [main/DEBUG] [mixin/]: MixinPlatformAgentDefault accepted container SecureJarResource(betterbiomeblend)
[19Aug2026 16:50:32.702] [main/DEBUG] [mixin/]: Processing prepare() for PlatformAgent[MixinPlatformAgentDefault:SecureJarResource(betterbiomeblend)]
[19Aug2026 16:50:32.702] [main/DEBUG] [mixin/]: Registering mixin config: betterbiomeblend.mixins.json
[19Aug2026 16:50:32.703] [main/DEBUG] [mixin/]: Registering mixin config: betterbiomeblend-embeddium.mixins.json
[19Aug2026 16:50:32.705] [main/DEBUG] [mixin/]: Adding mixin platform agents for container SecureJarResource(polymorph)
[19Aug2026 16:50:32.705] [main/DEBUG] [mixin/]: Instancing new MixinPlatformAgentMinecraftForge for SecureJarResource(polymorph)
[19Aug2026 16:50:32.705] [main/DEBUG] [mixin/]: MixinPlatformAgentMinecraftForge rejected container SecureJarResource(polymorph)
[19Aug2026 16:50:32.705] [main/DEBUG] [mixin/]: Instancing new MixinPlatformAgentDefault for SecureJarResource(polymorph)
[19Aug2026 16:50:32.705] [main/DEBUG] [mixin/]: MixinPlatformAgentDefault accepted container SecureJarResource(polymorph)
[19Aug2026 16:50:32.705] [main/DEBUG] [mixin/]: Processing prepare() for PlatformAgent[MixinPlatformAgentDefault:SecureJarResource(polymorph)]
[19Aug2026 16:50:32.706] [main/DEBUG] [mixin/]: Registering mixin config: polymorph.mixins.json
[19Aug2026 16:50:32.713] [main/DEBUG] [mixin/]: Registering mixin config: polymorph-integrations.forge.mixins.json
[19Aug2026 16:50:32.714] [main/DEBUG] [mixin/]: Compatibility level JAVA_16 specified by polymorph-integrations.forge.mixins.json is higher than the maximum level supported by this version of mixin (JAVA_13).
[19Aug2026 16:50:32.715] [main/DEBUG] [mixin/]: Adding mixin platform agents for container SecureJarResource(securitycraft)
[19Aug2026 16:50:32.715] [main/DEBUG] [mixin/]: Instancing new MixinPlatformAgentMinecraftForge for SecureJarResource(securitycraft)
[19Aug2026 16:50:32.715] [main/DEBUG] [mixin/]: MixinPlatformAgentMinecraftForge rejected container SecureJarResource(securitycraft)
[19Aug2026 16:50:32.715] [main/DEBUG] [mixin/]: Instancing new MixinPlatformAgentDefault for SecureJarResource(securitycraft)
[19Aug2026 16:50:32.715] [main/DEBUG] [mixin/]: MixinPlatformAgentDefault accepted container SecureJarResource(securitycraft)
[19Aug2026 16:50:32.715] [main/DEBUG] [mixin/]: Processing prepare() for PlatformAgent[MixinPlatformAgentDefault:SecureJarResource(securitycraft)]
[19Aug2026 16:50:32.715] [main/DEBUG] [mixin/]: Registering mixin config: securitycraft.mixins.json
[19Aug2026 16:50:32.719] [main/DEBUG] [mixin/]: Adding mixin platform agents for container SecureJarResource(mr_dungeons_andtaverns)
[19Aug2026 16:50:32.720] [main/DEBUG] [mixin/]: Instancing new MixinPlatformAgentMinecraftForge for SecureJarResource(mr_dungeons_andtaverns)
[19Aug2026 16:50:32.720] [main/DEBUG] [mixin/]: MixinPlatformAgentMinecraftForge rejected container SecureJarResource(mr_dungeons_andtaverns)
[19Aug2026 16:50:32.720] [main/DEBUG] [mixin/]: Instancing new MixinPlatformAgentDefault for SecureJarResource(mr_dungeons_andtaverns)
[19Aug2026 16:50:32.720] [main/DEBUG] [mixin/]: MixinPlatformAgentDefault accepted container SecureJarResource(mr_dungeons_andtaverns)
[19Aug2026 16:50:32.721] [main/DEBUG] [mixin/]: Processing prepare() for PlatformAgent[MixinPlatformAgentDefault:SecureJarResource(mr_dungeons_andtaverns)]
[19Aug2026 16:50:32.721] [main/DEBUG] [mixin/]: Adding mixin platform agents for container SecureJarResource(entityculling)
[19Aug2026 16:50:32.721] [main/DEBUG] [mixin/]: Instancing new MixinPlatformAgentMinecraftForge for SecureJarResource(entityculling)
[19Aug2026 16:50:32.721] [main/DEBUG] [mixin/]: MixinPlatformAgentMinecraftForge rejected container SecureJarResource(entityculling)
[19Aug2026 16:50:32.721] [main/DEBUG] [mixin/]: Instancing new MixinPlatformAgentDefault for SecureJarResource(entityculling)
[19Aug2026 16:50:32.721] [main/DEBUG] [mixin/]: MixinPlatformAgentDefault accepted container SecureJarResource(entityculling)
[19Aug2026 16:50:32.721] [main/DEBUG] [mixin/]: Processing prepare() for PlatformAgent[MixinPlatformAgentDefault:SecureJarResource(entityculling)]
[19Aug2026 16:50:32.721] [main/DEBUG] [mixin/]: Registering mixin config: entityculling.mixins.json
[19Aug2026 16:50:32.722] [main/DEBUG] [mixin/]: Compatibility level JAVA_16 specified by entityculling.mixins.json is higher than the maximum level supported by this version of mixin (JAVA_13).
[19Aug2026 16:50:32.723] [main/DEBUG] [mixin/]: Adding mixin platform agents for container SecureJarResource(tombstone)
[19Aug2026 16:50:32.723] [main/DEBUG] [mixin/]: Instancing new MixinPlatformAgentMinecraftForge for SecureJarResource(tombstone)
[19Aug2026 16:50:32.723] [main/DEBUG] [mixin/]: MixinPlatformAgentMinecraftForge rejected container SecureJarResource(tombstone)
[19Aug2026 16:50:32.723] [main/DEBUG] [mixin/]: Instancing new MixinPlatformAgentDefault for SecureJarResource(tombstone)
[19Aug2026 16:50:32.723] [main/DEBUG] [mixin/]: MixinPlatformAgentDefault accepted container SecureJarResource(tombstone)
[19Aug2026 16:50:32.723] [main/DEBUG] [mixin/]: Processing prepare() for PlatformAgent[MixinPlatformAgentDefault:SecureJarResource(tombstone)]
[19Aug2026 16:50:32.723] [main/DEBUG] [mixin/]: Registering mixin config: tombstone.mixins.json
[19Aug2026 16:50:32.725] [main/DEBUG] [mixin/]: Adding mixin platform agents for container SecureJarResource(immediatelyfast)
[19Aug2026 16:50:32.725] [main/DEBUG] [mixin/]: Instancing new MixinPlatformAgentMinecraftForge for SecureJarResource(immediatelyfast)
[19Aug2026 16:50:32.727] [main/DEBUG] [mixin/]: MixinPlatformAgentMinecraftForge rejected container SecureJarResource(immediatelyfast)
[19Aug2026 16:50:32.727] [main/DEBUG] [mixin/]: Instancing new MixinPlatformAgentDefault for SecureJarResource(immediatelyfast)
[19Aug2026 16:50:32.728] [main/DEBUG] [mixin/]: MixinPlatformAgentDefault accepted container SecureJarResource(immediatelyfast)
[19Aug2026 16:50:32.728] [main/DEBUG] [mixin/]: Processing prepare() for PlatformAgent[MixinPlatformAgentDefault:SecureJarResource(immediatelyfast)]
[19Aug2026 16:50:32.728] [main/DEBUG] [mixin/]: Registering mixin config: immediatelyfast-common.mixins.json
[19Aug2026 16:50:32.729] [main/DEBUG] [mixin/]: Registering mixin config: immediatelyfast-forge.mixins.json
[19Aug2026 16:50:32.732] [main/DEBUG] [mixin/]: Adding mixin platform agents for container SecureJarResource(coroutil)
[19Aug2026 16:50:32.734] [main/DEBUG] [mixin/]: Instancing new MixinPlatformAgentMinecraftForge for SecureJarResource(coroutil)
[19Aug2026 16:50:32.734] [main/DEBUG] [mixin/]: MixinPlatformAgentMinecraftForge rejected container SecureJarResource(coroutil)
[19Aug2026 16:50:32.734] [main/DEBUG] [mixin/]: Instancing new MixinPlatformAgentDefault for SecureJarResource(coroutil)
[19Aug2026 16:50:32.734] [main/DEBUG] [mixin/]: MixinPlatformAgentDefault accepted container SecureJarResource(coroutil)
[19Aug2026 16:50:32.734] [main/DEBUG] [mixin/]: Processing prepare() for PlatformAgent[MixinPlatformAgentDefault:SecureJarResource(coroutil)]
[19Aug2026 16:50:32.734] [main/DEBUG] [mixin/]: Registering mixin config: coroutil.mixins.json
[19Aug2026 16:50:32.737] [main/DEBUG] [mixin/]: Adding mixin platform agents for container SecureJarResource(fastfurnace)
[19Aug2026 16:50:32.737] [main/DEBUG] [mixin/]: Instancing new MixinPlatformAgentMinecraftForge for SecureJarResource(fastfurnace)
[19Aug2026 16:50:32.737] [main/DEBUG] [mixin/]: MixinPlatformAgentMinecraftForge rejected container SecureJarResource(fastfurnace)
[19Aug2026 16:50:32.737] [main/DEBUG] [mixin/]: Instancing new MixinPlatformAgentDefault for SecureJarResource(fastfurnace)
[19Aug2026 16:50:32.738] [main/DEBUG] [mixin/]: MixinPlatformAgentDefault accepted container SecureJarResource(fastfurnace)
[19Aug2026 16:50:32.738] [main/DEBUG] [mixin/]: Processing prepare() for PlatformAgent[MixinPlatformAgentDefault:SecureJarResource(fastfurnace)]
[19Aug2026 16:50:32.738] [main/DEBUG] [mixin/]: Registering mixin config: fastfurnace.mixins.json
[19Aug2026 16:50:32.740] [main/DEBUG] [mixin/]: Adding mixin platform agents for container SecureJarResource(architectury)
[19Aug2026 16:50:32.740] [main/DEBUG] [mixin/]: Instancing new MixinPlatformAgentMinecraftForge for SecureJarResource(architectury)
[19Aug2026 16:50:32.740] [main/DEBUG] [mixin/]: MixinPlatformAgentMinecraftForge rejected container SecureJarResource(architectury)
[19Aug2026 16:50:32.740] [main/DEBUG] [mixin/]: Instancing new MixinPlatformAgentDefault for SecureJarResource(architectury)
[19Aug2026 16:50:32.740] [main/DEBUG] [mixin/]: MixinPlatformAgentDefault accepted container SecureJarResource(architectury)
[19Aug2026 16:50:32.740] [main/DEBUG] [mixin/]: Processing prepare() for PlatformAgent[MixinPlatformAgentDefault:SecureJarResource(architectury)]
[19Aug2026 16:50:32.740] [main/DEBUG] [mixin/]: Registering mixin config: architectury.mixins.json
[19Aug2026 16:50:32.742] [main/DEBUG] [mixin/]: Compatibility level JAVA_16 specified by architectury.mixins.json is higher than the maximum level supported by this version of mixin (JAVA_13).
[19Aug2026 16:50:32.744] [main/DEBUG] [mixin/]: Registering mixin config: architectury-common.mixins.json
[19Aug2026 16:50:32.746] [main/DEBUG] [mixin/]: Compatibility level JAVA_16 specified by architectury-common.mixins.json is higher than the maximum level supported by this version of mixin (JAVA_13).
[19Aug2026 16:50:32.746] [main/DEBUG] [mixin/]: Adding mixin platform agents for container SecureJarResource(skin_changer)
[19Aug2026 16:50:32.746] [main/DEBUG] [mixin/]: Instancing new MixinPlatformAgentMinecraftForge for SecureJarResource(skin_changer)
[19Aug2026 16:50:32.746] [main/DEBUG] [mixin/]: MixinPlatformAgentMinecraftForge rejected container SecureJarResource(skin_changer)
[19Aug2026 16:50:32.746] [main/DEBUG] [mixin/]: Instancing new MixinPlatformAgentDefault for SecureJarResource(skin_changer)
[19Aug2026 16:50:32.746] [main/DEBUG] [mixin/]: MixinPlatformAgentDefault accepted container SecureJarResource(skin_changer)
[19Aug2026 16:50:32.746] [main/DEBUG] [mixin/]: Processing prepare() for PlatformAgent[MixinPlatformAgentDefault:SecureJarResource(skin_changer)]
[19Aug2026 16:50:32.746] [main/DEBUG] [mixin/]: Registering mixin config: skin_changer.mixins.json
[19Aug2026 16:50:32.748] [main/DEBUG] [mixin/]: Adding mixin platform agents for container SecureJarResource(ferritecore)
[19Aug2026 16:50:32.748] [main/DEBUG] [mixin/]: Instancing new MixinPlatformAgentMinecraftForge for SecureJarResource(ferritecore)
[19Aug2026 16:50:32.748] [main/DEBUG] [mixin/]: MixinPlatformAgentMinecraftForge rejected container SecureJarResource(ferritecore)
[19Aug2026 16:50:32.748] [main/DEBUG] [mixin/]: Instancing new MixinPlatformAgentDefault for SecureJarResource(ferritecore)
[19Aug2026 16:50:32.748] [main/DEBUG] [mixin/]: MixinPlatformAgentDefault accepted container SecureJarResource(ferritecore)
[19Aug2026 16:50:32.748] [main/DEBUG] [mixin/]: Processing prepare() for PlatformAgent[MixinPlatformAgentDefault:SecureJarResource(ferritecore)]
[19Aug2026 16:50:32.748] [main/DEBUG] [mixin/]: Registering mixin config: ferritecore.predicates.mixin.json
[19Aug2026 16:50:32.751] [main/DEBUG] [mixin/]: Registering mixin config: ferritecore.fastmap.mixin.json
[19Aug2026 16:50:32.752] [main/DEBUG] [mixin/]: Registering mixin config: ferritecore.mrl.mixin.json
[19Aug2026 16:50:32.754] [main/DEBUG] [mixin/]: Registering mixin config: ferritecore.dedupmultipart.mixin.json
[19Aug2026 16:50:32.755] [main/DEBUG] [mixin/]: Registering mixin config: ferritecore.blockstatecache.mixin.json
[19Aug2026 16:50:32.757] [main/DEBUG] [mixin/]: Registering mixin config: ferritecore.dedupbakedquad.mixin.json
[19Aug2026 16:50:32.759] [main/DEBUG] [mixin/]: Registering mixin config: ferritecore.threaddetec.mixin.json
[19Aug2026 16:50:32.761] [main/DEBUG] [mixin/]: Registering mixin config: ferritecore.modelsides.mixin.json
[19Aug2026 16:50:32.762] [main/DEBUG] [mixin/]: Adding mixin platform agents for container SecureJarResource(cupboard)
[19Aug2026 16:50:32.763] [main/DEBUG] [mixin/]: Instancing new MixinPlatformAgentMinecraftForge for SecureJarResource(cupboard)
[19Aug2026 16:50:32.763] [main/DEBUG] [mixin/]: MixinPlatformAgentMinecraftForge rejected container SecureJarResource(cupboard)
[19Aug2026 16:50:32.763] [main/DEBUG] [mixin/]: Instancing new MixinPlatformAgentDefault for SecureJarResource(cupboard)
[19Aug2026 16:50:32.763] [main/DEBUG] [mixin/]: MixinPlatformAgentDefault accepted container SecureJarResource(cupboard)
[19Aug2026 16:50:32.763] [main/DEBUG] [mixin/]: Processing prepare() for PlatformAgent[MixinPlatformAgentDefault:SecureJarResource(cupboard)]
[19Aug2026 16:50:32.763] [main/DEBUG] [mixin/]: Registering mixin config: cupboard.mixins.json
[19Aug2026 16:50:32.764] [main/DEBUG] [mixin/]: Adding mixin platform agents for container SecureJarResource(transition)
[19Aug2026 16:50:32.765] [main/DEBUG] [mixin/]: Instancing new MixinPlatformAgentMinecraftForge for SecureJarResource(transition)
[19Aug2026 16:50:32.765] [main/DEBUG] [mixin/]: MixinPlatformAgentMinecraftForge rejected container SecureJarResource(transition)
[19Aug2026 16:50:32.765] [main/DEBUG] [mixin/]: Instancing new MixinPlatformAgentDefault for SecureJarResource(transition)
[19Aug2026 16:50:32.765] [main/DEBUG] [mixin/]: MixinPlatformAgentDefault accepted container SecureJarResource(transition)
[19Aug2026 16:50:32.765] [main/DEBUG] [mixin/]: Processing prepare() for PlatformAgent[MixinPlatformAgentDefault:SecureJarResource(transition)]
[19Aug2026 16:50:32.765] [main/DEBUG] [mixin/]: Registering mixin config: transition.mixins.json
[19Aug2026 16:50:32.767] [main/DEBUG] [mixin/]: Adding mixin platform agents for container SecureJarResource(refurbished_furniture)
[19Aug2026 16:50:32.767] [main/DEBUG] [mixin/]: Instancing new MixinPlatformAgentMinecraftForge for SecureJarResource(refurbished_furniture)
[19Aug2026 16:50:32.767] [main/DEBUG] [mixin/]: MixinPlatformAgentMinecraftForge rejected container SecureJarResource(refurbished_furniture)
[19Aug2026 16:50:32.767] [main/DEBUG] [mixin/]: Instancing new MixinPlatformAgentDefault for SecureJarResource(refurbished_furniture)
[19Aug2026 16:50:32.767] [main/DEBUG] [mixin/]: MixinPlatformAgentDefault accepted container SecureJarResource(refurbished_furniture)
[19Aug2026 16:50:32.767] [main/DEBUG] [mixin/]: Processing prepare() for PlatformAgent[MixinPlatformAgentDefault:SecureJarResource(refurbished_furniture)]
[19Aug2026 16:50:32.767] [main/DEBUG] [mixin/]: Registering mixin config: refurbished_furniture.common.mixins.json
[19Aug2026 16:50:32.771] [main/DEBUG] [mixin/]: Adding mixin platform agents for container SecureJarResource(puzzleslib)
[19Aug2026 16:50:32.771] [main/DEBUG] [mixin/]: Instancing new MixinPlatformAgentMinecraftForge for SecureJarResource(puzzleslib)
[19Aug2026 16:50:32.771] [main/DEBUG] [mixin/]: MixinPlatformAgentMinecraftForge rejected container SecureJarResource(puzzleslib)
[19Aug2026 16:50:32.771] [main/DEBUG] [mixin/]: Instancing new MixinPlatformAgentDefault for SecureJarResource(puzzleslib)
[19Aug2026 16:50:32.771] [main/DEBUG] [mixin/]: MixinPlatformAgentDefault accepted container SecureJarResource(puzzleslib)
[19Aug2026 16:50:32.771] [main/DEBUG] [mixin/]: Processing prepare() for PlatformAgent[MixinPlatformAgentDefault:SecureJarResource(puzzleslib)]
[19Aug2026 16:50:32.771] [main/DEBUG] [mixin/]: Registering mixin config: puzzleslib.common.mixins.json
[19Aug2026 16:50:32.773] [main/DEBUG] [mixin/]: Registering mixin config: puzzleslib.forge.mixins.json
[19Aug2026 16:50:32.775] [main/DEBUG] [mixin/]: Adding mixin platform agents for container SecureJarResource(framework)
[19Aug2026 16:50:32.775] [main/DEBUG] [mixin/]: Instancing new MixinPlatformAgentMinecraftForge for SecureJarResource(framework)
[19Aug2026 16:50:32.775] [main/DEBUG] [mixin/]: MixinPlatformAgentMinecraftForge rejected container SecureJarResource(framework)
[19Aug2026 16:50:32.775] [main/DEBUG] [mixin/]: Instancing new MixinPlatformAgentDefault for SecureJarResource(framework)
[19Aug2026 16:50:32.775] [main/DEBUG] [mixin/]: MixinPlatformAgentDefault accepted container SecureJarResource(framework)
[19Aug2026 16:50:32.775] [main/DEBUG] [mixin/]: Processing prepare() for PlatformAgent[MixinPlatformAgentDefault:SecureJarResource(framework)]
[19Aug2026 16:50:32.775] [main/DEBUG] [mixin/]: Adding mixin platform agents for container SecureJarResource(expandability)
[19Aug2026 16:50:32.775] [main/DEBUG] [mixin/]: Instancing new MixinPlatformAgentMinecraftForge for SecureJarResource(expandability)
[19Aug2026 16:50:32.775] [main/DEBUG] [mixin/]: MixinPlatformAgentMinecraftForge rejected container SecureJarResource(expandability)
[19Aug2026 16:50:32.775] [main/DEBUG] [mixin/]: Instancing new MixinPlatformAgentDefault for SecureJarResource(expandability)
[19Aug2026 16:50:32.775] [main/DEBUG] [mixin/]: MixinPlatformAgentDefault accepted container SecureJarResource(expandability)
[19Aug2026 16:50:32.775] [main/DEBUG] [mixin/]: Processing prepare() for PlatformAgent[MixinPlatformAgentDefault:SecureJarResource(expandability)]
[19Aug2026 16:50:32.775] [main/DEBUG] [mixin/]: Registering mixin config: expandability.mixins.json
[19Aug2026 16:50:32.777] [main/DEBUG] [mixin/]: Registering mixin config: expandability-common.mixins.json
[19Aug2026 16:50:32.778] [main/DEBUG] [mixin/]: Adding mixin platform agents for container SecureJarResource(mclib)
[19Aug2026 16:50:32.779] [main/DEBUG] [mixin/]: Instancing new MixinPlatformAgentMinecraftForge for SecureJarResource(mclib)
[19Aug2026 16:50:32.779] [main/DEBUG] [mixin/]: MixinPlatformAgentMinecraftForge rejected container SecureJarResource(mclib)
[19Aug2026 16:50:32.779] [main/DEBUG] [mixin/]: Instancing new MixinPlatformAgentDefault for SecureJarResource(mclib)
[19Aug2026 16:50:32.779] [main/DEBUG] [mixin/]: MixinPlatformAgentDefault accepted container SecureJarResource(mclib)
[19Aug2026 16:50:32.779] [main/DEBUG] [mixin/]: Processing prepare() for PlatformAgent[MixinPlatformAgentDefault:SecureJarResource(mclib)]
[19Aug2026 16:50:32.779] [main/DEBUG] [mixin/]: Adding mixin platform agents for container SecureJarResource(mixinextras)
[19Aug2026 16:50:32.779] [main/DEBUG] [mixin/]: Instancing new MixinPlatformAgentMinecraftForge for SecureJarResource(mixinextras)
[19Aug2026 16:50:32.779] [main/DEBUG] [mixin/]: MixinPlatformAgentMinecraftForge rejected container SecureJarResource(mixinextras)
[19Aug2026 16:50:32.779] [main/DEBUG] [mixin/]: Instancing new MixinPlatformAgentDefault for SecureJarResource(mixinextras)
[19Aug2026 16:50:32.779] [main/DEBUG] [mixin/]: MixinPlatformAgentDefault accepted container SecureJarResource(mixinextras)
[19Aug2026 16:50:32.779] [main/DEBUG] [mixin/]: Processing prepare() for PlatformAgent[MixinPlatformAgentDefault:SecureJarResource(mixinextras)]
[19Aug2026 16:50:32.779] [main/DEBUG] [mixin/]: Registering mixin config: mixinextras.init.mixins.json
[19Aug2026 16:50:32.781] [main/DEBUG] [mixin/]: Adding mixin platform agents for container SecureJarResource(MixinSquared)
[19Aug2026 16:50:32.781] [main/DEBUG] [mixin/]: Instancing new MixinPlatformAgentMinecraftForge for SecureJarResource(MixinSquared)
[19Aug2026 16:50:32.781] [main/DEBUG] [mixin/]: MixinPlatformAgentMinecraftForge rejected container SecureJarResource(MixinSquared)
[19Aug2026 16:50:32.781] [main/DEBUG] [mixin/]: Instancing new MixinPlatformAgentDefault for SecureJarResource(MixinSquared)
[19Aug2026 16:50:32.781] [main/DEBUG] [mixin/]: MixinPlatformAgentDefault accepted container SecureJarResource(MixinSquared)
[19Aug2026 16:50:32.781] [main/DEBUG] [mixin/]: Processing prepare() for PlatformAgent[MixinPlatformAgentDefault:SecureJarResource(MixinSquared)]
[19Aug2026 16:50:32.781] [main/DEBUG] [mixin/]: Adding mixin platform agents for container SecureJarResource(thedarkcolour.kotlinforforge.kfflib)
[19Aug2026 16:50:32.781] [main/DEBUG] [mixin/]: Instancing new MixinPlatformAgentMinecraftForge for SecureJarResource(thedarkcolour.kotlinforforge.kfflib)
[19Aug2026 16:50:32.781] [main/DEBUG] [mixin/]: MixinPlatformAgentMinecraftForge rejected container SecureJarResource(thedarkcolour.kotlinforforge.kfflib)
[19Aug2026 16:50:32.781] [main/DEBUG] [mixin/]: Instancing new MixinPlatformAgentDefault for SecureJarResource(thedarkcolour.kotlinforforge.kfflib)
[19Aug2026 16:50:32.781] [main/DEBUG] [mixin/]: MixinPlatformAgentDefault accepted container SecureJarResource(thedarkcolour.kotlinforforge.kfflib)
[19Aug2026 16:50:32.781] [main/DEBUG] [mixin/]: Processing prepare() for PlatformAgent[MixinPlatformAgentDefault:SecureJarResource(thedarkcolour.kotlinforforge.kfflib)]
[19Aug2026 16:50:32.781] [main/DEBUG] [mixin/]: Adding mixin platform agents for container SecureJarResource(MixinExtras)
[19Aug2026 16:50:32.781] [main/DEBUG] [mixin/]: Instancing new MixinPlatformAgentMinecraftForge for SecureJarResource(MixinExtras)
[19Aug2026 16:50:32.781] [main/DEBUG] [mixin/]: MixinPlatformAgentMinecraftForge rejected container SecureJarResource(MixinExtras)
[19Aug2026 16:50:32.781] [main/DEBUG] [mixin/]: Instancing new MixinPlatformAgentDefault for SecureJarResource(MixinExtras)
[19Aug2026 16:50:32.781] [main/DEBUG] [mixin/]: MixinPlatformAgentDefault accepted container SecureJarResource(MixinExtras)
[19Aug2026 16:50:32.781] [main/DEBUG] [mixin/]: Processing prepare() for PlatformAgent[MixinPlatformAgentDefault:SecureJarResource(MixinExtras)]
[19Aug2026 16:50:32.781] [main/DEBUG] [mixin/]: Adding mixin platform agents for container SecureJarResource(Reflect)
[19Aug2026 16:50:32.781] [main/DEBUG] [mixin/]: Instancing new MixinPlatformAgentMinecraftForge for SecureJarResource(Reflect)
[19Aug2026 16:50:32.781] [main/DEBUG] [mixin/]: MixinPlatformAgentMinecraftForge rejected container SecureJarResource(Reflect)
[19Aug2026 16:50:32.781] [main/DEBUG] [mixin/]: Instancing new MixinPlatformAgentDefault for SecureJarResource(Reflect)
[19Aug2026 16:50:32.781] [main/DEBUG] [mixin/]: MixinPlatformAgentDefault accepted container SecureJarResource(Reflect)
[19Aug2026 16:50:32.781] [main/DEBUG] [mixin/]: Processing prepare() for PlatformAgent[MixinPlatformAgentDefault:SecureJarResource(Reflect)]
[19Aug2026 16:50:32.782] [main/DEBUG] [mixin/]: inject() running with 77 agents
[19Aug2026 16:50:32.782] [main/DEBUG] [mixin/]: Processing inject() for PlatformAgent[MixinPlatformAgentDefault:ModLauncher Root Container(ModLauncher:4f56a0a2)]
[19Aug2026 16:50:32.782] [main/DEBUG] [mixin/]: Processing inject() for PlatformAgent[MixinPlatformAgentDefault:SecureJarResource(kuma_api)]
[19Aug2026 16:50:32.782] [main/DEBUG] [mixin/]: Processing inject() for PlatformAgent[MixinPlatformAgentDefault:SecureJarResource(supermartijn642configlib)]
[19Aug2026 16:50:32.782] [main/DEBUG] [mixin/]: Processing inject() for PlatformAgent[MixinPlatformAgentDefault:SecureJarResource(trashslot)]
[19Aug2026 16:50:32.782] [main/DEBUG] [mixin/]: Processing inject() for PlatformAgent[MixinPlatformAgentDefault:SecureJarResource(geckolib)]
[19Aug2026 16:50:32.782] [main/DEBUG] [mixin/]: Processing inject() for PlatformAgent[MixinPlatformAgentDefault:SecureJarResource(playeranimator)]
[19Aug2026 16:50:32.782] [main/DEBUG] [mixin/]: Processing inject() for PlatformAgent[MixinPlatformAgentDefault:SecureJarResource(jei)]
[19Aug2026 16:50:32.782] [main/DEBUG] [mixin/]: Processing inject() for PlatformAgent[MixinPlatformAgentDefault:SecureJarResource(xaerolib)]
[19Aug2026 16:50:32.782] [main/DEBUG] [mixin/]: Processing inject() for PlatformAgent[MixinPlatformAgentDefault:SecureJarResource(trender)]
[19Aug2026 16:50:32.782] [main/DEBUG] [mixin/]: Processing inject() for PlatformAgent[MixinPlatformAgentDefault:SecureJarResource(stalwart_dungeons)]
[19Aug2026 16:50:32.782] [main/DEBUG] [mixin/]: Processing inject() for PlatformAgent[MixinPlatformAgentDefault:SecureJarResource(sophisticatedcore)]
[19Aug2026 16:50:32.782] [main/DEBUG] [mixin/]: Processing inject() for PlatformAgent[MixinPlatformAgentDefault:SecureJarResource(ntgl)]
[19Aug2026 16:50:32.782] [main/DEBUG] [mixin/]: Processing inject() for PlatformAgent[MixinPlatformAgentDefault:SecureJarResource(waystones)]
[19Aug2026 16:50:32.782] [main/DEBUG] [mixin/]: Processing inject() for PlatformAgent[MixinPlatformAgentDefault:SecureJarResource(structureessentials)]
[19Aug2026 16:50:32.782] [main/DEBUG] [mixin/]: Processing inject() for PlatformAgent[MixinPlatformAgentDefault:SecureJarResource(clumps)]
[19Aug2026 16:50:32.782] [main/DEBUG] [mixin/]: Processing inject() for PlatformAgent[MixinPlatformAgentDefault:SecureJarResource(xaeroworldmap)]
[19Aug2026 16:50:32.782] [main/DEBUG] [mixin/]: Processing inject() for PlatformAgent[MixinPlatformAgentDefault:SecureJarResource(placebo)]
[19Aug2026 16:50:32.782] [main/DEBUG] [mixin/]: Processing inject() for PlatformAgent[MixinPlatformAgentDefault:SecureJarResource(modernfix)]
[19Aug2026 16:50:32.782] [main/DEBUG] [mixin/]: Processing inject() for PlatformAgent[MixinPlatformAgentDefault:SecureJarResource(citadel)]
[19Aug2026 16:50:32.782] [main/DEBUG] [mixin/]: Processing inject() for PlatformAgent[MixinPlatformAgentDefault:SecureJarResource(alexsmobs)]
[19Aug2026 16:50:32.782] [main/DEBUG] [mixin/]: Processing inject() for PlatformAgent[MixinPlatformAgentDefault:SecureJarResource(naturescompass)]
[19Aug2026 16:50:32.782] [main/DEBUG] [mixin/]: Processing inject() for PlatformAgent[MixinPlatformAgentDefault:SecureJarResource(artifacts)]
[19Aug2026 16:50:32.782] [main/DEBUG] [mixin/]: Processing inject() for PlatformAgent[MixinPlatformAgentDefault:SecureJarResource(sophisticatedbackpacks)]
[19Aug2026 16:50:32.782] [main/DEBUG] [mixin/]: Processing inject() for PlatformAgent[MixinPlatformAgentDefault:SecureJarResource(iceandfire)]
[19Aug2026 16:50:32.782] [main/DEBUG] [mixin/]: Processing inject() for PlatformAgent[MixinPlatformAgentDefault:SecureJarResource(bygonenether)]
[19Aug2026 16:50:32.782] [main/DEBUG] [mixin/]: Processing inject() for PlatformAgent[MixinPlatformAgentDefault:SecureJarResource(balm)]
[19Aug2026 16:50:32.782] [main/DEBUG] [mixin/]: Processing inject() for PlatformAgent[MixinPlatformAgentDefault:SecureJarResource(blueprint)]
[19Aug2026 16:50:32.782] [main/DEBUG] [mixin/]: Processing inject() for PlatformAgent[MixinPlatformAgentDefault:SecureJarResource(carryon)]
[19Aug2026 16:50:32.782] [main/DEBUG] [mixin/]: Processing inject() for PlatformAgent[MixinPlatformAgentDefault:SecureJarResource(puzzlesaccessapi)]
[19Aug2026 16:50:32.782] [main/DEBUG] [mixin/]: Processing inject() for PlatformAgent[MixinPlatformAgentDefault:SecureJarResource(cloth_config)]
[19Aug2026 16:50:32.782] [main/DEBUG] [mixin/]: Processing inject() for PlatformAgent[MixinPlatformAgentDefault:SecureJarResource(sound_physics_remastered)]
[19Aug2026 16:50:32.782] [main/DEBUG] [mixin/]: Processing inject() for PlatformAgent[MixinPlatformAgentDefault:SecureJarResource(forge)]
[19Aug2026 16:50:32.782] [main/DEBUG] [mixin/]: Processing inject() for PlatformAgent[MixinPlatformAgentDefault:SecureJarResource(ironchest)]
[19Aug2026 16:50:32.782] [main/DEBUG] [mixin/]: Processing inject() for PlatformAgent[MixinPlatformAgentDefault:SecureJarResource(minecraft)]
[19Aug2026 16:50:32.782] [main/DEBUG] [mixin/]: Processing inject() for PlatformAgent[MixinPlatformAgentDefault:SecureJarResource(endergetic)]
[19Aug2026 16:50:32.783] [main/DEBUG] [mixin/]: Processing inject() for PlatformAgent[MixinPlatformAgentDefault:SecureJarResource(alexscaves)]
[19Aug2026 16:50:32.783] [main/DEBUG] [mixin/]: Processing inject() for PlatformAgent[MixinPlatformAgentDefault:SecureJarResource(littleframes)]
[19Aug2026 16:50:32.783] [main/DEBUG] [mixin/]: Processing inject() for PlatformAgent[MixinPlatformAgentDefault:SecureJarResource(terrablender)]
[19Aug2026 16:50:32.783] [main/DEBUG] [mixin/]: Processing inject() for PlatformAgent[MixinPlatformAgentDefault:SecureJarResource(moonlight)]
[19Aug2026 16:50:32.783] [main/DEBUG] [mixin/]: Processing inject() for PlatformAgent[MixinPlatformAgentDefault:SecureJarResource(biomesoplenty)]
[19Aug2026 16:50:32.783] [main/DEBUG] [mixin/]: Processing inject() for PlatformAgent[MixinPlatformAgentDefault:SecureJarResource(mixinsquared)]
[19Aug2026 16:50:32.783] [main/DEBUG] [mixin/]: Processing inject() for PlatformAgent[MixinPlatformAgentDefault:SecureJarResource(jade)]
[19Aug2026 16:50:32.783] [main/DEBUG] [mixin/]: Processing inject() for PlatformAgent[MixinPlatformAgentDefault:SecureJarResource(endrem)]
[19Aug2026 16:50:32.783] [main/DEBUG] [mixin/]: Processing inject() for PlatformAgent[MixinPlatformAgentDefault:SecureJarResource(creativecore)]
[19Aug2026 16:50:32.783] [main/DEBUG] [mixin/]: Processing inject() for PlatformAgent[MixinPlatformAgentDefault:SecureJarResource(chunky)]
[19Aug2026 16:50:32.783] [main/DEBUG] [mixin/]: Processing inject() for PlatformAgent[MixinPlatformAgentDefault:SecureJarResource(spectrelib)]
[19Aug2026 16:50:32.783] [main/DEBUG] [mixin/]: Processing inject() for PlatformAgent[MixinPlatformAgentDefault:SecureJarResource(supermartijn642corelib)]
[19Aug2026 16:50:32.783] [main/DEBUG] [mixin/]: Processing inject() for PlatformAgent[MixinPlatformAgentDefault:SecureJarResource(lionfishapi)]
[19Aug2026 16:50:32.783] [main/DEBUG] [mixin/]: Processing inject() for PlatformAgent[MixinPlatformAgentDefault:SecureJarResource(kotlinforforge)]
[19Aug2026 16:50:32.783] [main/DEBUG] [mixin/]: Processing inject() for PlatformAgent[MixinPlatformAgentDefault:SecureJarResource(cataclysm)]
[19Aug2026 16:50:32.783] [main/DEBUG] [mixin/]: Processing inject() for PlatformAgent[MixinPlatformAgentDefault:SecureJarResource(curios)]
[19Aug2026 16:50:32.783] [main/DEBUG] [mixin/]: Processing inject() for PlatformAgent[MixinPlatformAgentDefault:SecureJarResource(patchouli)]
[19Aug2026 16:50:32.783] [main/DEBUG] [mixin/]: Processing inject() for PlatformAgent[MixinPlatformAgentDefault:SecureJarResource(xaerominimap)]
[19Aug2026 16:50:32.783] [main/DEBUG] [mixin/]: Processing inject() for PlatformAgent[MixinPlatformAgentDefault:SecureJarResource(betterbiomeblend)]
[19Aug2026 16:50:32.783] [main/DEBUG] [mixin/]: Processing inject() for PlatformAgent[MixinPlatformAgentDefault:SecureJarResource(polymorph)]
[19Aug2026 16:50:32.783] [main/DEBUG] [mixin/]: Processing inject() for PlatformAgent[MixinPlatformAgentDefault:SecureJarResource(securitycraft)]
[19Aug2026 16:50:32.783] [main/DEBUG] [mixin/]: Processing inject() for PlatformAgent[MixinPlatformAgentDefault:SecureJarResource(mr_dungeons_andtaverns)]
[19Aug2026 16:50:32.783] [main/DEBUG] [mixin/]: Processing inject() for PlatformAgent[MixinPlatformAgentDefault:SecureJarResource(entityculling)]
[19Aug2026 16:50:32.783] [main/DEBUG] [mixin/]: Processing inject() for PlatformAgent[MixinPlatformAgentDefault:SecureJarResource(tombstone)]
[19Aug2026 16:50:32.783] [main/DEBUG] [mixin/]: Processing inject() for PlatformAgent[MixinPlatformAgentDefault:SecureJarResource(immediatelyfast)]
[19Aug2026 16:50:32.783] [main/DEBUG] [mixin/]: Processing inject() for PlatformAgent[MixinPlatformAgentDefault:SecureJarResource(coroutil)]
[19Aug2026 16:50:32.783] [main/DEBUG] [mixin/]: Processing inject() for PlatformAgent[MixinPlatformAgentDefault:SecureJarResource(fastfurnace)]
[19Aug2026 16:50:32.783] [main/DEBUG] [mixin/]: Processing inject() for PlatformAgent[MixinPlatformAgentDefault:SecureJarResource(architectury)]
[19Aug2026 16:50:32.783] [main/DEBUG] [mixin/]: Processing inject() for PlatformAgent[MixinPlatformAgentDefault:SecureJarResource(skin_changer)]
[19Aug2026 16:50:32.783] [main/DEBUG] [mixin/]: Processing inject() for PlatformAgent[MixinPlatformAgentDefault:SecureJarResource(ferritecore)]
[19Aug2026 16:50:32.783] [main/DEBUG] [mixin/]: Processing inject() for PlatformAgent[MixinPlatformAgentDefault:SecureJarResource(cupboard)]
[19Aug2026 16:50:32.783] [main/DEBUG] [mixin/]: Processing inject() for PlatformAgent[MixinPlatformAgentDefault:SecureJarResource(transition)]
[19Aug2026 16:50:32.783] [main/DEBUG] [mixin/]: Processing inject() for PlatformAgent[MixinPlatformAgentDefault:SecureJarResource(refurbished_furniture)]
[19Aug2026 16:50:32.783] [main/DEBUG] [mixin/]: Processing inject() for PlatformAgent[MixinPlatformAgentDefault:SecureJarResource(puzzleslib)]
[19Aug2026 16:50:32.783] [main/DEBUG] [mixin/]: Processing inject() for PlatformAgent[MixinPlatformAgentDefault:SecureJarResource(framework)]
[19Aug2026 16:50:32.783] [main/DEBUG] [mixin/]: Processing inject() for PlatformAgent[MixinPlatformAgentDefault:SecureJarResource(expandability)]
[19Aug2026 16:50:32.783] [main/DEBUG] [mixin/]: Processing inject() for PlatformAgent[MixinPlatformAgentDefault:SecureJarResource(mclib)]
[19Aug2026 16:50:32.783] [main/DEBUG] [mixin/]: Processing inject() for PlatformAgent[MixinPlatformAgentDefault:SecureJarResource(mixinextras)]
[19Aug2026 16:50:32.784] [main/DEBUG] [mixin/]: Processing inject() for PlatformAgent[MixinPlatformAgentDefault:SecureJarResource(MixinSquared)]
[19Aug2026 16:50:32.784] [main/DEBUG] [mixin/]: Processing inject() for PlatformAgent[MixinPlatformAgentDefault:SecureJarResource(thedarkcolour.kotlinforforge.kfflib)]
[19Aug2026 16:50:32.784] [main/DEBUG] [mixin/]: Processing inject() for PlatformAgent[MixinPlatformAgentDefault:SecureJarResource(MixinExtras)]
[19Aug2026 16:50:32.784] [main/DEBUG] [mixin/]: Processing inject() for PlatformAgent[MixinPlatformAgentDefault:SecureJarResource(Reflect)]
[19Aug2026 16:50:32.820] [main/DEBUG] [mixin/]: Error cleaning class output directory: .mixin.out
[19Aug2026 16:50:32.822] [main/DEBUG] [mixin/]: Preparing mixins for MixinEnvironment[PREINIT]
[19Aug2026 16:50:32.830] [main/INFO] [mixin/]: Successfully loaded Mixin Connector [com.sonicether.soundphysics.MixinConnector]
[19Aug2026 16:50:32.834] [main/INFO] [cpw.mods.modlauncher.LaunchServiceHandler/MODLAUNCHER]: Launching target 'forgeserver' with arguments [nogui]
[19Aug2026 16:50:32.837] [main/DEBUG] [mixin/]: Preparing mixins for MixinEnvironment[DEFAULT]
[19Aug2026 16:50:32.837] [main/DEBUG] [mixin/]: Selecting config kuma_api.mixins.json
[19Aug2026 16:50:32.841] [main/DEBUG] [mixin/]: Selecting config kuma_api.forge.mixins.json
[19Aug2026 16:50:32.843] [main/DEBUG] [mixin/]: Selecting config trashslot.mixins.json
[19Aug2026 16:50:32.845] [main/WARN] [mixin/]: Reference map 'trashslot.refmap.json' for trashslot.mixins.json could not be read. If this is a development environment you can ignore this message
[19Aug2026 16:50:32.846] [main/DEBUG] [mixin/]: Selecting config geckolib.mixins.json
[19Aug2026 16:50:32.847] [main/DEBUG] [mixin/]: Selecting config playerAnimator-common.mixins.json
[19Aug2026 16:50:32.852] [main/DEBUG] [mixin/]: Selecting config xaerolib.mixins.json
[19Aug2026 16:50:32.856] [main/DEBUG] [mixin/]: Selecting config xaerolib.forge.mixins.json
[19Aug2026 16:50:32.858] [main/DEBUG] [mixin/]: Selecting config trender.mixins.json
[19Aug2026 16:50:32.863] [main/DEBUG] [mixin/]: Selecting config sophisticatedcore.mixins.json
[19Aug2026 16:50:32.864] [main/DEBUG] [mixin/]: Selecting config sophisticatedcore.create.mixins.json
[19Aug2026 16:50:32.867] [main/DEBUG] [mixin/]: Selecting config ntgl.mixin.json
[19Aug2026 16:50:32.869] [main/DEBUG] [mixin/]: Selecting config waystones.mixins.json
[19Aug2026 16:50:32.871] [main/DEBUG] [mixin/]: Selecting config structureessentials.mixins.json
[19Aug2026 16:50:32.875] [main/DEBUG] [mixin/]: Selecting config clumps.mixins.json
[19Aug2026 16:50:32.877] [main/DEBUG] [mixin/]: Selecting config xaeroworldmap.mixins.json
[19Aug2026 16:50:32.879] [main/DEBUG] [mixin/]: Selecting config xaeroworldmap.forge.mixins.json
[19Aug2026 16:50:32.880] [main/DEBUG] [mixin/]: Selecting config placebo.mixins.json
[19Aug2026 16:50:32.883] [main/DEBUG] [mixin/]: Selecting config modernfix-modernfix.mixins.json
[19Aug2026 16:50:33.185] [main/INFO] [ModernFix/]: Loaded configuration file for ModernFix 5.27.66+mc1.20.1: 110 options available, 0 override(s) found
[19Aug2026 16:50:33.187] [main/INFO] [ModernFix/]: Applying Nashorn fix
[19Aug2026 16:50:33.212] [main/INFO] [ModernFix/]: Applied Forge config corruption patch
[19Aug2026 16:50:33.223] [main/DEBUG] [mixin/]: Selecting config citadel.mixins.json
[19Aug2026 16:50:33.225] [main/DEBUG] [mixin/]: Selecting config mixins.artifacts.common.json
[19Aug2026 16:50:33.227] [main/DEBUG] [mixin/]: Selecting config mixins.artifacts.forge.json
[19Aug2026 16:50:33.228] [main/DEBUG] [mixin/]: Selecting config sophisticatedbackpacks.mixins.json
[19Aug2026 16:50:33.229] [main/DEBUG] [mixin/]: Selecting config iceandfire.mixins.json
[19Aug2026 16:50:33.230] [main/DEBUG] [mixin/]: Selecting config bygonenether.mixins.json
[19Aug2026 16:50:33.232] [main/DEBUG] [mixin/]: Selecting config balm.mixins.json
[19Aug2026 16:50:33.234] [main/DEBUG] [mixin/]: Selecting config blueprint.mixins.json
[19Aug2026 16:50:33.236] [main/DEBUG] [mixin/]: Selecting config carryon.mixins.json
[19Aug2026 16:50:33.275] [main/DEBUG] [MixinExtras|Service/]: com.llamalad7.mixinextras.service.MixinExtrasServiceImpl(version=0.5.3) is taking over from null
[19Aug2026 16:50:33.418] [main/DEBUG] [mixin/]: Registering new injector for @Inject with org.spongepowered.asm.mixin.injection.struct.CallbackInjectionInfo
[19Aug2026 16:50:33.420] [main/DEBUG] [mixin/]: Registering new injector for @ModifyArg with org.spongepowered.asm.mixin.injection.struct.ModifyArgInjectionInfo
[19Aug2026 16:50:33.421] [main/DEBUG] [mixin/]: Registering new injector for @ModifyArgs with org.spongepowered.asm.mixin.injection.struct.ModifyArgsInjectionInfo
[19Aug2026 16:50:33.422] [main/DEBUG] [mixin/]: Registering new injector for @Redirect with org.spongepowered.asm.mixin.injection.struct.RedirectInjectionInfo
[19Aug2026 16:50:33.423] [main/DEBUG] [mixin/]: Registering new injector for @ModifyVariable with org.spongepowered.asm.mixin.injection.struct.ModifyVariableInjectionInfo
[19Aug2026 16:50:33.424] [main/DEBUG] [mixin/]: Registering new injector for @ModifyConstant with org.spongepowered.asm.mixin.injection.struct.ModifyConstantInjectionInfo
[19Aug2026 16:50:33.435] [main/DEBUG] [mixin/]: Selecting config carryon.forge.mixins.json
[19Aug2026 16:50:33.436] [main/DEBUG] [mixin/]: Selecting config puzzlesaccessapi.common.mixins.json
[19Aug2026 16:50:33.438] [main/WARN] [mixin/]: Reference map 'puzzlesaccessapi.common.refmap.json' for puzzlesaccessapi.common.mixins.json could not be read. If this is a development environment you can ignore this message
[19Aug2026 16:50:33.439] [main/DEBUG] [mixin/]: Selecting config puzzlesaccessapi.forge.mixins.json
[19Aug2026 16:50:33.440] [main/DEBUG] [mixin/]: Selecting config endergetic.mixins.json
[19Aug2026 16:50:33.443] [main/DEBUG] [mixin/]: Selecting config alexscaves.mixins.json
[19Aug2026 16:50:33.445] [main/DEBUG] [mixin/]: Selecting config terrablender.mixins.json
[19Aug2026 16:50:33.447] [main/DEBUG] [mixin/]: Selecting config terrablender_forge.mixins.json
[19Aug2026 16:50:33.448] [main/DEBUG] [mixin/]: Selecting config moonlight-common.mixins.json
[19Aug2026 16:50:33.456] [main/DEBUG] [mixin/]: Selecting config moonlight.mixins.json
[19Aug2026 16:50:33.458] [main/DEBUG] [mixin/]: Selecting config mixinsquared.init.mixins.json
[19Aug2026 16:50:33.466] [main/DEBUG] [mixin/]: Registering new target selector for @mixinsquared:handler with com.bawnorton.mixinsquared.selector.DynamicSelectorHandler
[19Aug2026 16:50:33.472] [main/DEBUG] [mixin/]: Selecting config jade.mixins.json
[19Aug2026 16:50:33.473] [main/DEBUG] [mixin/]: Selecting config endrem.mixins.json
[19Aug2026 16:50:33.477] [main/DEBUG] [mixin/]: Selecting config creativecore.mixins.json
[19Aug2026 16:50:33.479] [main/DEBUG] [mixin/]: Selecting config creativecore.forge.mixins.json
[19Aug2026 16:50:33.480] [main/DEBUG] [mixin/]: Selecting config supermartijn642corelib.mixins.json
[19Aug2026 16:50:33.482] [main/DEBUG] [mixin/]: Selecting config lionfishapi.mixins.json
[19Aug2026 16:50:33.483] [main/DEBUG] [mixin/]: Selecting config cataclysm.mixins.json
[19Aug2026 16:50:33.484] [main/DEBUG] [mixin/]: Selecting config curios.mixins.json
[19Aug2026 16:50:33.486] [main/DEBUG] [mixin/]: Selecting config patchouli_xplat.mixins.json
[19Aug2026 16:50:33.487] [main/DEBUG] [mixin/]: Selecting config xaerohud.mixins.json
[19Aug2026 16:50:33.489] [main/DEBUG] [mixin/]: Selecting config xaerohud.forge.mixins.json
[19Aug2026 16:50:33.490] [main/DEBUG] [mixin/]: Selecting config xaerominimap.mixins.json
[19Aug2026 16:50:33.492] [main/DEBUG] [mixin/]: Selecting config xaerominimap.forge.mixins.json
[19Aug2026 16:50:33.494] [main/DEBUG] [mixin/]: Selecting config betterbiomeblend.mixins.json
[19Aug2026 16:50:33.495] [main/DEBUG] [mixin/]: Selecting config betterbiomeblend-embeddium.mixins.json
[19Aug2026 16:50:33.496] [main/DEBUG] [mixin/]: Selecting config polymorph.mixins.json
[19Aug2026 16:50:33.498] [main/DEBUG] [mixin/]: Selecting config polymorph-integrations.forge.mixins.json
[19Aug2026 16:50:33.502] [main/DEBUG] [mixin/]: Selecting config securitycraft.mixins.json
[19Aug2026 16:50:33.503] [main/DEBUG] [mixin/]: Selecting config entityculling.mixins.json
[19Aug2026 16:50:33.504] [main/DEBUG] [mixin/]: Selecting config tombstone.mixins.json
[19Aug2026 16:50:33.506] [main/DEBUG] [mixin/]: Selecting config immediatelyfast-common.mixins.json
[19Aug2026 16:50:33.534] [main/DEBUG] [mixin/]: Selecting config immediatelyfast-forge.mixins.json
[19Aug2026 16:50:33.539] [main/DEBUG] [mixin/]: Selecting config coroutil.mixins.json
[19Aug2026 16:50:33.541] [main/WARN] [mixin/]: Reference map 'coroutil.refmap.json' for coroutil.mixins.json could not be read. If this is a development environment you can ignore this message
[19Aug2026 16:50:33.541] [main/DEBUG] [mixin/]: Selecting config fastfurnace.mixins.json
[19Aug2026 16:50:33.543] [main/DEBUG] [mixin/]: Selecting config architectury.mixins.json
[19Aug2026 16:50:33.545] [main/DEBUG] [mixin/]: Selecting config architectury-common.mixins.json
[19Aug2026 16:50:33.546] [main/DEBUG] [mixin/]: Selecting config skin_changer.mixins.json
[19Aug2026 16:50:33.547] [main/DEBUG] [mixin/]: Selecting config ferritecore.predicates.mixin.json
[19Aug2026 16:50:33.560] [main/DEBUG] [mixin/]: Selecting config ferritecore.fastmap.mixin.json
[19Aug2026 16:50:33.562] [main/DEBUG] [mixin/]: Selecting config ferritecore.mrl.mixin.json
[19Aug2026 16:50:33.564] [main/DEBUG] [mixin/]: Selecting config ferritecore.dedupmultipart.mixin.json
[19Aug2026 16:50:33.566] [main/DEBUG] [mixin/]: Selecting config ferritecore.blockstatecache.mixin.json
[19Aug2026 16:50:33.568] [main/DEBUG] [mixin/]: Selecting config ferritecore.dedupbakedquad.mixin.json
[19Aug2026 16:50:33.570] [main/DEBUG] [mixin/]: Selecting config ferritecore.threaddetec.mixin.json
[19Aug2026 16:50:33.572] [main/DEBUG] [mixin/]: Selecting config ferritecore.modelsides.mixin.json
[19Aug2026 16:50:33.574] [main/DEBUG] [mixin/]: Selecting config cupboard.mixins.json
[19Aug2026 16:50:33.575] [main/DEBUG] [mixin/]: Selecting config transition.mixins.json
[19Aug2026 16:50:33.577] [main/DEBUG] [mixin/]: Selecting config refurbished_furniture.common.mixins.json
[19Aug2026 16:50:33.579] [main/DEBUG] [mixin/]: Selecting config puzzleslib.common.mixins.json
[19Aug2026 16:50:33.623] [main/INFO] [Puzzles Lib/]: Loading 70 mods:
	- alexscaves 2.0.2
	- alexsmobs 1.22.9
	- architectury 9.2.14
	- artifacts 9.5.19
		\-- expandability 9.0.4
	- balm 7.3.42
		\-- kuma_api 20.1.12
	- betterbiomeblend 1.4.0
	- biomesoplenty 18.0.0.592
	- blueprint 7.1.3
	- bygonenether 1.3.2
	- carryon 2.1.2.7
	- cataclysm 3.31
	- chunky 1.3.146
	- citadel 2.6.3
	- cloth_config 11.1.136
	- clumps 12.0.0.4
	- coroutil 1.20.1-1.3.7
	- creativecore 2.12.39
	- cupboard 1.20.1-3.9
	- curios 5.14.1+1.20.1
	- endergetic 5.0.1
	- endrem 5.3.3-R-1.20.1
	- entityculling 1.10.5
		|-- transition 1.0.21
		\-- trender 1.0.15
	- fastfurnace 8.0.2
	- ferritecore 6.0.1
	- forge 47.3.7
	- framework 0.8.0
	- geckolib 4.8.4
	- iceandfire 2.1.13-1.20.1
	- immediatelyfast 1.5.5+1.20.4
	- ironchest 1.20.1-14.4.4
	- jade 11.13.3+forge
	- jei 15.20.0.112
	- kotlinforforge 4.12.0
	- lionfishapi 3.0
	- littleframes 1.4.3
	- minecraft 1.20.1
	- modernfix 5.27.66+mc1.20.1
	- moonlight 1.20-2.16.34
		\-- mixinsquared 0.1.1
	- mr_dungeons_andtaverns 3.0.3.f
	- naturescompass 1.20.1-1.12.0-forge
	- ntgl 3.1.2
	- patchouli 1.20.1-85-FORGE
	- placebo 8.6.3
	- playeranimator 1.0.2-rc1+1.20
	- polymorph 0.49.10+1.20.1
		\-- spectrelib 0.13.17+1.20.1
	- puzzleslib 8.1.33
		\-- puzzlesaccessapi 20.1.1
	- refurbished_furniture 1.0.20
	- securitycraft 1.9.8
	- skin_changer 0.6.6
	- sophisticatedbackpacks 3.24.62.2017
	- sophisticatedcore 1.3.74.2216
	- sound_physics_remastered 1.20.1-1.5.1
	- stalwart_dungeons 1.2.8
	- structureessentials 1.20.1-5.0
	- supermartijn642configlib 1.1.8
	- supermartijn642corelib 1.1.22
	- terrablender 3.0.1.10
	- tombstone 9.0.9
	- trashslot 15.1.5
	- waystones 14.1.20
	- xaerominimap 26.4.2
		\-- xaerolib 1.7.1
	- xaeroworldmap 1.44.2
[19Aug2026 16:50:33.625] [main/DEBUG] [mixin/]: Selecting config puzzleslib.forge.mixins.json
[19Aug2026 16:50:33.627] [main/DEBUG] [mixin/]: Selecting config expandability.mixins.json
[19Aug2026 16:50:33.628] [main/DEBUG] [mixin/]: Selecting config expandability-common.mixins.json
[19Aug2026 16:50:33.630] [main/DEBUG] [mixin/]: Selecting config mixinextras.init.mixins.json
[19Aug2026 16:50:33.632] [main/DEBUG] [mixin/]: Selecting config sound_physics_remastered.mixins.json
[19Aug2026 16:50:33.634] [main/DEBUG] [mixin/]: Preparing kuma_api.mixins.json (1)
[19Aug2026 16:50:33.634] [main/DEBUG] [mixin/]: Preparing kuma_api.forge.mixins.json (0)
[19Aug2026 16:50:33.634] [main/DEBUG] [mixin/]: Preparing trashslot.mixins.json (0)
[19Aug2026 16:50:33.634] [main/DEBUG] [mixin/]: Preparing geckolib.mixins.json (1)
[19Aug2026 16:50:33.635] [main/DEBUG] [mixin/]: Preparing playerAnimator-common.mixins.json (14)
[19Aug2026 16:50:33.635] [main/DEBUG] [mixin/]: Preparing xaerolib.mixins.json (6)
[19Aug2026 16:50:33.752] [main/DEBUG] [mixin/]: Preparing xaerolib.forge.mixins.json (0)
[19Aug2026 16:50:33.752] [main/DEBUG] [mixin/]: Preparing trender.mixins.json (2)
[19Aug2026 16:50:33.752] [main/DEBUG] [mixin/]: Preparing sophisticatedcore.mixins.json (3)
[19Aug2026 16:50:33.769] [main/DEBUG] [mixin/]: Preparing sophisticatedcore.create.mixins.json (1)
[19Aug2026 16:50:33.769] [main/DEBUG] [mixin/]: Preparing ntgl.mixin.json (28)
[19Aug2026 16:50:33.853] [main/DEBUG] [mixin/]: Preparing waystones.mixins.json (3)
[19Aug2026 16:50:33.909] [main/DEBUG] [mixin/]: @Mixin target net/minecraft/world/level/levelgen/structure/pools/JigsawPlacement$Placer is public in waystones.mixins.json:JigsawPlacementPlacerMixin and should be specified in value
[19Aug2026 16:50:33.915] [main/DEBUG] [mixin/]: Preparing structureessentials.mixins.json (18)
[19Aug2026 16:50:33.933] [main/INFO] [com.cupboard.Cupboard/]: Loaded config for: structureessentials.json
[19Aug2026 16:50:34.000] [main/DEBUG] [net.minecraftforge.coremod.transformer.CoreModBaseTransformer/COREMOD]: Transforming net/minecraft/world/level/levelgen/structure/Structure
[19Aug2026 16:50:34.059] [main/DEBUG] [mixin/]: Preparing clumps.mixins.json (2)
[19Aug2026 16:50:34.078] [main/DEBUG] [mixin/]: Preparing xaeroworldmap.mixins.json (11)
[19Aug2026 16:50:34.079] [main/DEBUG] [mixin/]: Preparing xaeroworldmap.forge.mixins.json (2)
[19Aug2026 16:50:34.079] [main/DEBUG] [mixin/]: Preparing placebo.mixins.json (6)
[19Aug2026 16:50:34.092] [main/DEBUG] [net.minecraftforge.coremod.transformer.CoreModBaseTransformer/COREMOD]: Transforming net/minecraft/world/item/ItemStack
[19Aug2026 16:50:34.107] [main/DEBUG] [net.minecraftforge.coremod.transformer.CoreModBaseTransformer/COREMOD]: Transforming getEnchantmentLevel with desc (Lnet/minecraft/world/item/enchantment/Enchantment;)I
[19Aug2026 16:50:34.129] [main/INFO] [net.minecraftforge.coremod.CoreMod.placebo/COREMODLOG]: Patching IForgeItemStack#getEnchantmentLevel
[19Aug2026 16:50:34.160] [main/DEBUG] [net.minecraftforge.coremod.transformer.CoreModBaseTransformer/COREMOD]: Transforming getAllEnchantments with desc ()Ljava/util/Map;
[19Aug2026 16:50:34.167] [main/INFO] [net.minecraftforge.coremod.CoreMod.placebo/COREMODLOG]: Patching IForgeItemStack#getEnchantmentLevel
[19Aug2026 16:50:34.196] [main/DEBUG] [mixin/]: Preparing modernfix-modernfix.mixins.json (196)
[19Aug2026 16:50:34.197] [main/DEBUG] [ModernFix/]: Skipping mixin devenv.GameDataMixin: disabled by configuration
[19Aug2026 16:50:34.197] [main/DEBUG] [ModernFix/]: Applying mixin bugfix.removed_dimensions.LevelStorageSourceMixin
[19Aug2026 16:50:34.198] [main/DEBUG] [ModernFix/]: Applying mixin bugfix.chunk_deadlock.ServerChunkCache_CurrentLoadingMixin
[19Aug2026 16:50:34.198] [main/DEBUG] [ModernFix/]: Applying mixin bugfix.chunk_deadlock.ChunkMapLoadMixin
[19Aug2026 16:50:34.199] [main/DEBUG] [ModernFix/]: Applying mixin bugfix.chunk_deadlock.EntityMixin
[19Aug2026 16:50:34.199] [main/DEBUG] [ModernFix/]: Applying mixin bugfix.registry_ops_cme.RegistryOpsMemoizedMixin
[19Aug2026 16:50:34.199] [main/DEBUG] [ModernFix/]: Skipping mixin bugfix.unsafe_modded_shape_caches.ShapeCacheCyclicMixin: disabled for mod compat (cyclic)
[19Aug2026 16:50:34.200] [main/DEBUG] [ModernFix/]: Skipping mixin bugfix.unsafe_modded_shape_caches.ShapeCacheRSMixin: disabled for mod compat (refinedstorage)
[19Aug2026 16:50:34.200] [main/DEBUG] [ModernFix/]: Applying mixin bugfix.paper_chunk_patches.SortedArraySetMixin
[19Aug2026 16:50:34.201] [main/DEBUG] [ModernFix/]: Applying mixin bugfix.paper_chunk_patches.ChunkMapMixin
[19Aug2026 16:50:34.201] [main/DEBUG] [ModernFix/]: Skipping mixin bugfix.cofh_core_crash.FlagManagerMixin: disabled for mod compat (cofh_core)
[19Aug2026 16:50:34.201] [main/DEBUG] [ModernFix/]: Skipping mixin bugfix.restore_old_dragon_movement.EnderDragonMixin: disabled by configuration
[19Aug2026 16:50:34.202] [main/DEBUG] [ModernFix/]: Applying mixin bugfix.forge_vehicle_packets.ServerGamePacketListenerImplMixin
[19Aug2026 16:50:34.202] [main/DEBUG] [ModernFix/]: Applying mixin bugfix.concurrency.NamespacedWrapperMixin
[19Aug2026 16:50:34.203] [main/DEBUG] [ModernFix/]: Applying mixin bugfix.concurrency.MappedRegistryMixin
[19Aug2026 16:50:34.203] [main/DEBUG] [ModernFix/]: Applying mixin bugfix.concurrency.ForgeRegistryTagManagerMixin
[19Aug2026 16:50:34.204] [main/DEBUG] [ModernFix/]: Applying mixin feature.measure_time.SimpleReloadInstanceMixin
[19Aug2026 16:50:34.205] [main/DEBUG] [ModernFix/]: Applying mixin feature.measure_time.AddReloadListenerEventWrapperMixin
[19Aug2026 16:50:34.206] [main/DEBUG] [ModernFix/]: Applying mixin feature.measure_time.BootstrapMixin
[19Aug2026 16:50:34.206] [main/DEBUG] [ModernFix/]: Applying mixin feature.measure_time.WorldLoaderMixin
[19Aug2026 16:50:34.207] [main/DEBUG] [ModernFix/]: Applying mixin feature.measure_time.ProfiledReloadInstanceMixin
[19Aug2026 16:50:34.207] [main/DEBUG] [ModernFix/]: Applying mixin feature.mcfunction_profiling.ServerFunctionManagerMixin
[19Aug2026 16:50:34.208] [main/DEBUG] [ModernFix/]: Applying mixin feature.branding.BrandingControlMixin
[19Aug2026 16:50:34.209] [main/DEBUG] [ModernFix/]: Skipping mixin feature.blockentity_incorrect_thread.ChunkAccessMixin: disabled by configuration
[19Aug2026 16:50:34.209] [main/DEBUG] [ModernFix/]: Skipping mixin feature.blockentity_incorrect_thread.LevelThreadAccessor: disabled by configuration
[19Aug2026 16:50:34.210] [main/DEBUG] [ModernFix/]: Skipping mixin feature.cause_lag_by_disabling_threads.UtilMixin: disabled by configuration
[19Aug2026 16:50:34.210] [main/DEBUG] [ModernFix/]: Applying mixin core.BootstrapMixin
[19Aug2026 16:50:34.211] [main/DEBUG] [ModernFix/]: Applying mixin core.MinecraftServerMixin
[19Aug2026 16:50:34.211] [main/DEBUG] [ModernFix/]: Applying mixin core.WorldLoaderMixin
[19Aug2026 16:50:34.211] [main/DEBUG] [ModernFix/]: Applying mixin core.PalettedContainerMixin
[19Aug2026 16:50:34.212] [main/DEBUG] [ModernFix/]: Applying mixin core.NetworkHooksMixin
[19Aug2026 16:50:34.212] [main/DEBUG] [ModernFix/]: Applying mixin core.GameDataMixin
[19Aug2026 16:50:34.213] [main/DEBUG] [ModernFix/]: Applying mixin core.CrashReportAnalyserMixin
[19Aug2026 16:50:34.213] [main/DEBUG] [ModernFix/]: Applying mixin perf.memoize_creative_tab_build.CreativeModeTabMixin
[19Aug2026 16:50:34.214] [main/DEBUG] [ModernFix/]: Skipping mixin perf.ingredient_item_deduplication.IngredientMixin: disabled for mod compat ([feature level: requires BETA])
[19Aug2026 16:50:34.214] [main/DEBUG] [ModernFix/]: Skipping mixin perf.ingredient_item_deduplication.IngredientItemValueMixin: disabled for mod compat ([feature level: requires BETA])
[19Aug2026 16:50:34.215] [main/DEBUG] [ModernFix/]: Applying mixin perf.fix_loop_spin_waiting.MinecraftServerMixin
[19Aug2026 16:50:34.216] [main/DEBUG] [ModernFix/]: Applying mixin perf.tag_id_caching.TagEntryMixin
[19Aug2026 16:50:34.217] [main/DEBUG] [ModernFix/]: Applying mixin perf.tag_id_caching.TagOrElementLocationMixin
[19Aug2026 16:50:34.217] [main/DEBUG] [ModernFix/]: Applying mixin perf.optimize_surface_rules.SurfaceRulesContextMixin
[19Aug2026 16:50:34.218] [main/DEBUG] [ModernFix/]: Skipping mixin perf.optimize_surface_rules.NamespacedSurfaceRuleSourceMixin: disabled for mod compat ([feature level: requires BETA])
[19Aug2026 16:50:34.219] [main/DEBUG] [ModernFix/]: Applying mixin perf.optimize_surface_rules.BiomeManagerAccessor
[19Aug2026 16:50:34.220] [main/DEBUG] [ModernFix/]: Applying mixin perf.optimize_surface_rules.SurfaceSystemMixin
[19Aug2026 16:50:34.221] [main/DEBUG] [ModernFix/]: Applying mixin perf.optimize_surface_rules.NoiseBasedChunkGeneratorMixin
[19Aug2026 16:50:34.222] [main/DEBUG] [ModernFix/]: Applying mixin perf.optimize_surface_rules.BiomeConditionSourceMixin
[19Aug2026 16:50:34.222] [main/DEBUG] [ModernFix/]: Applying mixin perf.compact_imposterprotochunks.ChunkAccessMixin
[19Aug2026 16:50:34.222] [main/DEBUG] [ModernFix/]: Applying mixin perf.compact_imposterprotochunks.ImposterProtoChunkMixin
[19Aug2026 16:50:34.224] [main/DEBUG] [ModernFix/]: Applying mixin perf.smart_ingredient_sync.IngredientMixin
[19Aug2026 16:50:34.224] [main/DEBUG] [ModernFix/]: Applying mixin perf.smart_ingredient_sync.PlayerListMixin
[19Aug2026 16:50:34.225] [main/DEBUG] [ModernFix/]: Applying mixin perf.smart_ingredient_sync.ConnectionMixin
[19Aug2026 16:50:34.225] [main/DEBUG] [ModernFix/]: Applying mixin perf.ticking_chunk_alloc.ChunkHolderMixin
[19Aug2026 16:50:34.226] [main/DEBUG] [ModernFix/]: Applying mixin perf.ticking_chunk_alloc.BatMixin
[19Aug2026 16:50:34.227] [main/DEBUG] [ModernFix/]: Applying mixin perf.ticking_chunk_alloc.ChunkAccessMixin
[19Aug2026 16:50:34.227] [main/DEBUG] [ModernFix/]: Applying mixin perf.faster_ingredients.ForgeHooksMixin
[19Aug2026 16:50:34.229] [main/DEBUG] [ModernFix/]: Applying mixin perf.faster_ingredients.IngredientMixin
[19Aug2026 16:50:34.230] [main/DEBUG] [ModernFix/]: Skipping mixin perf.faster_ingredients.CofhIngredientWithCountMixin: disabled for mod compat (cofh_core)
[19Aug2026 16:50:34.230] [main/DEBUG] [ModernFix/]: Applying mixin perf.forge_registry_alloc.DelegateHolderMixin
[19Aug2026 16:50:34.230] [main/DEBUG] [ModernFix/]: Applying mixin perf.forge_registry_alloc.DelegateHolderMixin
[19Aug2026 16:50:34.231] [main/DEBUG] [ModernFix/]: Applying mixin perf.forge_registry_alloc.DebugLevelSourceMixin
[19Aug2026 16:50:34.232] [main/DEBUG] [ModernFix/]: Applying mixin perf.forge_registry_alloc.ForgeRegistryMixin
[19Aug2026 16:50:34.233] [main/DEBUG] [ModernFix/]: Applying mixin perf.worldgen_allocation.SurfaceRulesContextMixin
[19Aug2026 16:50:34.233] [main/DEBUG] [ModernFix/]: Applying mixin perf.worldgen_allocation.SurfaceRulesMixin
[19Aug2026 16:50:34.233] [main/DEBUG] [ModernFix/]: Applying mixin perf.worldgen_allocation.SurfaceRulesMixin
[19Aug2026 16:50:34.233] [main/DEBUG] [ModernFix/]: Applying mixin perf.worldgen_allocation.SurfaceRulesMixin
[19Aug2026 16:50:34.233] [main/DEBUG] [ModernFix/]: Applying mixin perf.worldgen_allocation.SurfaceRulesMixin
[19Aug2026 16:50:34.233] [main/DEBUG] [ModernFix/]: Applying mixin perf.worldgen_allocation.SurfaceRulesMixin
[19Aug2026 16:50:34.234] [main/DEBUG] [ModernFix/]: Applying mixin perf.worldgen_allocation.SequenceRuleMixin
[19Aug2026 16:50:34.234] [main/DEBUG] [ModernFix/]: Applying mixin perf.worldgen_allocation.NoiseChunkMixin
[19Aug2026 16:50:34.235] [main/DEBUG] [ModernFix/]: Applying mixin perf.worldgen_allocation.MaterialRuleListMixin
[19Aug2026 16:50:34.235] [main/DEBUG] [ModernFix/]: Applying mixin perf.compact_mojang_registries.BlockStateDataMixin
[19Aug2026 16:50:34.236] [main/DEBUG] [ModernFix/]: Applying mixin perf.compact_mojang_registries.MappedRegistryMixin
[19Aug2026 16:50:34.236] [main/DEBUG] [ModernFix/]: Applying mixin perf.compact_mojang_registries.VanillaRegistriesMixin
[19Aug2026 16:50:34.237] [main/DEBUG] [ModernFix/]: Applying mixin perf.cache_blockstate_cache_arrays.AbstractBlockStateCacheMixin
[19Aug2026 16:50:34.237] [main/DEBUG] [ModernFix/]: Applying mixin perf.release_protochunks.ChunkHolderMixin
[19Aug2026 16:50:34.239] [main/DEBUG] [ModernFix/]: Applying mixin perf.release_protochunks.ChunkMapMixin
[19Aug2026 16:50:34.239] [main/DEBUG] [ModernFix/]: Applying mixin perf.release_protochunks.ImposterProtoChunkMixin
[19Aug2026 16:50:34.240] [main/DEBUG] [ModernFix/]: Applying mixin perf.attribute_supplier_dedup.AttributeSupplierBuilderMixin
[19Aug2026 16:50:34.241] [main/DEBUG] [ModernFix/]: Applying mixin perf.attribute_supplier_dedup.AttributeSupplierMixin
[19Aug2026 16:50:34.241] [main/DEBUG] [ModernFix/]: Applying mixin perf.object_holder_cleanup.GameDataMixin
[19Aug2026 16:50:34.242] [main/DEBUG] [ModernFix/]: Applying mixin perf.compact_bit_storage.PalettedContainerMixin
[19Aug2026 16:50:34.242] [main/DEBUG] [ModernFix/]: Applying mixin perf.forge_registry_lambda.RegistryObjectMixin
[19Aug2026 16:50:34.243] [main/DEBUG] [ModernFix/]: Applying mixin perf.faster_structure_location.ServerLevelMixin
[19Aug2026 16:50:34.243] [main/DEBUG] [ModernFix/]: Applying mixin perf.faster_structure_location.StructureCheckMixin
[19Aug2026 16:50:34.245] [main/DEBUG] [ModernFix/]: Skipping mixin perf.dynamic_resources.ForgeHooksClientMixin: disabled by configuration
[19Aug2026 16:50:34.245] [main/DEBUG] [ModernFix/]: Skipping mixin perf.faster_loot_loading.ForgeHooksMixin: disabled for mod compat ([feature level: requires BETA])
[19Aug2026 16:50:34.246] [main/DEBUG] [ModernFix/]: Skipping mixin perf.faster_loot_loading.LootDataManagerMixin: disabled for mod compat ([feature level: requires BETA])
[19Aug2026 16:50:34.248] [main/DEBUG] [ModernFix/]: Applying mixin perf.faster_capabilities.CapabilityDispatcherMixin
[19Aug2026 16:50:34.248] [main/DEBUG] [ModernFix/]: Skipping mixin perf.faster_capabilities.bytecode_analysis.AttachCapabilitiesEventMixin: disabled for mod compat ([feature level: requires BETA])
[19Aug2026 16:50:34.249] [main/DEBUG] [ModernFix/]: Skipping mixin perf.faster_capabilities.bytecode_analysis.ForgeEventFactoryMixin: disabled for mod compat ([feature level: requires BETA])
[19Aug2026 16:50:34.249] [main/DEBUG] [ModernFix/]: Applying mixin perf.datapack_reload_exceptions.RecipeManagerMixin
[19Aug2026 16:50:34.249] [main/DEBUG] [ModernFix/]: Applying mixin perf.fix_handshake_stall.HandshakeHandlerMixin
[19Aug2026 16:50:34.250] [main/DEBUG] [ModernFix/]: Skipping mixin perf.resourcepacks.FilePackResourcesMixin: disabled for mod compat ([feature level: requires BETA])
[19Aug2026 16:50:34.251] [main/DEBUG] [ModernFix/]: Applying mixin perf.resourcepacks.MinecraftServerMixin
[19Aug2026 16:50:34.251] [main/DEBUG] [ModernFix/]: Applying mixin perf.resourcepacks.ForgePathPackResourcesMixin
[19Aug2026 16:50:34.252] [main/DEBUG] [ModernFix/]: Applying mixin perf.cache_upgraded_structures.StructureManagerMixin
[19Aug2026 16:50:34.252] [main/DEBUG] [ModernFix/]: Applying mixin perf.mojang_registry_size.MappedRegistryMixin
[19Aug2026 16:50:34.253] [main/DEBUG] [ModernFix/]: Skipping mixin perf.mojang_registry_size.StateHolderMixin: disabled for mod compat (!ferritecore)
[19Aug2026 16:50:34.253] [main/DEBUG] [ModernFix/]: Applying mixin perf.state_definition_construct.StateDefinitionMixin
[19Aug2026 16:50:34.253] [main/DEBUG] [ModernFix/]: Applying mixin perf.remove_biome_temperature_cache.BiomeMixin
[19Aug2026 16:50:34.254] [main/DEBUG] [ModernFix/]: Skipping mixin perf.remove_spawn_chunks.SortedArraySetMixin: disabled by configuration
[19Aug2026 16:50:34.254] [main/DEBUG] [ModernFix/]: Skipping mixin perf.remove_spawn_chunks.ServerPlayerMixin: disabled by configuration
[19Aug2026 16:50:34.255] [main/DEBUG] [ModernFix/]: Skipping mixin perf.remove_spawn_chunks.EntityMixin: disabled by configuration
[19Aug2026 16:50:34.255] [main/DEBUG] [ModernFix/]: Skipping mixin perf.remove_spawn_chunks.MinecraftServerMixin: disabled by configuration
[19Aug2026 16:50:34.256] [main/DEBUG] [ModernFix/]: Skipping mixin perf.remove_spawn_chunks.ServerLevelMixin: disabled by configuration
[19Aug2026 16:50:34.256] [main/DEBUG] [ModernFix/]: Skipping mixin perf.remove_spawn_chunks.PlayerListMixin: disabled by configuration
[19Aug2026 16:50:34.257] [main/DEBUG] [ModernFix/]: Applying mixin perf.model_optimizations.PropertyMixin
[19Aug2026 16:50:34.257] [main/DEBUG] [ModernFix/]: Applying mixin perf.model_optimizations.BooleanPropertyMixin
[19Aug2026 16:50:34.257] [main/DEBUG] [ModernFix/]: Applying mixin perf.reduce_blockstate_cache_rebuilds.BlockCallbacksMixin
[19Aug2026 16:50:34.258] [main/DEBUG] [ModernFix/]: Applying mixin perf.reduce_blockstate_cache_rebuilds.BlockStateBaseMixin
[19Aug2026 16:50:34.258] [main/DEBUG] [ModernFix/]: Applying mixin perf.reduce_blockstate_cache_rebuilds.BlocksMixin
[19Aug2026 16:50:34.259] [main/DEBUG] [ModernFix/]: Applying mixin perf.potential_spawns_alloc.ForgeEventFactoryMixin
[19Aug2026 16:50:34.259] [main/DEBUG] [ModernFix/]: Applying mixin perf.potential_spawns_alloc.PotentialSpawnsMixin
[19Aug2026 16:50:34.260] [main/DEBUG] [ModernFix/]: Applying mixin perf.thread_priorities.UtilMixin
[19Aug2026 16:50:34.260] [main/DEBUG] [ModernFix/]: Applying mixin perf.dynamic_dfu.BlockEntityTypeMixin
[19Aug2026 16:50:34.261] [main/DEBUG] [ModernFix/]: Applying mixin perf.dynamic_dfu.DataFixTypesMixin
[19Aug2026 16:50:34.261] [main/DEBUG] [ModernFix/]: Applying mixin perf.dynamic_dfu.DataFixersMixin
[19Aug2026 16:50:34.261] [main/DEBUG] [ModernFix/]: Applying mixin perf.dynamic_dfu.EntityTypeBuilderMixin
[19Aug2026 16:50:34.262] [main/DEBUG] [ModernFix/]: Applying mixin perf.dedicated_reload_executor.MinecraftServerMixin
[19Aug2026 16:50:34.262] [main/DEBUG] [ModernFix/]: Skipping mixin perf.cache_strongholds.ConcentricRingsStructurePlacementMixin: disabled for mod compat ([feature level: requires BETA])
[19Aug2026 16:50:34.263] [main/DEBUG] [ModernFix/]: Applying mixin perf.cache_strongholds.ServerLevelMixin
[19Aug2026 16:50:34.264] [main/DEBUG] [ModernFix/]: Applying mixin perf.cache_strongholds.ChunkGeneratorMixin
[19Aug2026 16:50:34.264] [main/DEBUG] [ModernFix/]: Applying mixin perf.fast_registry_validation.ForgeRegistryMixin
[19Aug2026 16:50:34.265] [main/DEBUG] [ModernFix/]: Applying mixin perf.forge_cap_retrieval.AttachCapabilitiesEventMixin
[19Aug2026 16:50:34.265] [main/DEBUG] [ModernFix/]: Applying mixin perf.forge_cap_retrieval.LivingEntityMixin
[19Aug2026 16:50:34.266] [main/DEBUG] [ModernFix/]: Applying mixin perf.deduplicate_wall_shapes.WallBlockMixin
[19Aug2026 16:50:34.266] [main/DEBUG] [ModernFix/]: Applying mixin perf.dynamic_structure_manager.StructureManagerMixin
[19Aug2026 16:50:34.266] [main/DEBUG] [ModernFix/]: Applying mixin perf.fast_forge_dummies.NamespacedHolderHelperMixin
[19Aug2026 16:50:34.267] [main/DEBUG] [ModernFix/]: Skipping mixin perf.kubejs.RecipeEventJSMixin: disabled for mod compat (kubejs)
[19Aug2026 16:50:34.419] [main/DEBUG] [mixin/]: @Mixin target net/minecraft/world/level/levelgen/SurfaceRules$Context is public in modernfix-modernfix.mixins.json:perf.worldgen_allocation.SurfaceRulesContextMixin and should be specified in value
[19Aug2026 16:50:34.499] [main/DEBUG] [net.minecraftforge.coremod.transformer.CoreModBaseTransformer/COREMOD]: Transforming net/minecraft/world/level/biome/Biome
[19Aug2026 16:50:34.568] [main/DEBUG] [mixin/]: Preparing citadel.mixins.json (16)
[19Aug2026 16:50:34.588] [main/DEBUG] [mixin/]: Preparing mixins.artifacts.common.json (21)
[19Aug2026 16:50:34.600] [main/DEBUG] [net.minecraftforge.coremod.transformer.CoreModBaseTransformer/COREMOD]: Transforming net/minecraft/world/level/NaturalSpawner
[19Aug2026 16:50:34.795] [main/DEBUG] [net.minecraftforge.coremod.transformer.CoreModBaseTransformer/COREMOD]: Transforming net/minecraft/world/entity/npc/Villager
[19Aug2026 16:50:34.977] [main/DEBUG] [mixin/]: Preparing mixins.artifacts.forge.json (3)
[19Aug2026 16:50:34.979] [main/DEBUG] [mixin/]: Preparing sophisticatedbackpacks.mixins.json (1)
[19Aug2026 16:50:34.979] [main/DEBUG] [mixin/]: Preparing iceandfire.mixins.json (2)
[19Aug2026 16:50:34.983] [main/DEBUG] [mixin/]: Preparing bygonenether.mixins.json (6)
[19Aug2026 16:50:34.999] [main/DEBUG] [mixin/]: Preparing balm.mixins.json (16)
[19Aug2026 16:50:35.010] [main/DEBUG] [mixin/]: Preparing blueprint.mixins.json (34)
[19Aug2026 16:50:35.040] [main/DEBUG] [net.minecraftforge.coremod.transformer.CoreModBaseTransformer/COREMOD]: Transforming net/minecraft/world/level/levelgen/structure/templatesystem/StructureTemplate
[19Aug2026 16:50:35.170] [main/DEBUG] [mixin/]: Preparing carryon.mixins.json (5)
[19Aug2026 16:50:35.176] [main/DEBUG] [mixin/]: Preparing carryon.forge.mixins.json (0)
[19Aug2026 16:50:35.176] [main/DEBUG] [mixin/]: Preparing puzzlesaccessapi.common.mixins.json (0)
[19Aug2026 16:50:35.177] [main/DEBUG] [mixin/]: Preparing puzzlesaccessapi.forge.mixins.json (0)
[19Aug2026 16:50:35.177] [main/DEBUG] [mixin/]: Preparing endergetic.mixins.json (22)
[19Aug2026 16:50:35.247] [main/DEBUG] [mixin/]: Preparing alexscaves.mixins.json (52)
[19Aug2026 16:50:35.318] [main/DEBUG] [net.minecraftforge.coremod.transformer.CoreModBaseTransformer/COREMOD]: Transforming net/minecraft/world/level/levelgen/structure/structures/SwampHutPiece
[19Aug2026 16:50:35.340] [main/DEBUG] [mixin/]: Preparing terrablender.mixins.json (7)
[19Aug2026 16:50:35.346] [main/DEBUG] [mixin/]: Preparing terrablender_forge.mixins.json (0)
[19Aug2026 16:50:35.346] [main/DEBUG] [mixin/]: Preparing moonlight-common.mixins.json (40)
[19Aug2026 16:50:35.402] [main/DEBUG] [mixin/]: Preparing moonlight.mixins.json (13)
[19Aug2026 16:50:35.413] [main/DEBUG] [mixin/]: Preparing mixinsquared.init.mixins.json (0)
[19Aug2026 16:50:35.413] [main/DEBUG] [mixin/]: Preparing jade.mixins.json (2)
[19Aug2026 16:50:35.414] [main/DEBUG] [mixin/]: Preparing endrem.mixins.json (4)
[19Aug2026 16:50:35.421] [main/DEBUG] [mixin/]: Preparing creativecore.mixins.json (8)
[19Aug2026 16:50:35.444] [main/DEBUG] [mixin/]: Preparing creativecore.forge.mixins.json (3)
[19Aug2026 16:50:35.447] [main/DEBUG] [mixin/]: Preparing supermartijn642corelib.mixins.json (11)
[19Aug2026 16:50:35.453] [main/DEBUG] [mixin/]: Preparing lionfishapi.mixins.json (2)
[19Aug2026 16:50:35.454] [main/DEBUG] [mixin/]: Preparing cataclysm.mixins.json (25)
[19Aug2026 16:50:35.485] [main/DEBUG] [mixin/]: Preparing curios.mixins.json (13)
[19Aug2026 16:50:35.506] [main/DEBUG] [mixin/]: Preparing patchouli_xplat.mixins.json (10)
[19Aug2026 16:50:35.508] [main/DEBUG] [mixin/]: Preparing xaerohud.mixins.json (22)
[19Aug2026 16:50:35.513] [main/DEBUG] [mixin/]: Preparing xaerohud.forge.mixins.json (0)
[19Aug2026 16:50:35.514] [main/DEBUG] [mixin/]: Preparing xaerominimap.mixins.json (0)
[19Aug2026 16:50:35.514] [main/DEBUG] [mixin/]: Preparing xaerominimap.forge.mixins.json (0)
[19Aug2026 16:50:35.515] [main/DEBUG] [mixin/]: Preparing betterbiomeblend.mixins.json (3)
[19Aug2026 16:50:35.515] [main/DEBUG] [mixin/]: Preparing betterbiomeblend-embeddium.mixins.json (2)
[19Aug2026 16:50:35.520] [main/WARN] [mixin/]: Error loading class: me/jellysquid/mods/sodium/client/world/biome/BiomeColorCache (java.lang.ClassNotFoundException: me.jellysquid.mods.sodium.client.world.biome.BiomeColorCache)
[19Aug2026 16:50:35.524] [main/WARN] [mixin/]: @Mixin target me.jellysquid.mods.sodium.client.world.biome.BiomeColorCache was not found betterbiomeblend-embeddium.mixins.json:MixinBiomeColorCache
[19Aug2026 16:50:35.528] [main/WARN] [mixin/]: Error loading class: me/jellysquid/mods/sodium/client/gui/SodiumGameOptionPages (java.lang.ClassNotFoundException: me.jellysquid.mods.sodium.client.gui.SodiumGameOptionPages)
[19Aug2026 16:50:35.528] [main/WARN] [mixin/]: @Mixin target me.jellysquid.mods.sodium.client.gui.SodiumGameOptionPages was not found betterbiomeblend-embeddium.mixins.json:MixinSodiumGameOptionPages
[19Aug2026 16:50:35.529] [main/DEBUG] [mixin/]: Preparing polymorph.mixins.json (9)
[19Aug2026 16:50:35.537] [main/DEBUG] [mixin/]: Preparing polymorph-integrations.forge.mixins.json (2)
[19Aug2026 16:50:35.540] [main/DEBUG] [Polymorph/]: Loaded com.illusivesoulworks.polymorph.platform.ForgeIntegrationPlatform@350567f1 for service interface com.illusivesoulworks.polymorph.platform.services.IIntegrationPlatform
[19Aug2026 16:50:35.541] [main/DEBUG] [Polymorph/]: Loaded com.illusivesoulworks.polymorph.platform.ForgeClientPlatform@7e4ac598 for service interface com.illusivesoulworks.polymorph.platform.services.IClientPlatform
[19Aug2026 16:50:35.543] [main/DEBUG] [Polymorph/]: Loaded com.illusivesoulworks.polymorph.platform.ForgePlatform@1851c7d2 for service interface com.illusivesoulworks.polymorph.platform.services.IPlatform
[19Aug2026 16:50:35.550] [main/DEBUG] [mixin/]: Preparing securitycraft.mixins.json (14)
[19Aug2026 16:50:35.557] [main/DEBUG] [mixin/]: Preparing entityculling.mixins.json (9)
[19Aug2026 16:50:35.557] [main/DEBUG] [mixin/]: Preparing tombstone.mixins.json (28)
[19Aug2026 16:50:35.586] [main/DEBUG] [mixin/]: Preparing immediatelyfast-common.mixins.json (33)
[19Aug2026 16:50:35.586] [main/DEBUG] [mixin/]: Preparing immediatelyfast-forge.mixins.json (6)
[19Aug2026 16:50:35.586] [main/DEBUG] [mixin/]: Preparing coroutil.mixins.json (0)
[19Aug2026 16:50:35.586] [main/DEBUG] [mixin/]: Preparing fastfurnace.mixins.json (1)
[19Aug2026 16:50:35.586] [main/DEBUG] [mixin/]: Preparing architectury.mixins.json (9)
[19Aug2026 16:50:35.591] [main/DEBUG] [mixin/]: Preparing architectury-common.mixins.json (10)
[19Aug2026 16:50:35.593] [main/DEBUG] [net.minecraftforge.coremod.transformer.CoreModBaseTransformer/COREMOD]: Transforming net/minecraft/world/item/BucketItem
[19Aug2026 16:50:35.598] [main/DEBUG] [net.minecraftforge.coremod.transformer.CoreModBaseTransformer/COREMOD]: Transforming net/minecraft/world/entity/EntityType
[19Aug2026 16:50:35.673] [main/DEBUG] [net.minecraftforge.coremod.transformer.CoreModBaseTransformer/COREMOD]: Transforming net/minecraft/world/level/block/LiquidBlock
[19Aug2026 16:50:35.677] [main/DEBUG] [mixin/]: Preparing skin_changer.mixins.json (3)
[19Aug2026 16:50:35.677] [main/DEBUG] [mixin/]: Preparing ferritecore.predicates.mixin.json (3)
[19Aug2026 16:50:35.677] [main/DEBUG] [mixin/]: Preparing ferritecore.fastmap.mixin.json (1)
[19Aug2026 16:50:35.679] [main/DEBUG] [mixin/]: Preparing ferritecore.mrl.mixin.json (2)
[19Aug2026 16:50:35.679] [main/DEBUG] [mixin/]: Preparing ferritecore.dedupmultipart.mixin.json (2)
[19Aug2026 16:50:35.679] [main/DEBUG] [mixin/]: Preparing ferritecore.blockstatecache.mixin.json (8)
[19Aug2026 16:50:35.685] [main/DEBUG] [mixin/]: @Mixin target net/minecraft/world/level/block/state/BlockBehaviour$BlockStateBase$Cache is public in ferritecore.blockstatecache.mixin.json:BlockStateCacheMixin and should be specified in value
[19Aug2026 16:50:35.686] [main/DEBUG] [mixin/]: Preparing ferritecore.dedupbakedquad.mixin.json (2)
[19Aug2026 16:50:35.686] [main/DEBUG] [mixin/]: Preparing ferritecore.threaddetec.mixin.json (1)
[19Aug2026 16:50:35.687] [main/DEBUG] [mixin/]: Preparing ferritecore.modelsides.mixin.json (1)
[19Aug2026 16:50:35.687] [main/DEBUG] [mixin/]: Preparing cupboard.mixins.json (5)
[19Aug2026 16:50:35.689] [main/DEBUG] [mixin/]: Preparing transition.mixins.json (7)
[19Aug2026 16:50:35.690] [main/DEBUG] [mixin/]: Preparing refurbished_furniture.common.mixins.json (12)
[19Aug2026 16:50:35.730] [main/DEBUG] [mixin/]: Preparing puzzleslib.common.mixins.json (7)
[19Aug2026 16:50:35.734] [main/DEBUG] [mixin/]: Preparing puzzleslib.forge.mixins.json (13)
[19Aug2026 16:50:35.740] [main/DEBUG] [mixin/]: Preparing expandability.mixins.json (4)
[19Aug2026 16:50:35.741] [main/DEBUG] [mixin/]: Preparing expandability-common.mixins.json (9)
[19Aug2026 16:50:35.744] [main/DEBUG] [mixin/]: Preparing mixinextras.init.mixins.json (0)
[19Aug2026 16:50:35.744] [main/DEBUG] [mixin/]: Preparing sound_physics_remastered.mixins.json (11)
[19Aug2026 16:50:35.904] [main/DEBUG] [mixin/]: Inner class org/embeddedt/modernfix/common/mixin/perf/forge_registry_alloc/DebugLevelSourceMixin$1 in org/embeddedt/modernfix/common/mixin/perf/forge_registry_alloc/DebugLevelSourceMixin on net/minecraft/world/level/levelgen/DebugLevelSource gets unique name net/minecraft/world/level/levelgen/DebugLevelSource$Anonymous$634cf0bf062a4ae5932053b162963d2e
[19Aug2026 16:50:36.071] [main/DEBUG] [mixin/]: Prepared 448 mixins in 3.233 sec (7.2ms avg) (0ms load, 0ms transform, 0ms plugin)
[19Aug2026 16:50:36.084] [main/INFO] [MixinExtras|Service/]: Initializing MixinExtras via com.llamalad7.mixinextras.service.MixinExtrasServiceImpl(version=0.5.3).
[19Aug2026 16:50:36.085] [main/DEBUG] [mixin/]: Registering new injector for @SugarWrapper with com.llamalad7.mixinextras.sugar.impl.SugarWrapperInjectionInfo
[19Aug2026 16:50:36.086] [main/DEBUG] [mixin/]: Registering new injector for @FactoryRedirectWrapper with com.llamalad7.mixinextras.wrapper.factory.FactoryRedirectWrapperInjectionInfo
[19Aug2026 16:50:36.086] [main/DEBUG] [mixin/]: Registering new injector for @ExpressionInjectorWrapper with com.llamalad7.mixinextras.expression.impl.wrapper.ExpressionInjectorWrapperInjectionInfo
[19Aug2026 16:50:36.103] [main/DEBUG] [mixin/]: Mixing perf.fix_loop_spin_waiting.MinecraftServerMixin from modernfix-modernfix.mixins.json into net.minecraft.server.MinecraftServer
[19Aug2026 16:50:36.116] [main/DEBUG] [mixin/]: Mixing LevelCreatedCallback from structureessentials.mixins.json into net.minecraft.server.MinecraftServer
[19Aug2026 16:50:36.119] [main/DEBUG] [mixin/]: Mixing MixinMinecraftServer from xaeroworldmap.mixins.json into net.minecraft.server.MinecraftServer
[19Aug2026 16:50:36.121] [main/DEBUG] [mixin/]: Mixing core.MinecraftServerMixin from modernfix-modernfix.mixins.json into net.minecraft.server.MinecraftServer
[19Aug2026 16:50:36.121] [main/DEBUG] [mixin/]: Renaming synthetic method lambda$mfix$endReloadTrack$0(Ljava/lang/Void;)V to md801402$lambda$mfix$endReloadTrack$0$0 in modernfix-modernfix.mixins.json:core.MinecraftServerMixin
[19Aug2026 16:50:36.128] [main/DEBUG] [mixin/]: Mixing perf.resourcepacks.MinecraftServerMixin from modernfix-modernfix.mixins.json into net.minecraft.server.MinecraftServer
[19Aug2026 16:50:36.181] [main/DEBUG] [mixin/]: Mixing perf.dedicated_reload_executor.MinecraftServerMixin from modernfix-modernfix.mixins.json into net.minecraft.server.MinecraftServer
[19Aug2026 16:50:36.182] [main/DEBUG] [mixin/]: Mixing MinecraftServerMixin from citadel.mixins.json into net.minecraft.server.MinecraftServer
[19Aug2026 16:50:36.186] [main/DEBUG] [mixin/]: Mixing MinecraftServerMixin from balm.mixins.json into net.minecraft.server.MinecraftServer
[19Aug2026 16:50:36.187] [main/DEBUG] [mixin/]: Renaming synthetic method lambda$reloadResources$0(Ljava/lang/Void;)V to md801402$lambda$reloadResources$0$1 in balm.mixins.json:MinecraftServerMixin
[19Aug2026 16:50:36.190] [main/DEBUG] [mixin/]: Mixing MinecraftServerMixin from blueprint.mixins.json into net.minecraft.server.MinecraftServer
[19Aug2026 16:50:36.193] [main/DEBUG] [mixin/]: Mixing MinecraftServerMixin from moonlight.mixins.json into net.minecraft.server.MinecraftServer
[19Aug2026 16:50:36.201] [main/DEBUG] [mixin/]: Mixing MixinMinecraftServer from xaerohud.mixins.json into net.minecraft.server.MinecraftServer
[19Aug2026 16:50:36.371] [main/DEBUG] [mixin/]: Mixing GameTestServerMixin from blueprint.mixins.json into net.minecraft.gametest.framework.GameTestServer
[19Aug2026 16:50:36.383] [main/DEBUG] [mixin/]: Mixing DedicatedServerMixin from blueprint.mixins.json into net.minecraft.server.dedicated.DedicatedServer
[19Aug2026 16:50:36.385] [main/DEBUG] [mixin/]: Mixing DedicatedServerMixin from tombstone.mixins.json into net.minecraft.server.dedicated.DedicatedServer
[19Aug2026 16:50:36.419] [main/DEBUG] [io.netty.util.internal.logging.InternalLoggerFactory/]: Using SLF4J as the default logging framework
[19Aug2026 16:50:36.422] [main/DEBUG] [io.netty.util.ResourceLeakDetector/]: -Dio.netty.leakDetection.level: simple
[19Aug2026 16:50:36.422] [main/DEBUG] [io.netty.util.ResourceLeakDetector/]: -Dio.netty.leakDetection.targetRecords: 4
[19Aug2026 16:50:36.584] [main/DEBUG] [mixin/]: Mixing perf.tag_id_caching.TagOrElementLocationMixin from modernfix-modernfix.mixins.json into net.minecraft.util.ExtraCodecs$TagOrElementLocation
[19Aug2026 16:50:36.661] [main/WARN] [net.minecraft.SystemReport/]: Failed retrieving info for group hardware
java.lang.NoClassDefFoundError: com/sun/jna/Platform
	at oshi.SystemInfo.<clinit>(SystemInfo.java:60) ~[oshi-core-6.2.2.jar%2369!/:6.2.2]
	at net.minecraft.SystemReport.m_143564_(SystemReport.java:52) ~[server-1.20.1-20230612.114412-srg.jar%23217!/:?]
	at net.minecraft.SystemReport.m_143516_(SystemReport.java:82) ~[server-1.20.1-20230612.114412-srg.jar%23217!/:?]
	at net.minecraft.SystemReport.<init>(SystemReport.java:52) ~[server-1.20.1-20230612.114412-srg.jar%23217!/:?]
	at net.minecraft.CrashReport.<init>(CrashReport.java:31) ~[server-1.20.1-20230612.114412-srg.jar%23217!/:?]
	at net.minecraft.CrashReport.m_127529_(CrashReport.java:216) ~[server-1.20.1-20230612.114412-srg.jar%23217!/:?]
	at net.minecraft.server.Main.main(Main.java:116) ~[server-1.20.1-20230612.114412-srg.jar%23217!/:?]
	at jdk.internal.reflect.NativeMethodAccessorImpl.invoke0(Native Method) ~[?:?]
	at jdk.internal.reflect.NativeMethodAccessorImpl.invoke(NativeMethodAccessorImpl.java:77) ~[?:?]
	at jdk.internal.reflect.DelegatingMethodAccessorImpl.invoke(DelegatingMethodAccessorImpl.java:43) ~[?:?]
	at java.lang.reflect.Method.invoke(Method.java:569) ~[?:?]
	at net.minecraftforge.fml.loading.targets.CommonLaunchHandler.runTarget(CommonLaunchHandler.java:111) ~[fmlloader-1.20.1-47.3.7.jar%2367!/:?]
	at net.minecraftforge.fml.loading.targets.CommonLaunchHandler.serverService(CommonLaunchHandler.java:103) ~[fmlloader-1.20.1-47.3.7.jar%2367!/:?]
	at net.minecraftforge.fml.loading.targets.CommonServerLaunchHandler.lambda$makeService$0(CommonServerLaunchHandler.java:27) ~[fmlloader-1.20.1-47.3.7.jar%2367!/:?]
	at cpw.mods.modlauncher.LaunchServiceHandlerDecorator.launch(LaunchServiceHandlerDecorator.java:30) ~[modlauncher-10.0.9.jar%2353!/:?]
	at cpw.mods.modlauncher.LaunchServiceHandler.launch(LaunchServiceHandler.java:53) ~[modlauncher-10.0.9.jar%2353!/:?]
	at cpw.mods.modlauncher.LaunchServiceHandler.launch(LaunchServiceHandler.java:71) ~[modlauncher-10.0.9.jar%2353!/:?]
	at cpw.mods.modlauncher.Launcher.run(Launcher.java:108) ~[modlauncher-10.0.9.jar%2353!/:?]
	at cpw.mods.modlauncher.Launcher.main(Launcher.java:78) ~[modlauncher-10.0.9.jar%2353!/:?]
	at cpw.mods.modlauncher.BootstrapLaunchConsumer.accept(BootstrapLaunchConsumer.java:26) ~[modlauncher-10.0.9.jar%2353!/:?]
	at cpw.mods.modlauncher.BootstrapLaunchConsumer.accept(BootstrapLaunchConsumer.java:23) ~[modlauncher-10.0.9.jar%2353!/:?]
	at cpw.mods.bootstraplauncher.BootstrapLauncher.main(BootstrapLauncher.java:141) ~[bootstraplauncher-1.1.2.jar:?]
Caused by: java.lang.ClassNotFoundException: com.sun.jna.Platform
	at jdk.internal.loader.BuiltinClassLoader.loadClass(BuiltinClassLoader.java:641) ~[?:?]
	at java.lang.ClassLoader.loadClass(ClassLoader.java:525) ~[?:?]
	at cpw.mods.cl.ModuleClassLoader.loadClass(ModuleClassLoader.java:137) ~[securejarhandler-2.1.10.jar:?]
	at java.lang.ClassLoader.loadClass(ClassLoader.java:525) ~[?:?]
	... 22 more
[19Aug2026 16:50:36.701] [main/DEBUG] [mixin/]: Mixing perf.thread_priorities.UtilMixin from modernfix-modernfix.mixins.json into net.minecraft.Util
[19Aug2026 16:50:36.705] [main/DEBUG] [mixin/]: Renaming synthetic method lambda$adjustPriorityOfThreadFactory$0(Ljava/util/concurrent/ForkJoinPool$ForkJoinWorkerThreadFactory;Ljava/util/concurrent/ForkJoinPool;)Ljava/util/concurrent/ForkJoinWorkerThread; to md801402$lambda$adjustPriorityOfThreadFactory$0$0 in modernfix-modernfix.mixins.json:perf.thread_priorities.UtilMixin
[19Aug2026 16:50:36.775] [main/DEBUG] [mixin/]: Mixing feature.measure_time.BootstrapMixin from modernfix-modernfix.mixins.json into net.minecraft.server.Bootstrap
[19Aug2026 16:50:36.781] [main/DEBUG] [mixin/]: Mixing core.BootstrapMixin from modernfix-modernfix.mixins.json into net.minecraft.server.Bootstrap
[19Aug2026 16:50:36.805] [main/INFO] [net.minecraft.server.Bootstrap/]: ModernFix reached bootstrap stage (20.45 s after launch)
[19Aug2026 16:50:36.839] [main/DEBUG] [mixin/]: Mixing MixinBuiltInRegistries from terrablender.mixins.json into net.minecraft.core.registries.BuiltInRegistries
[19Aug2026 16:50:36.840] [main/DEBUG] [mixin/]: Renaming synthetic method lambda$registerSimple$0(Lnet/minecraft/core/registries/BuiltInRegistries$RegistryBootstrap;Lnet/minecraft/core/Registry;)Ljava/lang/Object; to md801402$lambda$registerSimple$0$0 in terrablender.mixins.json:MixinBuiltInRegistries
[19Aug2026 16:50:36.864] [main/DEBUG] [mixin/]: Mixing bugfix.concurrency.MappedRegistryMixin from modernfix-modernfix.mixins.json into net.minecraft.core.MappedRegistry
[19Aug2026 16:50:36.870] [main/DEBUG] [mixin/]: Mixing perf.compact_mojang_registries.MappedRegistryMixin from modernfix-modernfix.mixins.json into net.minecraft.core.MappedRegistry
[19Aug2026 16:50:36.909] [main/DEBUG] [mixin/]: Mixing perf.mojang_registry_size.MappedRegistryMixin from modernfix-modernfix.mixins.json into net.minecraft.core.MappedRegistry
[19Aug2026 16:50:36.922] [main/DEBUG] [mixin/]: Mixing MappedRegistryMixin from structureessentials.mixins.json into net.minecraft.core.MappedRegistry
[19Aug2026 16:50:37.070] [main/DEBUG] [mixin/]: Mixing inject.MixinGameEvent from architectury-common.mixins.json into net.minecraft.world.level.gameevent.GameEvent
[19Aug2026 16:50:37.079] [main/DEBUG] [mixin/]: Mixing SoundEventMixin from sound_physics_remastered.mixins.json into net.minecraft.sounds.SoundEvent
[19Aug2026 16:50:37.088] [main/DEBUG] [mixin/]: Mixing core.GameDataMixin from modernfix-modernfix.mixins.json into net.minecraftforge.registries.GameData
[19Aug2026 16:50:37.090] [main/DEBUG] [mixin/]: Mixing perf.object_holder_cleanup.GameDataMixin from modernfix-modernfix.mixins.json into net.minecraftforge.registries.GameData
[19Aug2026 16:50:37.091] [main/DEBUG] [mixin/]: Mixing GameDataMixin from supermartijn642corelib.mixins.json into net.minecraftforge.registries.GameData
[19Aug2026 16:50:37.117] [main/DEBUG] [mixin/]: Mixing perf.forge_registry_alloc.ForgeRegistryMixin from modernfix-modernfix.mixins.json into net.minecraftforge.registries.ForgeRegistry
[19Aug2026 16:50:37.136] [main/DEBUG] [mixin/]: Mixing perf.fast_registry_validation.ForgeRegistryMixin from modernfix-modernfix.mixins.json into net.minecraftforge.registries.ForgeRegistry
[19Aug2026 16:50:37.139] [main/DEBUG] [mixin/]: Mixing accessor.ForgeRegistryForgeAccessor from puzzleslib.forge.mixins.json into net.minecraftforge.registries.ForgeRegistry
[19Aug2026 16:50:37.145] [main/WARN] [mixin/]: @Final field delegatesByName:Ljava/util/Map; in modernfix-modernfix.mixins.json:perf.forge_registry_alloc.ForgeRegistryMixin should be final
[19Aug2026 16:50:37.145] [main/WARN] [mixin/]: @Final field delegatesByValue:Ljava/util/Map; in modernfix-modernfix.mixins.json:perf.forge_registry_alloc.ForgeRegistryMixin should be final
[19Aug2026 16:50:37.165] [main/DEBUG] [mixin/]: Mixing perf.reduce_blockstate_cache_rebuilds.BlockCallbacksMixin from modernfix-modernfix.mixins.json into net.minecraftforge.registries.GameData$BlockCallbacks
[19Aug2026 16:50:37.171] [main/DEBUG] [mixin/]: Mixing perf.forge_registry_alloc.DelegateHolderMixin from modernfix-modernfix.mixins.json into net.minecraft.world.level.block.Block
[19Aug2026 16:50:37.173] [main/DEBUG] [mixin/]: Mixing inject.MixinBlock from architectury-common.mixins.json into net.minecraft.world.level.block.Block
[19Aug2026 16:50:37.173] [main/DEBUG] [mixin/]: Mixing accessor.BlockAccessor from puzzleslib.common.mixins.json into net.minecraft.world.level.block.Block
[19Aug2026 16:50:37.189] [main/DEBUG] [mixin/]: Mixing perf.reduce_blockstate_cache_rebuilds.BlockStateBaseMixin from modernfix-modernfix.mixins.json into net.minecraft.world.level.block.state.BlockBehaviour$BlockStateBase
[19Aug2026 16:50:37.195] [main/DEBUG] [mixin/]: Mixing BlockStateBaseMixin from ferritecore.blockstatecache.mixin.json into net.minecraft.world.level.block.state.BlockBehaviour$BlockStateBase
[19Aug2026 16:50:37.197] [main/DEBUG] [mixin/]: Mixing fluidcollision.BlockStateBaseMixin from expandability-common.mixins.json into net.minecraft.world.level.block.state.BlockBehaviour$BlockStateBase
[19Aug2026 16:50:37.223] [main/DEBUG] [mixin/]: Mixing FastMapStateHolderMixin from ferritecore.fastmap.mixin.json into net.minecraft.world.level.block.state.StateHolder
[19Aug2026 16:50:37.234] [main/DEBUG] [mixin/]: Mixing perf.model_optimizations.PropertyMixin from modernfix-modernfix.mixins.json into net.minecraft.world.level.block.state.properties.Property
[19Aug2026 16:50:37.248] [main/DEBUG] [mixin/]: Mixing EntityLoadMixin from cupboard.mixins.json into net.minecraft.world.entity.Entity
[19Aug2026 16:50:37.257] [main/DEBUG] [mixin/]: Mixing bugfix.chunk_deadlock.EntityMixin from modernfix-modernfix.mixins.json into net.minecraft.world.entity.Entity
[19Aug2026 16:50:37.259] [main/DEBUG] [mixin/]: Mixing item.umbrella.EntityMixin from mixins.artifacts.common.json into net.minecraft.world.entity.Entity
[19Aug2026 16:50:37.260] [main/DEBUG] [mixin/]: Mixing item.wearable.aquadashers.EntityMixin from mixins.artifacts.common.json into net.minecraft.world.entity.Entity
[19Aug2026 16:50:37.283] [main/DEBUG] [mixin/]: Mixing EntityMixin from balm.mixins.json into net.minecraft.world.entity.Entity
[19Aug2026 16:50:37.286] [main/DEBUG] [mixin/]: Mixing EntityMixin from blueprint.mixins.json into net.minecraft.world.entity.Entity
[19Aug2026 16:50:37.289] [main/DEBUG] [mixin/]: Renaming synthetic method lambda$read$1(Lnet/minecraft/nbt/Tag;)V to md801402$lambda$read$1$0 in blueprint.mixins.json:EntityMixin
[19Aug2026 16:50:37.289] [main/DEBUG] [mixin/]: Renaming synthetic method lambda$writeTrackedData$0(Lnet/minecraft/nbt/ListTag;Lcom/teamabnormals/blueprint/common/world/storage/tracking/TrackedData;Lcom/teamabnormals/blueprint/common/world/storage/tracking/IDataManager$DataEntry;)V to md801402$lambda$writeTrackedData$0$1 in blueprint.mixins.json:EntityMixin
[19Aug2026 16:50:37.317] [main/DEBUG] [mixin/]: Mixing EntityMixin from carryon.mixins.json into net.minecraft.world.entity.Entity
[19Aug2026 16:50:37.336] [main/DEBUG] [mixin/]: Mixing EntityMixin from endergetic.mixins.json into net.minecraft.world.entity.Entity
[19Aug2026 16:50:37.350] [main/DEBUG] [mixin/]: Mixing EntityMixin from alexscaves.mixins.json into net.minecraft.world.entity.Entity
[19Aug2026 16:50:37.488] [main/DEBUG] [mixin/]: Mixing EntityMixin from lionfishapi.mixins.json into net.minecraft.world.entity.Entity
[19Aug2026 16:50:37.509] [main/DEBUG] [mixin/]: Mixing AccessorEntity from curios.mixins.json into net.minecraft.world.entity.Entity
[19Aug2026 16:50:37.510] [main/DEBUG] [mixin/]: Mixing EntityMixin from tombstone.mixins.json into net.minecraft.world.entity.Entity
[19Aug2026 16:50:37.522] [main/DEBUG] [mixin/]: Mixing EntityAccessor from refurbished_furniture.common.mixins.json into net.minecraft.world.entity.Entity
[19Aug2026 16:50:37.522] [main/DEBUG] [mixin/]: Mixing EntityMixin from refurbished_furniture.common.mixins.json into net.minecraft.world.entity.Entity
[19Aug2026 16:50:37.528] [main/DEBUG] [mixin/]: Mixing swimming.EntityMixin from expandability.mixins.json into net.minecraft.world.entity.Entity
[19Aug2026 16:50:37.534] [main/DEBUG] [mixin/]: Mixing swimming.EntityMixin from expandability-common.mixins.json into net.minecraft.world.entity.Entity
[19Aug2026 16:50:37.541] [main/DEBUG] [mixin/]: Mixing EntityMixin from sound_physics_remastered.mixins.json into net.minecraft.world.entity.Entity
[19Aug2026 16:50:37.811] [main/DEBUG] [mixin/]: Mixing ntgl.common.LivingEntityMixin from ntgl.mixin.json into net.minecraft.world.entity.LivingEntity
[19Aug2026 16:50:37.811] [main/DEBUG] [mixin/]: ntgl.mixin.json:ntgl.common.LivingEntityMixin: Class version 61 required is higher than the class version supported by the current version of Mixin (JAVA_8 supports class version 52)
[19Aug2026 16:50:37.815] [main/DEBUG] [mixin/]: Mixing chassis.common.LivingEntityMixin from ntgl.mixin.json into net.minecraft.world.entity.LivingEntity
[19Aug2026 16:50:37.815] [main/DEBUG] [mixin/]: ntgl.mixin.json:chassis.common.LivingEntityMixin: Class version 61 required is higher than the class version supported by the current version of Mixin (JAVA_8 supports class version 52)
[19Aug2026 16:50:37.824] [main/DEBUG] [mixin/]: Mixing perf.forge_cap_retrieval.LivingEntityMixin from modernfix-modernfix.mixins.json into net.minecraft.world.entity.LivingEntity
[19Aug2026 16:50:37.826] [main/DEBUG] [mixin/]: Mixing LivingEntityMixin from citadel.mixins.json into net.minecraft.world.entity.LivingEntity
[19Aug2026 16:50:37.831] [main/DEBUG] [mixin/]: Mixing accessors.LivingEntityAccessor from mixins.artifacts.common.json into net.minecraft.world.entity.LivingEntity
[19Aug2026 16:50:37.832] [main/DEBUG] [mixin/]: Mixing item.hurtsound.LivingEntityMixin from mixins.artifacts.common.json into net.minecraft.world.entity.LivingEntity
[19Aug2026 16:50:37.834] [main/DEBUG] [mixin/]: Mixing item.wearable.chorustotem.LivingEntityMixin from mixins.artifacts.common.json into net.minecraft.world.entity.LivingEntity
[19Aug2026 16:50:37.857] [main/DEBUG] [mixin/]: Mixing item.wearable.snowshoes.LivingEntityMixin from mixins.artifacts.forge.json into net.minecraft.world.entity.LivingEntity
[19Aug2026 16:50:37.860] [main/DEBUG] [mixin/]: Mixing LivingEntityMixin from endergetic.mixins.json into net.minecraft.world.entity.LivingEntity
[19Aug2026 16:50:37.868] [main/DEBUG] [mixin/]: Mixing LivingEntityMixin from alexscaves.mixins.json into net.minecraft.world.entity.LivingEntity
[19Aug2026 16:50:37.881] [main/DEBUG] [net.minecraftforge.coremod.transformer.CoreModBaseTransformer/COREMOD]: Transforming net/minecraft/world/effect/MobEffectInstance
[19Aug2026 16:50:37.897] [main/DEBUG] [mixin/]: Mixing LivingEntityMixin from cataclysm.mixins.json into net.minecraft.world.entity.LivingEntity
[19Aug2026 16:50:37.914] [main/DEBUG] [mixin/]: Mixing MixinLivingEntity from curios.mixins.json into net.minecraft.world.entity.LivingEntity
[19Aug2026 16:50:37.917] [main/DEBUG] [mixin/]: Mixing LivingEntityMixin from tombstone.mixins.json into net.minecraft.world.entity.LivingEntity
[19Aug2026 16:50:37.933] [main/DEBUG] [mixin/]: Mixing LivingEntityMixin from refurbished_furniture.common.mixins.json into net.minecraft.world.entity.LivingEntity
[19Aug2026 16:50:37.937] [main/DEBUG] [mixin/]: Mixing swimming.LivingEntityMixin from expandability.mixins.json into net.minecraft.world.entity.LivingEntity
[19Aug2026 16:50:37.941] [main/DEBUG] [mixin/]: Mixing swimming.LivingEntityMixin from expandability-common.mixins.json into net.minecraft.world.entity.LivingEntity
[19Aug2026 16:50:38.076] [main/DEBUG] [mixin/]: Mixing perf.model_optimizations.BooleanPropertyMixin from modernfix-modernfix.mixins.json into net.minecraft.world.level.block.state.properties.BooleanProperty
[19Aug2026 16:50:38.083] [main/DEBUG] [mixin/]: Mixing LevelMixin from citadel.mixins.json into net.minecraft.world.level.Level
[19Aug2026 16:50:38.085] [main/DEBUG] [mixin/]: Mixing LevelMixin from refurbished_furniture.common.mixins.json into net.minecraft.world.level.Level
[19Aug2026 16:50:38.116] [main/DEBUG] [mixin/]: Mixing ServerAddEntityMixin from cupboard.mixins.json into net.minecraft.server.level.ServerLevel
[19Aug2026 16:50:38.170] [main/DEBUG] [mixin/]: Mixing perf.faster_structure_location.ServerLevelMixin from modernfix-modernfix.mixins.json into net.minecraft.server.level.ServerLevel
[19Aug2026 16:50:38.172] [main/DEBUG] [mixin/]: Mixing perf.cache_strongholds.ServerLevelMixin from modernfix-modernfix.mixins.json into net.minecraft.server.level.ServerLevel
[19Aug2026 16:50:38.173] [main/DEBUG] [mixin/]: Mixing ServerLevelMixin from citadel.mixins.json into net.minecraft.server.level.ServerLevel
[19Aug2026 16:50:38.175] [main/DEBUG] [mixin/]: Mixing ServerLevelMixin from blueprint.mixins.json into net.minecraft.server.level.ServerLevel
[19Aug2026 16:50:38.178] [main/DEBUG] [mixin/]: Mixing ServerLevelMixin from endergetic.mixins.json into net.minecraft.server.level.ServerLevel
[19Aug2026 16:50:38.192] [main/DEBUG] [mixin/]: Mixing ServerLevelMixin from moonlight-common.mixins.json into net.minecraft.server.level.ServerLevel
[19Aug2026 16:50:38.199] [main/DEBUG] [mixin/]: Mixing ServerLevelMixin from refurbished_furniture.common.mixins.json into net.minecraft.server.level.ServerLevel
[19Aug2026 16:50:38.322] [main/DEBUG] [mixin/]: Mixing ItemMixin from cataclysm.mixins.json into net.minecraft.world.entity.item.ItemEntity
[19Aug2026 16:50:38.334] [main/DEBUG] [mixin/]: Mixing chassis.common.PlayerMixin from ntgl.mixin.json into net.minecraft.world.entity.player.Player
[19Aug2026 16:50:38.334] [main/DEBUG] [mixin/]: ntgl.mixin.json:chassis.common.PlayerMixin: Class version 61 required is higher than the class version supported by the current version of Mixin (JAVA_8 supports class version 52)
[19Aug2026 16:50:38.338] [main/DEBUG] [mixin/]: Mixing NoAxeDisableModShieldMixin from bygonenether.mixins.json into net.minecraft.world.entity.player.Player
[19Aug2026 16:50:38.339] [main/DEBUG] [mixin/]: Mixing PlayerMixin from carryon.mixins.json into net.minecraft.world.entity.player.Player
[19Aug2026 16:50:38.342] [main/DEBUG] [mixin/]: Mixing PlayerMixin from endergetic.mixins.json into net.minecraft.world.entity.player.Player
[19Aug2026 16:50:38.351] [main/DEBUG] [mixin/]: Mixing PlayerMixin from alexscaves.mixins.json into net.minecraft.world.entity.player.Player
[19Aug2026 16:50:38.359] [main/DEBUG] [mixin/]: Mixing swimming.PlayerMixin from expandability-common.mixins.json into net.minecraft.world.entity.player.Player
[19Aug2026 16:50:38.427] [main/DEBUG] [mixin/]: Mixing bugfix.concurrency.ForgeRegistryTagManagerMixin from modernfix-modernfix.mixins.json into net.minecraftforge.registries.ForgeRegistryTagManager
[19Aug2026 16:50:38.443] [main/DEBUG] [mixin/]: Mixing bugfix.concurrency.NamespacedWrapperMixin from modernfix-modernfix.mixins.json into net.minecraftforge.registries.NamespacedWrapper
[19Aug2026 16:50:38.447] [main/DEBUG] [mixin/]: Mixing perf.fast_forge_dummies.NamespacedHolderHelperMixin from modernfix-modernfix.mixins.json into net.minecraftforge.registries.NamespacedWrapper
[19Aug2026 16:50:38.464] [main/DEBUG] [mixin/]: Mixing FluidInvokerMixin from blueprint.mixins.json into net.minecraft.world.level.material.Fluid
[19Aug2026 16:50:38.464] [main/DEBUG] [mixin/]: Mixing inject.MixinFluid from architectury-common.mixins.json into net.minecraft.world.level.material.Fluid
[19Aug2026 16:50:38.469] [main/DEBUG] [mixin/]: Mixing perf.forge_registry_alloc.DelegateHolderMixin from modernfix-modernfix.mixins.json into net.minecraft.world.item.Item
[19Aug2026 16:50:38.470] [main/DEBUG] [mixin/]: Mixing ItemMixin from moonlight-common.mixins.json into net.minecraft.world.item.Item
[19Aug2026 16:50:38.474] [main/DEBUG] [mixin/]: Mixing ItemMixin from tombstone.mixins.json into net.minecraft.world.item.Item
[19Aug2026 16:50:38.475] [main/DEBUG] [mixin/]: Renaming synthetic method lambda$methodIsFoil$1(Lnet/minecraft/world/item/ItemStack;Lovh/corail/tombstone/api/capability/ISoulConsumer;)Ljava/lang/Boolean; to md801402$lambda$methodIsFoil$1$0 in tombstone.mixins.json:ItemMixin
[19Aug2026 16:50:38.476] [main/DEBUG] [mixin/]: Renaming synthetic method lambda$methodGetName$0(Lnet/minecraft/world/item/ItemStack;Lovh/corail/tombstone/api/capability/ISoulConsumer;)Ljava/lang/Boolean; to md801402$lambda$methodGetName$0$1 in tombstone.mixins.json:ItemMixin
[19Aug2026 16:50:38.500] [main/DEBUG] [mixin/]: Mixing inject.MixinItem from architectury-common.mixins.json into net.minecraft.world.item.Item
[19Aug2026 16:50:38.530] [main/DEBUG] [net.minecraftforge.coremod.transformer.CoreModBaseTransformer/COREMOD]: Transforming net/minecraft/world/entity/EntityType
[19Aug2026 16:50:38.594] [main/DEBUG] [mixin/]: Mixing inject.MixinEntityType from architectury-common.mixins.json into net.minecraft.world.entity.EntityType
[19Aug2026 16:50:38.611] [main/DEBUG] [mixin/]: Mixing perf.dynamic_dfu.BlockEntityTypeMixin from modernfix-modernfix.mixins.json into net.minecraft.world.level.block.entity.BlockEntityType
[19Aug2026 16:50:38.616] [main/DEBUG] [mixin/]: Mixing ChunkStatusMixin from alexscaves.mixins.json into net.minecraft.world.level.chunk.ChunkStatus
[19Aug2026 16:50:38.634] [main/DEBUG] [mixin/]: Mixing accessor.PoiTypeAccessor from moonlight-common.mixins.json into net.minecraft.world.entity.ai.village.poi.PoiType
[19Aug2026 16:50:38.634] [main/DEBUG] [mixin/]: Mixing PoiMixin from moonlight-common.mixins.json into net.minecraft.world.entity.ai.village.poi.PoiType
[19Aug2026 16:50:38.679] [main/DEBUG] [mixin/]: Mixing perf.memoize_creative_tab_build.CreativeModeTabMixin from modernfix-modernfix.mixins.json into net.minecraft.world.item.CreativeModeTab
[19Aug2026 16:50:38.687] [main/DEBUG] [mixin/]: Mixing FireBlockMixin from moonlight.mixins.json into net.minecraft.world.level.block.FireBlock
[19Aug2026 16:50:38.696] [main/DEBUG] [mixin/]: Mixing accessor.FireBlockForgeAccessor from puzzleslib.forge.mixins.json into net.minecraft.world.level.block.FireBlock
[19Aug2026 16:50:38.704] [main/DEBUG] [mixin/]: Mixing BaseFireBlockMixin from endergetic.mixins.json into net.minecraft.world.level.block.BaseFireBlock
[19Aug2026 16:50:38.737] [main/DEBUG] [mixin/]: Mixing ShapesMixin from creativecore.mixins.json into net.minecraft.world.phys.shapes.Shapes
[19Aug2026 16:50:38.850] [main/DEBUG] [mixin/]: Mixing DiscreteVSAccess from ferritecore.blockstatecache.mixin.json into net.minecraft.world.phys.shapes.DiscreteVoxelShape
[19Aug2026 16:50:38.852] [main/DEBUG] [mixin/]: Mixing BitSetDVSAccess from ferritecore.blockstatecache.mixin.json into net.minecraft.world.phys.shapes.BitSetDiscreteVoxelShape
[19Aug2026 16:50:38.855] [main/DEBUG] [mixin/]: Mixing VoxelShapeAccessor from creativecore.mixins.json into net.minecraft.world.phys.shapes.VoxelShape
[19Aug2026 16:50:38.855] [main/DEBUG] [mixin/]: Mixing VoxelShapeAccess from ferritecore.blockstatecache.mixin.json into net.minecraft.world.phys.shapes.VoxelShape
[19Aug2026 16:50:38.856] [main/DEBUG] [mixin/]: Unexpected: Registered method setShape(Lnet/minecraft/world/phys/shapes/DiscreteVoxelShape;)V in net.minecraft.world.phys.shapes.VoxelShape was not merged
[19Aug2026 16:50:38.859] [main/DEBUG] [mixin/]: Mixing ArrayVSAccess from ferritecore.blockstatecache.mixin.json into net.minecraft.world.phys.shapes.ArrayVoxelShape
[19Aug2026 16:50:38.864] [main/DEBUG] [mixin/]: Mixing SliceShapeAccess from ferritecore.blockstatecache.mixin.json into net.minecraft.world.phys.shapes.SliceShape
[19Aug2026 16:50:38.970] [main/DEBUG] [mixin/]: Mixing NoteBlockInstrumentMixin from cataclysm.mixins.json into net.minecraft.world.level.block.state.properties.NoteBlockInstrument
[19Aug2026 16:50:38.971] [main/DEBUG] [mixin/]: Renaming @Invoker method newInstrument(Ljava/lang/String;ILjava/lang/String;Lnet/minecraft/core/Holder;Lnet/minecraft/world/level/block/state/properties/NoteBlockInstrument$Type;)Lnet/minecraft/world/level/block/state/properties/NoteBlockInstrument; to newInstrument_$md$801402$0 in cataclysm.mixins.json:NoteBlockInstrumentMixin
[19Aug2026 16:50:39.083] [main/INFO] [net.minecraft.server.Bootstrap/]: Vanilla bootstrap took 2244 milliseconds
[19Aug2026 16:50:39.105] [main/DEBUG] [io.netty.util.internal.PlatformDependent0/]: -Dio.netty.noUnsafe: false
[19Aug2026 16:50:39.106] [main/DEBUG] [io.netty.util.internal.PlatformDependent0/]: Java version: 17
[19Aug2026 16:50:39.106] [main/DEBUG] [io.netty.util.internal.PlatformDependent0/]: sun.misc.Unsafe.theUnsafe: available
[19Aug2026 16:50:39.106] [main/DEBUG] [io.netty.util.internal.PlatformDependent0/]: sun.misc.Unsafe.copyMemory: available
[19Aug2026 16:50:39.107] [main/DEBUG] [io.netty.util.internal.PlatformDependent0/]: sun.misc.Unsafe.storeFence: available
[19Aug2026 16:50:39.107] [main/DEBUG] [io.netty.util.internal.PlatformDependent0/]: java.nio.Buffer.address: available
[19Aug2026 16:50:39.108] [main/DEBUG] [io.netty.util.internal.PlatformDependent0/]: direct buffer constructor: unavailable
java.lang.UnsupportedOperationException: Reflective setAccessible(true) disabled
	at io.netty.util.internal.ReflectionUtil.trySetAccessible(ReflectionUtil.java:31) ~[netty-common-4.1.82.Final.jar%2380!/:4.1.82.Final]
	at io.netty.util.internal.PlatformDependent0$5.run(PlatformDependent0.java:288) ~[netty-common-4.1.82.Final.jar%2380!/:4.1.82.Final]
	at java.security.AccessController.doPrivileged(AccessController.java:318) ~[?:?]
	at io.netty.util.internal.PlatformDependent0.<clinit>(PlatformDependent0.java:282) ~[netty-common-4.1.82.Final.jar%2380!/:4.1.82.Final]
	at io.netty.util.internal.PlatformDependent.isAndroid(PlatformDependent.java:333) ~[netty-common-4.1.82.Final.jar%2380!/:4.1.82.Final]
	at io.netty.util.internal.PlatformDependent.<clinit>(PlatformDependent.java:88) ~[netty-common-4.1.82.Final.jar%2380!/:4.1.82.Final]
	at io.netty.util.ConstantPool.<init>(ConstantPool.java:34) ~[netty-common-4.1.82.Final.jar%2380!/:4.1.82.Final]
	at io.netty.util.AttributeKey$1.<init>(AttributeKey.java:27) ~[netty-common-4.1.82.Final.jar%2380!/:4.1.82.Final]
	at io.netty.util.AttributeKey.<clinit>(AttributeKey.java:27) ~[netty-common-4.1.82.Final.jar%2380!/:4.1.82.Final]
	at net.minecraftforge.network.NetworkConstants.<clinit>(NetworkConstants.java:34) ~[forge-1.20.1-47.3.7-universal.jar%23222!/:?]
	at net.minecraft.server.Bootstrap.handler$zdb000$doClassloadHack(Bootstrap.java:1036) ~[server-1.20.1-20230612.114412-srg.jar%23217!/:?]
	at net.minecraft.server.Bootstrap.m_135870_(Bootstrap.java:64) ~[server-1.20.1-20230612.114412-srg.jar%23217!/:?]
	at net.minecraftforge.registries.ForgeRegistries.init(ForgeRegistries.java:212) ~[forge-1.20.1-47.3.7-universal.jar%23222!/:?]
	at net.minecraftforge.registries.ForgeRegistries.<clinit>(ForgeRegistries.java:65) ~[forge-1.20.1-47.3.7-universal.jar%23222!/:?]
	at com.github.L_Ender.cataclysm.init.ModSounds.<clinit>(ModSounds.java:16) ~[L_Enders_Cataclysm-3.31.jar%23189!/:3.31]
	at com.github.L_Ender.cataclysm.blocks.Property.CustomNoteBlockInstrument.<clinit>(CustomNoteBlockInstrument.java:9) ~[L_Enders_Cataclysm-3.31.jar%23189!/:3.31]
	at net.minecraft.world.level.block.state.properties.NoteBlockInstrument.handler$bac000$US$addCustomInstruments(NoteBlockInstrument.java:536) ~[server-1.20.1-20230612.114412-srg.jar%23217!/:?]
	at net.minecraft.world.level.block.state.properties.NoteBlockInstrument.<clinit>(NoteBlockInstrument.java:8) ~[server-1.20.1-20230612.114412-srg.jar%23217!/:?]
	at jdk.internal.reflect.NativeMethodAccessorImpl.invoke0(Native Method) ~[?:?]
	at jdk.internal.reflect.NativeMethodAccessorImpl.invoke(NativeMethodAccessorImpl.java:77) ~[?:?]
	at jdk.internal.reflect.DelegatingMethodAccessorImpl.invoke(DelegatingMethodAccessorImpl.java:43) ~[?:?]
	at java.lang.reflect.Method.invoke(Method.java:569) ~[?:?]
	at java.lang.Class.getEnumConstantsShared(Class.java:3840) ~[?:?]
	at java.lang.Class.getEnumConstants(Class.java:3815) ~[?:?]
	at net.minecraft.world.level.block.state.properties.EnumProperty.m_61594_(EnumProperty.java:74) ~[server-1.20.1-20230612.114412-srg.jar%23217!/:?]
	at net.minecraft.world.level.block.state.properties.EnumProperty.m_61587_(EnumProperty.java:70) ~[server-1.20.1-20230612.114412-srg.jar%23217!/:?]
	at net.minecraft.world.level.block.state.properties.BlockStateProperties.<clinit>(BlockStateProperties.java:142) ~[server-1.20.1-20230612.114412-srg.jar%23217!/:?]
	at net.minecraft.world.level.block.FireBlock.<clinit>(FireBlock.java:33) ~[server-1.20.1-20230612.114412-srg.jar%23217!/:?]
	at net.minecraft.server.Bootstrap.m_135870_(Bootstrap.java:46) ~[server-1.20.1-20230612.114412-srg.jar%23217!/:?]
	at net.minecraft.server.Main.main(Main.java:121) ~[server-1.20.1-20230612.114412-srg.jar%23217!/:?]
	at jdk.internal.reflect.NativeMethodAccessorImpl.invoke0(Native Method) ~[?:?]
	at jdk.internal.reflect.NativeMethodAccessorImpl.invoke(NativeMethodAccessorImpl.java:77) ~[?:?]
	at jdk.internal.reflect.DelegatingMethodAccessorImpl.invoke(DelegatingMethodAccessorImpl.java:43) ~[?:?]
	at java.lang.reflect.Method.invoke(Method.java:569) ~[?:?]
	at net.minecraftforge.fml.loading.targets.CommonLaunchHandler.runTarget(CommonLaunchHandler.java:111) ~[fmlloader-1.20.1-47.3.7.jar%2367!/:?]
	at net.minecraftforge.fml.loading.targets.CommonLaunchHandler.serverService(CommonLaunchHandler.java:103) ~[fmlloader-1.20.1-47.3.7.jar%2367!/:?]
	at net.minecraftforge.fml.loading.targets.CommonServerLaunchHandler.lambda$makeService$0(CommonServerLaunchHandler.java:27) ~[fmlloader-1.20.1-47.3.7.jar%2367!/:?]
	at cpw.mods.modlauncher.LaunchServiceHandlerDecorator.launch(LaunchServiceHandlerDecorator.java:30) ~[modlauncher-10.0.9.jar%2353!/:?]
	at cpw.mods.modlauncher.LaunchServiceHandler.launch(LaunchServiceHandler.java:53) ~[modlauncher-10.0.9.jar%2353!/:?]
	at cpw.mods.modlauncher.LaunchServiceHandler.launch(LaunchServiceHandler.java:71) ~[modlauncher-10.0.9.jar%2353!/:?]
	at cpw.mods.modlauncher.Launcher.run(Launcher.java:108) ~[modlauncher-10.0.9.jar%2353!/:?]
	at cpw.mods.modlauncher.Launcher.main(Launcher.java:78) ~[modlauncher-10.0.9.jar%2353!/:?]
	at cpw.mods.modlauncher.BootstrapLaunchConsumer.accept(BootstrapLaunchConsumer.java:26) ~[modlauncher-10.0.9.jar%2353!/:?]
	at cpw.mods.modlauncher.BootstrapLaunchConsumer.accept(BootstrapLaunchConsumer.java:23) ~[modlauncher-10.0.9.jar%2353!/:?]
	at cpw.mods.bootstraplauncher.BootstrapLauncher.main(BootstrapLauncher.java:141) ~[bootstraplauncher-1.1.2.jar:?]
[19Aug2026 16:50:39.110] [main/DEBUG] [io.netty.util.internal.PlatformDependent0/]: java.nio.Bits.unaligned: available, true
[19Aug2026 16:50:39.111] [main/DEBUG] [io.netty.util.internal.PlatformDependent0/]: jdk.internal.misc.Unsafe.allocateUninitializedArray(int): unavailable
java.lang.IllegalAccessException: class io.netty.util.internal.PlatformDependent0$7 (in module io.netty.common) cannot access class jdk.internal.misc.Unsafe (in module java.base) because module java.base does not export jdk.internal.misc to module io.netty.common
	at jdk.internal.reflect.Reflection.newIllegalAccessException(Reflection.java:392) ~[?:?]
	at java.lang.reflect.AccessibleObject.checkAccess(AccessibleObject.java:674) ~[?:?]
	at java.lang.reflect.Method.invoke(Method.java:561) ~[?:?]
	at io.netty.util.internal.PlatformDependent0$7.run(PlatformDependent0.java:410) ~[netty-common-4.1.82.Final.jar%2380!/:4.1.82.Final]
	at java.security.AccessController.doPrivileged(AccessController.java:318) ~[?:?]
	at io.netty.util.internal.PlatformDependent0.<clinit>(PlatformDependent0.java:401) ~[netty-common-4.1.82.Final.jar%2380!/:4.1.82.Final]
	at io.netty.util.internal.PlatformDependent.isAndroid(PlatformDependent.java:333) ~[netty-common-4.1.82.Final.jar%2380!/:4.1.82.Final]
	at io.netty.util.internal.PlatformDependent.<clinit>(PlatformDependent.java:88) ~[netty-common-4.1.82.Final.jar%2380!/:4.1.82.Final]
	at io.netty.util.ConstantPool.<init>(ConstantPool.java:34) ~[netty-common-4.1.82.Final.jar%2380!/:4.1.82.Final]
	at io.netty.util.AttributeKey$1.<init>(AttributeKey.java:27) ~[netty-common-4.1.82.Final.jar%2380!/:4.1.82.Final]
	at io.netty.util.AttributeKey.<clinit>(AttributeKey.java:27) ~[netty-common-4.1.82.Final.jar%2380!/:4.1.82.Final]
	at net.minecraftforge.network.NetworkConstants.<clinit>(NetworkConstants.java:34) ~[forge-1.20.1-47.3.7-universal.jar%23222!/:?]
	at net.minecraft.server.Bootstrap.handler$zdb000$doClassloadHack(Bootstrap.java:1036) ~[server-1.20.1-20230612.114412-srg.jar%23217!/:?]
	at net.minecraft.server.Bootstrap.m_135870_(Bootstrap.java:64) ~[server-1.20.1-20230612.114412-srg.jar%23217!/:?]
	at net.minecraftforge.registries.ForgeRegistries.init(ForgeRegistries.java:212) ~[forge-1.20.1-47.3.7-universal.jar%23222!/:?]
	at net.minecraftforge.registries.ForgeRegistries.<clinit>(ForgeRegistries.java:65) ~[forge-1.20.1-47.3.7-universal.jar%23222!/:?]
	at com.github.L_Ender.cataclysm.init.ModSounds.<clinit>(ModSounds.java:16) ~[L_Enders_Cataclysm-3.31.jar%23189!/:3.31]
	at com.github.L_Ender.cataclysm.blocks.Property.CustomNoteBlockInstrument.<clinit>(CustomNoteBlockInstrument.java:9) ~[L_Enders_Cataclysm-3.31.jar%23189!/:3.31]
	at net.minecraft.world.level.block.state.properties.NoteBlockInstrument.handler$bac000$US$addCustomInstruments(NoteBlockInstrument.java:536) ~[server-1.20.1-20230612.114412-srg.jar%23217!/:?]
	at net.minecraft.world.level.block.state.properties.NoteBlockInstrument.<clinit>(NoteBlockInstrument.java:8) ~[server-1.20.1-20230612.114412-srg.jar%23217!/:?]
	at jdk.internal.reflect.NativeMethodAccessorImpl.invoke0(Native Method) ~[?:?]
	at jdk.internal.reflect.NativeMethodAccessorImpl.invoke(NativeMethodAccessorImpl.java:77) ~[?:?]
	at jdk.internal.reflect.DelegatingMethodAccessorImpl.invoke(DelegatingMethodAccessorImpl.java:43) ~[?:?]
	at java.lang.reflect.Method.invoke(Method.java:569) ~[?:?]
	at java.lang.Class.getEnumConstantsShared(Class.java:3840) ~[?:?]
	at java.lang.Class.getEnumConstants(Class.java:3815) ~[?:?]
	at net.minecraft.world.level.block.state.properties.EnumProperty.m_61594_(EnumProperty.java:74) ~[server-1.20.1-20230612.114412-srg.jar%23217!/:?]
	at net.minecraft.world.level.block.state.properties.EnumProperty.m_61587_(EnumProperty.java:70) ~[server-1.20.1-20230612.114412-srg.jar%23217!/:?]
	at net.minecraft.world.level.block.state.properties.BlockStateProperties.<clinit>(BlockStateProperties.java:142) ~[server-1.20.1-20230612.114412-srg.jar%23217!/:?]
	at net.minecraft.world.level.block.FireBlock.<clinit>(FireBlock.java:33) ~[server-1.20.1-20230612.114412-srg.jar%23217!/:?]
	at net.minecraft.server.Bootstrap.m_135870_(Bootstrap.java:46) ~[server-1.20.1-20230612.114412-srg.jar%23217!/:?]
	at net.minecraft.server.Main.main(Main.java:121) ~[server-1.20.1-20230612.114412-srg.jar%23217!/:?]
	at jdk.internal.reflect.NativeMethodAccessorImpl.invoke0(Native Method) ~[?:?]
	at jdk.internal.reflect.NativeMethodAccessorImpl.invoke(NativeMethodAccessorImpl.java:77) ~[?:?]
	at jdk.internal.reflect.DelegatingMethodAccessorImpl.invoke(DelegatingMethodAccessorImpl.java:43) ~[?:?]
	at java.lang.reflect.Method.invoke(Method.java:569) ~[?:?]
	at net.minecraftforge.fml.loading.targets.CommonLaunchHandler.runTarget(CommonLaunchHandler.java:111) ~[fmlloader-1.20.1-47.3.7.jar%2367!/:?]
	at net.minecraftforge.fml.loading.targets.CommonLaunchHandler.serverService(CommonLaunchHandler.java:103) ~[fmlloader-1.20.1-47.3.7.jar%2367!/:?]
	at net.minecraftforge.fml.loading.targets.CommonServerLaunchHandler.lambda$makeService$0(CommonServerLaunchHandler.java:27) ~[fmlloader-1.20.1-47.3.7.jar%2367!/:?]
	at cpw.mods.modlauncher.LaunchServiceHandlerDecorator.launch(LaunchServiceHandlerDecorator.java:30) ~[modlauncher-10.0.9.jar%2353!/:?]
	at cpw.mods.modlauncher.LaunchServiceHandler.launch(LaunchServiceHandler.java:53) ~[modlauncher-10.0.9.jar%2353!/:?]
	at cpw.mods.modlauncher.LaunchServiceHandler.launch(LaunchServiceHandler.java:71) ~[modlauncher-10.0.9.jar%2353!/:?]
	at cpw.mods.modlauncher.Launcher.run(Launcher.java:108) ~[modlauncher-10.0.9.jar%2353!/:?]
	at cpw.mods.modlauncher.Launcher.main(Launcher.java:78) ~[modlauncher-10.0.9.jar%2353!/:?]
	at cpw.mods.modlauncher.BootstrapLaunchConsumer.accept(BootstrapLaunchConsumer.java:26) ~[modlauncher-10.0.9.jar%2353!/:?]
	at cpw.mods.modlauncher.BootstrapLaunchConsumer.accept(BootstrapLaunchConsumer.java:23) ~[modlauncher-10.0.9.jar%2353!/:?]
	at cpw.mods.bootstraplauncher.BootstrapLauncher.main(BootstrapLauncher.java:141) ~[bootstraplauncher-1.1.2.jar:?]
[19Aug2026 16:50:39.113] [main/DEBUG] [io.netty.util.internal.PlatformDependent0/]: java.nio.DirectByteBuffer.<init>(long, int): unavailable
[19Aug2026 16:50:39.113] [main/DEBUG] [io.netty.util.internal.PlatformDependent/]: sun.misc.Unsafe: available
[19Aug2026 16:50:39.114] [main/DEBUG] [io.netty.util.internal.PlatformDependent/]: maxDirectMemory: 12884901888 bytes (maybe)
[19Aug2026 16:50:39.114] [main/DEBUG] [io.netty.util.internal.PlatformDependent/]: -Dio.netty.tmpdir: /tmp (java.io.tmpdir)
[19Aug2026 16:50:39.114] [main/DEBUG] [io.netty.util.internal.PlatformDependent/]: -Dio.netty.bitMode: 64 (sun.arch.data.model)
[19Aug2026 16:50:39.115] [main/DEBUG] [io.netty.util.internal.PlatformDependent/]: -Dio.netty.maxDirectMemory: -1 bytes
[19Aug2026 16:50:39.115] [main/DEBUG] [io.netty.util.internal.PlatformDependent/]: -Dio.netty.uninitializedArrayAllocationThreshold: -1
[19Aug2026 16:50:39.116] [main/DEBUG] [io.netty.util.internal.CleanerJava9/]: java.nio.ByteBuffer.cleaner(): available
[19Aug2026 16:50:39.116] [main/DEBUG] [io.netty.util.internal.PlatformDependent/]: -Dio.netty.noPreferDirect: false
[19Aug2026 16:50:39.191] [main/DEBUG] [mixin/]: Mixing perf.fix_handshake_stall.HandshakeHandlerMixin from modernfix-modernfix.mixins.json into net.minecraftforge.network.HandshakeHandler
[19Aug2026 16:50:39.249] [main/DEBUG] [mixin/]: Mixing perf.forge_registry_lambda.RegistryObjectMixin from modernfix-modernfix.mixins.json into net.minecraftforge.registries.RegistryObject
[19Aug2026 16:50:39.298] [main/DEBUG] [mixin/]: Mixing perf.reduce_blockstate_cache_rebuilds.BlocksMixin from modernfix-modernfix.mixins.json into net.minecraft.world.level.block.Blocks
[19Aug2026 16:50:39.299] [main/DEBUG] [mixin/]: Renaming synthetic method lambda$getEmptyConsumer$0(Ljava/lang/Object;)V to md801402$lambda$getEmptyConsumer$0$0 in modernfix-modernfix.mixins.json:perf.reduce_blockstate_cache_rebuilds.BlocksMixin
[19Aug2026 16:50:39.332] [main/DEBUG] [net.minecraftforge.coremod.transformer.CoreModBaseTransformer/COREMOD]: Transforming net/minecraft/world/level/block/LiquidBlock
[19Aug2026 16:50:39.332] [main/DEBUG] [mixin/]: Mixing inject.MixinLiquidBlock from architectury-common.mixins.json into net.minecraft.world.level.block.LiquidBlock
[19Aug2026 16:50:39.348] [main/DEBUG] [mixin/]: Mixing accessor.DispenserBlockAccessor from moonlight-common.mixins.json into net.minecraft.world.level.block.DispenserBlock
[19Aug2026 16:50:39.349] [main/DEBUG] [mixin/]: Renaming @Accessor method getDispenserRegistry()Ljava/util/Map; to getDispenserRegistry_$md$801402$0 in moonlight-common.mixins.json:accessor.DispenserBlockAccessor
[19Aug2026 16:50:39.351] [main/DEBUG] [mixin/]: Mixing NoteBlockMixin from blueprint.mixins.json into net.minecraft.world.level.block.NoteBlock
[19Aug2026 16:50:39.352] [main/DEBUG] [mixin/]: Mixing NoteBlockMixin from cataclysm.mixins.json into net.minecraft.world.level.block.NoteBlock
[19Aug2026 16:50:39.379] [main/DEBUG] [net.minecraftforge.coremod.transformer.CoreModBaseTransformer/COREMOD]: Transforming net/minecraft/world/level/block/StairBlock
[19Aug2026 16:50:39.386] [main/DEBUG] [mixin/]: Mixing ChestBlockMixin from tombstone.mixins.json into net.minecraft.world.level.block.ChestBlock
[19Aug2026 16:50:39.396] [main/DEBUG] [mixin/]: Mixing CropBlockMixin from balm.mixins.json into net.minecraft.world.level.block.CropBlock
[19Aug2026 16:50:39.445] [main/DEBUG] [mixin/]: Mixing StemBlockMixin from balm.mixins.json into net.minecraft.world.level.block.StemBlock
[19Aug2026 16:50:39.459] [main/DEBUG] [mixin/]: Mixing ntgl.common.EndPortalBlockMixin from ntgl.mixin.json into net.minecraft.world.level.block.EndPortalBlock
[19Aug2026 16:50:39.459] [main/DEBUG] [mixin/]: ntgl.mixin.json:ntgl.common.EndPortalBlockMixin: Class version 61 required is higher than the class version supported by the current version of Mixin (JAVA_8 supports class version 52)
[19Aug2026 16:50:39.471] [main/DEBUG] [mixin/]: Mixing perf.deduplicate_wall_shapes.WallBlockMixin from modernfix-modernfix.mixins.json into net.minecraft.world.level.block.WallBlock
[19Aug2026 16:50:39.488] [main/DEBUG] [net.minecraftforge.coremod.transformer.CoreModBaseTransformer/COREMOD]: Transforming net/minecraft/world/level/block/FlowerPotBlock
[19Aug2026 16:50:39.500] [main/DEBUG] [mixin/]: Mixing AnvilBlockMixin from placebo.mixins.json into net.minecraft.world.level.block.AnvilBlock
[19Aug2026 16:50:39.519] [main/DEBUG] [mixin/]: Mixing chorus.ChorusPlantBlockMixin from endergetic.mixins.json into net.minecraft.world.level.block.ChorusPlantBlock
[19Aug2026 16:50:39.526] [main/DEBUG] [mixin/]: Mixing chorus.ChorusFlowerBlockMixin from endergetic.mixins.json into net.minecraft.world.level.block.ChorusFlowerBlock
[19Aug2026 16:50:39.555] [main/DEBUG] [mixin/]: Mixing swimming.BubbleColumnBlockMixin from expandability-common.mixins.json into net.minecraft.world.level.block.BubbleColumnBlock
[19Aug2026 16:50:39.592] [main/DEBUG] [mixin/]: Mixing MixinPowderSnowBlock from curios.mixins.json into net.minecraft.world.level.block.PowderSnowBlock
[19Aug2026 16:50:39.622] [main/DEBUG] [mixin/]: Mixing BlockPropertiesAccessor from supermartijn642corelib.mixins.json into net.minecraft.world.level.block.state.BlockBehaviour$Properties
[19Aug2026 16:50:39.637] [main/DEBUG] [mixin/]: Mixing perf.state_definition_construct.StateDefinitionMixin from modernfix-modernfix.mixins.json into net.minecraft.world.level.block.state.StateDefinition
[19Aug2026 16:50:39.654] [main/DEBUG] [mixin/]: Mixing FlowingFluidMixin from alexscaves.mixins.json into net.minecraft.world.level.material.FlowingFluid
[19Aug2026 16:50:39.712] [main/DEBUG] [mixin/]: Mixing FallingBlockEntityMixin from blueprint.mixins.json into net.minecraft.world.entity.item.FallingBlockEntity
[19Aug2026 16:50:39.712] [main/DEBUG] [mixin/]: Mixing FallingBlockEntityMixin from alexscaves.mixins.json into net.minecraft.world.entity.item.FallingBlockEntity
[19Aug2026 16:50:39.714] [main/DEBUG] [mixin/]: Mixing MixinFallingBlockEntity from architectury.mixins.json into net.minecraft.world.entity.item.FallingBlockEntity
[19Aug2026 16:50:39.728] [main/DEBUG] [mixin/]: Mixing BlockEntityMixin from refurbished_furniture.common.mixins.json into net.minecraft.world.level.block.entity.BlockEntity
[19Aug2026 16:50:39.789] [main/DEBUG] [mixin/]: Mixing BrushableBlockEntityMixin from tombstone.mixins.json into net.minecraft.world.level.block.entity.BrushableBlockEntity
[19Aug2026 16:50:39.884] [main/DEBUG] [mixin/]: Mixing accessor.DispenserBlockEntityAccessor from moonlight-common.mixins.json into net.minecraft.world.level.block.entity.DispenserBlockEntity
[19Aug2026 16:50:39.939] [main/DEBUG] [mixin/]: Mixing PistonBlockEntityMixin from moonlight-common.mixins.json into net.minecraft.world.level.block.piston.PistonMovingBlockEntity
[19Aug2026 16:50:40.055] [main/DEBUG] [mixin/]: Mixing AbstractContainerMenuInvoker from placebo.mixins.json into net.minecraft.world.inventory.AbstractContainerMenu
[19Aug2026 16:50:40.056] [main/DEBUG] [mixin/]: Mixing accessor.AbstractContainerMenuAccessor from puzzleslib.common.mixins.json into net.minecraft.world.inventory.AbstractContainerMenu
[19Aug2026 16:50:40.060] [main/DEBUG] [mixin/]: Mixing AccessorCraftingMenu from polymorph.mixins.json into net.minecraft.world.inventory.CraftingMenu
[19Aug2026 16:50:40.060] [main/DEBUG] [mixin/]: Mixing MixinCraftingMenu from polymorph.mixins.json into net.minecraft.world.inventory.CraftingMenu
[19Aug2026 16:50:40.068] [main/DEBUG] [mixin/]: Mixing AccessorAbstractFurnaceBlockEntity from polymorph.mixins.json into net.minecraft.world.level.block.entity.AbstractFurnaceBlockEntity
[19Aug2026 16:50:40.068] [main/DEBUG] [mixin/]: Mixing MixinAbstractFurnaceBlockEntity from fastfurnace.mixins.json into net.minecraft.world.level.block.entity.AbstractFurnaceBlockEntity
[19Aug2026 16:50:40.070] [main/DEBUG] [net.minecraftforge.coremod.transformer.CoreModBaseTransformer/COREMOD]: Transforming getEnchantmentLevel with desc (Lnet/minecraft/world/item/enchantment/Enchantment;)I
[19Aug2026 16:50:40.071] [main/INFO] [net.minecraftforge.coremod.CoreMod.placebo/COREMODLOG]: Patching IForgeItemStack#getEnchantmentLevel
[19Aug2026 16:50:40.072] [main/DEBUG] [net.minecraftforge.coremod.transformer.CoreModBaseTransformer/COREMOD]: Transforming getAllEnchantments with desc ()Ljava/util/Map;
[19Aug2026 16:50:40.072] [main/INFO] [net.minecraftforge.coremod.CoreMod.placebo/COREMODLOG]: Patching IForgeItemStack#getEnchantmentLevel
[19Aug2026 16:50:40.124] [main/DEBUG] [mixin/]: Mixing AbstractArrowMixin from alexscaves.mixins.json into net.minecraft.world.entity.projectile.AbstractArrow
[19Aug2026 16:50:40.160] [main/DEBUG] [mixin/]: Mixing chassis.common.MobMixin from ntgl.mixin.json into net.minecraft.world.entity.Mob
[19Aug2026 16:50:40.160] [main/DEBUG] [mixin/]: ntgl.mixin.json:chassis.common.MobMixin: Class version 61 required is higher than the class version supported by the current version of Mixin (JAVA_8 supports class version 52)
[19Aug2026 16:50:40.161] [main/DEBUG] [mixin/]: Mixing accessors.MobAccessor from mixins.artifacts.common.json into net.minecraft.world.entity.Mob
[19Aug2026 16:50:40.161] [main/DEBUG] [mixin/]: Mixing MobAccessor from sophisticatedbackpacks.mixins.json into net.minecraft.world.entity.Mob
[19Aug2026 16:50:40.162] [main/DEBUG] [mixin/]: Mixing MobMixin from endergetic.mixins.json into net.minecraft.world.entity.Mob
[19Aug2026 16:50:40.163] [main/DEBUG] [mixin/]: Mixing MobMixin from alexscaves.mixins.json into net.minecraft.world.entity.Mob
[19Aug2026 16:50:40.164] [main/DEBUG] [mixin/]: Mixing EntityMixin from moonlight-common.mixins.json into net.minecraft.world.entity.Mob
[19Aug2026 16:50:40.164] [main/DEBUG] [mixin/]: Mixing MobMixin from tombstone.mixins.json into net.minecraft.world.entity.Mob
[19Aug2026 16:50:40.166] [main/DEBUG] [mixin/]: Renaming synthetic method lambda$methodSetTarget$2(Lnet/minecraft/world/entity/LivingEntity;Ljava/util/UUID;)Ljava/lang/Boolean; to md801402$lambda$methodSetTarget$2$0 in tombstone.mixins.json:MobMixin
[19Aug2026 16:50:40.166] [main/DEBUG] [mixin/]: Renaming synthetic method lambda$methodCanBeLeashed$1(Lnet/minecraft/world/entity/player/Player;Ljava/util/UUID;)Ljava/lang/Boolean; to md801402$lambda$methodCanBeLeashed$1$1 in tombstone.mixins.json:MobMixin
[19Aug2026 16:50:40.166] [main/DEBUG] [mixin/]: Renaming synthetic method lambda$methodTick$0(Lnet/minecraft/world/entity/Mob;Lovh/corail/tombstone/api/capability/ISpellCaster;)V to md801402$lambda$methodTick$0$2 in tombstone.mixins.json:MobMixin
[19Aug2026 16:50:40.204] [main/DEBUG] [mixin/]: Mixing MonsterMixin from alexscaves.mixins.json into net.minecraft.world.entity.monster.Monster
[19Aug2026 16:50:40.208] [main/DEBUG] [mixin/]: Mixing MonsterMixin from tombstone.mixins.json into net.minecraft.world.entity.monster.Monster
[19Aug2026 16:50:40.252] [main/DEBUG] [mixin/]: Mixing PlayerEnchantMixin from endrem.mixins.json into net.minecraft.world.inventory.EnchantmentMenu
[19Aug2026 16:50:40.279] [main/DEBUG] [net.minecraftforge.coremod.transformer.CoreModBaseTransformer/COREMOD]: Transforming net/minecraft/world/item/ItemStack
[19Aug2026 16:50:40.280] [main/DEBUG] [mixin/]: Mixing ItemStackMixin from placebo.mixins.json into net.minecraft.world.item.ItemStack
[19Aug2026 16:50:40.281] [main/DEBUG] [mixin/]: Renaming synthetic method lambda$getOrCreate$0(Ljava/util/function/Function;Ljava/util/function/ToIntFunction;Lnet/minecraft/resources/ResourceLocation;)Ldev/shadowsoffire/placebo/util/CachedObject; to md801402$lambda$getOrCreate$0$0 in placebo.mixins.json:ItemStackMixin
[19Aug2026 16:50:40.282] [main/DEBUG] [mixin/]: Mixing ItemStackMixin from tombstone.mixins.json into net.minecraft.world.item.ItemStack
[19Aug2026 16:50:40.292] [main/DEBUG] [net.minecraftforge.coremod.transformer.CoreModBaseTransformer/COREMOD]: Transforming getEnchantmentLevel with desc (Lnet/minecraft/world/item/enchantment/Enchantment;)I
[19Aug2026 16:50:40.293] [main/INFO] [net.minecraftforge.coremod.CoreMod.placebo/COREMODLOG]: Patching IForgeItemStack#getEnchantmentLevel
[19Aug2026 16:50:40.294] [main/DEBUG] [net.minecraftforge.coremod.transformer.CoreModBaseTransformer/COREMOD]: Transforming getAllEnchantments with desc ()Ljava/util/Map;
[19Aug2026 16:50:40.294] [main/INFO] [net.minecraftforge.coremod.CoreMod.placebo/COREMODLOG]: Patching IForgeItemStack#getEnchantmentLevel
[19Aug2026 16:50:40.448] [main/DEBUG] [mixin/]: Mixing TheEndGatewayBlockEntityMixin from endergetic.mixins.json into net.minecraft.world.level.block.entity.TheEndGatewayBlockEntity
[19Aug2026 16:50:40.588] [main/DEBUG] [mixin/]: Mixing GrindstoneMenuMixin from moonlight-common.mixins.json into net.minecraft.world.inventory.GrindstoneMenu
[19Aug2026 16:50:40.597] [main/DEBUG] [mixin/]: Mixing SmithingMenuMixin from citadel.mixins.json into net.minecraft.world.inventory.SmithingMenu
[19Aug2026 16:50:40.599] [main/DEBUG] [mixin/]: Mixing MixinSmithingMenu from polymorph.mixins.json into net.minecraft.world.inventory.SmithingMenu
[19Aug2026 16:50:40.706] [main/DEBUG] [mixin/]: Mixing LightningEntityMixin from moonlight-common.mixins.json into net.minecraft.world.entity.LightningBolt
[19Aug2026 16:50:40.707] [main/DEBUG] [mixin/]: Mixing MixinLightningBolt from architectury-common.mixins.json into net.minecraft.world.entity.LightningBolt
[19Aug2026 16:50:40.744] [main/DEBUG] [net.minecraftforge.coremod.transformer.CoreModBaseTransformer/COREMOD]: Transforming net/minecraft/world/entity/animal/frog/Tadpole
[19Aug2026 16:50:40.772] [main/DEBUG] [mixin/]: Mixing BlockItemMixin from moonlight-common.mixins.json into net.minecraft.world.item.BlockItem
[19Aug2026 16:50:40.773] [main/DEBUG] [mixin/]: Mixing accessor.BlockItemAccessor from puzzleslib.common.mixins.json into net.minecraft.world.item.BlockItem
[19Aug2026 16:50:40.785] [main/DEBUG] [mixin/]: Mixing SwordItemMixin from endergetic.mixins.json into net.minecraft.world.item.SwordItem
[19Aug2026 16:50:40.793] [main/DEBUG] [net.minecraftforge.coremod.transformer.CoreModBaseTransformer/COREMOD]: Transforming net/minecraft/world/item/BucketItem
[19Aug2026 16:50:40.794] [main/DEBUG] [mixin/]: Mixing inject.MixinBucketItem from architectury-common.mixins.json into net.minecraft.world.item.BucketItem
[19Aug2026 16:50:40.800] [main/DEBUG] [mixin/]: Mixing BundleItemMixin from tombstone.mixins.json into net.minecraft.world.item.BundleItem
[19Aug2026 16:50:40.801] [main/DEBUG] [mixin/]: Renaming synthetic method lambda$getEnchantmentLevel$0(Lnet/minecraft/world/item/ItemStack;Lovh/corail/tombstone/api/capability/ISoulConsumer;)Ljava/lang/Boolean; to md801402$lambda$getEnchantmentLevel$0$0 in tombstone.mixins.json:BundleItemMixin
[19Aug2026 16:50:40.804] [main/DEBUG] [mixin/]: Mixing item.wearable.anglershat.FishingRodItemMixin from mixins.artifacts.common.json into net.minecraft.world.item.FishingRodItem
[19Aug2026 16:50:40.810] [main/DEBUG] [mixin/]: Mixing MapItemMixin from moonlight-common.mixins.json into net.minecraft.world.item.MapItem
[19Aug2026 16:50:40.811] [main/DEBUG] [mixin/]: Renaming synthetic method lambda$update$1(Lnet/minecraft/world/level/saveddata/maps/MapItemSavedData;Lnet/minecraft/world/entity/Entity;Ljava/util/concurrent/atomic/AtomicBoolean;Lnet/minecraft/resources/ResourceLocation;Lnet/mehvahdjukaar/moonlight/api/map/CustomMapData;)V to md801402$lambda$update$1$0 in moonlight-common.mixins.json:MapItemMixin
[19Aug2026 16:50:40.811] [main/DEBUG] [mixin/]: Renaming synthetic method lambda$appendHoverText$0(Lnet/minecraft/world/level/saveddata/maps/MapItemSavedData;Lnet/minecraft/world/item/ItemStack;Ljava/util/List;Lnet/minecraft/resources/ResourceLocation;Lnet/mehvahdjukaar/moonlight/api/map/CustomMapData;)V to md801402$lambda$appendHoverText$0$1 in moonlight-common.mixins.json:MapItemMixin
[19Aug2026 16:50:40.815] [main/DEBUG] [mixin/]: Mixing ShearItemMixin from moonlight-common.mixins.json into net.minecraft.world.item.ShearsItem
[19Aug2026 16:50:40.816] [main/DEBUG] [mixin/]: Mixing MixinShearsItem from curios.mixins.json into net.minecraft.world.item.ShearsItem
[19Aug2026 16:50:40.820] [main/DEBUG] [mixin/]: Mixing PotionItemMixin from tombstone.mixins.json into net.minecraft.world.item.PotionItem
[19Aug2026 16:50:40.821] [main/DEBUG] [mixin/]: Renaming synthetic method lambda$methodFinishUsingItemReturn$1(Lnet/minecraft/world/entity/LivingEntity;Lovh/corail/tombstone/capability/ITBCapability;)V to md801402$lambda$methodFinishUsingItemReturn$1$0 in tombstone.mixins.json:PotionItemMixin
[19Aug2026 16:50:40.821] [main/DEBUG] [mixin/]: Renaming synthetic method lambda$effectList$0(Lnet/minecraft/world/effect/MobEffectInstance;)Ljava/lang/Integer; to md801402$lambda$effectList$0$1 in tombstone.mixins.json:PotionItemMixin
[19Aug2026 16:50:40.830] [main/DEBUG] [mixin/]: Mixing EnderEyeItemMixin from endrem.mixins.json into net.minecraft.world.item.EnderEyeItem
[19Aug2026 16:50:40.840] [main/DEBUG] [mixin/]: Mixing EndCrystalItemMixin from endergetic.mixins.json into net.minecraft.world.item.EndCrystalItem
[19Aug2026 16:50:40.854] [main/DEBUG] [mixin/]: Mixing suspiciousmines.BrushItemMixin from securitycraft.mixins.json into net.minecraft.world.item.BrushItem
[19Aug2026 16:50:40.854] [main/DEBUG] [mixin/]: Renaming synthetic method lambda$securitycraft$checkForSuspiciousMine$1(Lnet/minecraft/world/entity/player/Player;)V to md801402$lambda$securitycraft$checkForSuspiciousMine$1$0 in securitycraft.mixins.json:suspiciousmines.BrushItemMixin
[19Aug2026 16:50:40.855] [main/DEBUG] [mixin/]: Renaming synthetic method lambda$securitycraft$makeSuspiciousMinesBrushablePartTwo$0(Lnet/minecraft/world/entity/Entity;)Z to md801402$lambda$securitycraft$makeSuspiciousMinesBrushablePartTwo$0$1 in securitycraft.mixins.json:suspiciousmines.BrushItemMixin
[19Aug2026 16:50:40.873] [main/DEBUG] [mixin/]: Mixing inject.MixinItemProperties from architectury-common.mixins.json into net.minecraft.world.item.Item$Properties
[19Aug2026 16:50:40.906] [main/DEBUG] [mixin/]: Mixing AbstractMinecartMixin from alexscaves.mixins.json into net.minecraft.world.entity.vehicle.AbstractMinecart
[19Aug2026 16:50:41.009] [main/DEBUG] [mixin/]: Mixing MixinAllay from sophisticatedcore.mixins.json into net.minecraft.world.entity.animal.allay.Allay
[19Aug2026 16:50:41.046] [main/DEBUG] [mixin/]: Mixing MixinServerPlayer from xaerolib.mixins.json into net.minecraft.server.level.ServerPlayer
[19Aug2026 16:50:41.047] [main/DEBUG] [mixin/]: Mixing MixinServerPlayer from xaeroworldmap.mixins.json into net.minecraft.server.level.ServerPlayer
[19Aug2026 16:50:41.047] [main/DEBUG] [mixin/]: Mixing ServerPlayerMixin from endergetic.mixins.json into net.minecraft.server.level.ServerPlayer
[19Aug2026 16:50:41.048] [main/DEBUG] [mixin/]: Mixing ServerPlayerMixin from moonlight-common.mixins.json into net.minecraft.server.level.ServerPlayer
[19Aug2026 16:50:41.048] [main/DEBUG] [mixin/]: Mixing MixinServerPlayer from xaerohud.mixins.json into net.minecraft.server.level.ServerPlayer
[19Aug2026 16:50:41.049] [main/DEBUG] [mixin/]: Mixing ServerPlayerMixin from tombstone.mixins.json into net.minecraft.server.level.ServerPlayer
[19Aug2026 16:50:41.049] [main/DEBUG] [mixin/]: Renaming synthetic method lambda$static$0()Ljava/lang/Boolean; to md801402$lambda$static$0$0 in tombstone.mixins.json:ServerPlayerMixin
[19Aug2026 16:50:41.051] [main/DEBUG] [mixin/]: Mixing camera.ServerPlayerMixin from securitycraft.mixins.json into net.minecraft.server.level.ServerPlayer
[19Aug2026 16:50:41.100] [main/DEBUG] [mixin/]: Mixing perf.dynamic_dfu.EntityTypeBuilderMixin from modernfix-modernfix.mixins.json into net.minecraft.world.entity.EntityType$Builder
[19Aug2026 16:50:41.121] [main/DEBUG] [mixin/]: Mixing ExperienceOrbAccess from clumps.mixins.json into net.minecraft.world.entity.ExperienceOrb
[19Aug2026 16:50:41.122] [main/DEBUG] [mixin/]: Mixing MixinExperienceOrb from clumps.mixins.json into net.minecraft.world.entity.ExperienceOrb
[19Aug2026 16:50:41.123] [main/DEBUG] [mixin/]: Renaming synthetic method lambda$clumps$resolve$7(Ljava/util/Map$Entry;)Ljava/lang/Integer; to md801402$lambda$clumps$resolve$7$0 in clumps.mixins.json:MixinExperienceOrb
[19Aug2026 16:50:41.124] [main/DEBUG] [mixin/]: Renaming synthetic method lambda$addAdditionalSaveData$6(Lnet/minecraft/nbt/CompoundTag;Ljava/lang/Integer;Ljava/lang/Integer;)V to md801402$lambda$addAdditionalSaveData$6$1 in clumps.mixins.json:MixinExperienceOrb
[19Aug2026 16:50:41.124] [main/DEBUG] [mixin/]: Renaming synthetic method lambda$tryMergeToExisting$5(Ljava/util/Map;)Ljava/util/stream/Stream; to md801402$lambda$tryMergeToExisting$5$2 in clumps.mixins.json:MixinExperienceOrb
[19Aug2026 16:50:41.124] [main/DEBUG] [mixin/]: Renaming synthetic method lambda$tryMergeToExisting$4(IILnet/minecraft/world/entity/ExperienceOrb;)Z to md801402$lambda$tryMergeToExisting$4$3 in clumps.mixins.json:MixinExperienceOrb
[19Aug2026 16:50:41.124] [main/DEBUG] [mixin/]: Renaming synthetic method lambda$merge$3(Ljava/util/Map;)Ljava/util/stream/Stream; to md801402$lambda$merge$3$4 in clumps.mixins.json:MixinExperienceOrb
[19Aug2026 16:50:41.124] [main/DEBUG] [mixin/]: Renaming synthetic method lambda$clumps$repairPlayerItems$2(ILnet/minecraft/world/entity/player/Player;Lnet/minecraft/world/item/ItemStack;)Ljava/lang/Integer; to md801402$lambda$clumps$repairPlayerItems$2$5 in clumps.mixins.json:MixinExperienceOrb
[19Aug2026 16:50:41.125] [main/DEBUG] [mixin/]: Renaming synthetic method lambda$clumps$repairPlayerItems$1(Lnet/minecraft/world/item/ItemStack;Ljava/lang/Integer;)Ljava/lang/Float; to md801402$lambda$clumps$repairPlayerItems$1$6 in clumps.mixins.json:MixinExperienceOrb
[19Aug2026 16:50:41.126] [main/DEBUG] [mixin/]: Renaming synthetic method lambda$playerTouch$0(Lnet/minecraft/world/entity/player/Player;Ljava/util/concurrent/atomic/AtomicInteger;Ljava/lang/Integer;Ljava/lang/Integer;)V to md801402$lambda$playerTouch$0$7 in clumps.mixins.json:MixinExperienceOrb
[19Aug2026 16:50:41.177] [main/DEBUG] [mixin/]: Mixing perf.ticking_chunk_alloc.BatMixin from modernfix-modernfix.mixins.json into net.minecraft.world.entity.ambient.Bat
[19Aug2026 16:50:41.203] [main/DEBUG] [mixin/]: Mixing BeeGoalMixin from moonlight-common.mixins.json into net.minecraft.world.entity.animal.Bee$BeeGrowCropGoal
[19Aug2026 16:50:41.236] [main/DEBUG] [mixin/]: Mixing HurtByTargetGoalMixin from tombstone.mixins.json into net.minecraft.world.entity.ai.goal.target.HurtByTargetGoal
[19Aug2026 16:50:41.242] [main/DEBUG] [mixin/]: Mixing accessor.TargetGoalAccessor from tombstone.mixins.json into net.minecraft.world.entity.ai.goal.target.TargetGoal
[19Aug2026 16:50:41.273] [main/DEBUG] [mixin/]: Mixing BoatMixin from endergetic.mixins.json into net.minecraft.world.entity.vehicle.Boat
[19Aug2026 16:50:41.339] [main/DEBUG] [net.minecraftforge.coremod.transformer.CoreModBaseTransformer/COREMOD]: Transforming net/minecraft/world/entity/monster/Spider
[19Aug2026 16:50:41.395] [main/DEBUG] [mixin/]: Mixing ChickenMixin from blueprint.mixins.json into net.minecraft.world.entity.animal.Chicken
[19Aug2026 16:50:41.432] [main/DEBUG] [net.minecraftforge.coremod.transformer.CoreModBaseTransformer/COREMOD]: Transforming net/minecraft/world/entity/monster/Zombie
[19Aug2026 16:50:41.564] [main/DEBUG] [net.minecraftforge.coremod.transformer.CoreModBaseTransformer/COREMOD]: Transforming net/minecraft/world/entity/monster/ZombieVillager
[19Aug2026 16:50:41.620] [main/DEBUG] [mixin/]: Mixing ThrowableProjectileMixin from tombstone.mixins.json into net.minecraft.world.entity.projectile.ThrowableProjectile
[19Aug2026 16:50:41.653] [main/DEBUG] [net.minecraftforge.coremod.transformer.CoreModBaseTransformer/COREMOD]: Transforming net/minecraft/world/entity/monster/Evoker$EvokerSummonSpellGoal
[19Aug2026 16:50:41.671] [main/DEBUG] [mixin/]: Mixing FixBlockPlaceContextMixin from moonlight-common.mixins.json into net.minecraft.world.item.context.BlockPlaceContext
[19Aug2026 16:50:41.695] [main/DEBUG] [mixin/]: Mixing FrogMixin from alexscaves.mixins.json into net.minecraft.world.entity.animal.frog.Frog
[19Aug2026 16:50:41.848] [main/DEBUG] [mixin/]: Mixing ThrownPotionMixin from moonlight-common.mixins.json into net.minecraft.world.entity.projectile.ThrownPotion
[19Aug2026 16:50:41.875] [main/DEBUG] [mixin/]: Mixing RabbitMixin from blueprint.mixins.json into net.minecraft.world.entity.animal.Rabbit
[19Aug2026 16:50:41.955] [main/DEBUG] [net.minecraftforge.coremod.transformer.CoreModBaseTransformer/COREMOD]: Transforming net/minecraft/world/entity/animal/horse/SkeletonTrapGoal
[19Aug2026 16:50:42.003] [main/DEBUG] [net.minecraftforge.coremod.transformer.CoreModBaseTransformer/COREMOD]: Transforming net/minecraft/world/entity/monster/Strider
[19Aug2026 16:50:42.151] [main/DEBUG] [mixin/]: Mixing perf.ticking_chunk_alloc.ChunkAccessMixin from modernfix-modernfix.mixins.json into net.minecraft.world.level.chunk.ChunkAccess
[19Aug2026 16:50:42.151] [main/DEBUG] [mixin/]: Mixing perf.compact_imposterprotochunks.ChunkAccessMixin from modernfix-modernfix.mixins.json into net.minecraft.world.level.chunk.ChunkAccess
[19Aug2026 16:50:42.158] [main/DEBUG] [mixin/]: Mixing LevelChunkMixin from moonlight-common.mixins.json into net.minecraft.world.level.chunk.LevelChunk
[19Aug2026 16:50:42.159] [main/DEBUG] [mixin/]: Mixing LevelChunkMixin from refurbished_furniture.common.mixins.json into net.minecraft.world.level.chunk.LevelChunk
[19Aug2026 16:50:42.161] [main/WARN] [mixin/]: @Inject(@At("INVOKE_ASSIGN")) Shift.BY=2 on refurbished_furniture.common.mixins.json:LevelChunkMixin::handler$bdm000$refurbishedFurniture$AfterRemoveBlockEntity exceeds the maximum allowed value: 0. Increase the value of maxShiftBy to suppress this warning.
[19Aug2026 16:50:42.193] [main/DEBUG] [net.minecraftforge.coremod.transformer.CoreModBaseTransformer/COREMOD]: Transforming net/minecraft/world/entity/npc/Villager
[19Aug2026 16:50:42.282] [main/DEBUG] [mixin/]: Mixing item.wearable.villagerhat.VillagerMixin from mixins.artifacts.common.json into net.minecraft.world.entity.npc.Villager
[19Aug2026 16:50:42.283] [main/DEBUG] [mixin/]: Mixing VillagerMixin from moonlight-common.mixins.json into net.minecraft.world.entity.npc.Villager
[19Aug2026 16:50:42.285] [main/DEBUG] [mixin/]: Mixing accessor.VillagerAccessor from tombstone.mixins.json into net.minecraft.world.entity.npc.Villager
[19Aug2026 16:50:42.327] [main/DEBUG] [mixin/]: Mixing perf.faster_ingredients.IngredientMixin from modernfix-modernfix.mixins.json into net.minecraft.world.item.crafting.Ingredient
[19Aug2026 16:50:42.328] [main/DEBUG] [mixin/]: Renaming synthetic method lambda$computeItemsArray$1(I)[Lnet/minecraft/world/item/ItemStack; to md801402$lambda$computeItemsArray$1$0 in modernfix-modernfix.mixins.json:perf.faster_ingredients.IngredientMixin
[19Aug2026 16:50:42.328] [main/DEBUG] [mixin/]: Renaming synthetic method lambda$modernfix$fasterTagIngredientStacking$0(Lnet/minecraft/core/Holder;)I to md801402$lambda$modernfix$fasterTagIngredientStacking$0$1 in modernfix-modernfix.mixins.json:perf.faster_ingredients.IngredientMixin
[19Aug2026 16:50:42.335] [main/DEBUG] [mixin/]: Mixing perf.smart_ingredient_sync.IngredientMixin from modernfix-modernfix.mixins.json into net.minecraft.world.item.crafting.Ingredient
[19Aug2026 16:50:42.352] [main/DEBUG] [mixin/]: Mixing inject.MixinFoodPropertiesBuilder from architectury-common.mixins.json into net.minecraft.world.food.FoodProperties$Builder
[19Aug2026 16:50:42.355] [main/DEBUG] [net.minecraftforge.coremod.transformer.CoreModBaseTransformer/COREMOD]: Transforming net/minecraft/world/effect/MobEffectInstance
[19Aug2026 16:50:42.382] [main/DEBUG] [mixin/]: Mixing ntgl.common.ServerGamePacketListenerImplMixin from ntgl.mixin.json into net.minecraft.server.network.ServerGamePacketListenerImpl
[19Aug2026 16:50:42.382] [main/DEBUG] [mixin/]: ntgl.mixin.json:ntgl.common.ServerGamePacketListenerImplMixin: Class version 61 required is higher than the class version supported by the current version of Mixin (JAVA_8 supports class version 52)
[19Aug2026 16:50:42.386] [main/DEBUG] [mixin/]: Mixing bugfix.forge_vehicle_packets.ServerGamePacketListenerImplMixin from modernfix-modernfix.mixins.json into net.minecraft.server.network.ServerGamePacketListenerImpl
[19Aug2026 16:50:42.387] [main/DEBUG] [mixin/]: Mixing item.umbrella.server.ServerGamePacketListenerImplMixin from mixins.artifacts.common.json into net.minecraft.server.network.ServerGamePacketListenerImpl
[19Aug2026 16:50:42.387] [main/DEBUG] [mixin/]: Mixing ServerGamePacketListenerImplMixin from endergetic.mixins.json into net.minecraft.server.network.ServerGamePacketListenerImpl
[19Aug2026 16:50:42.388] [main/DEBUG] [mixin/]: Mixing swimming.server.ServerGamePacketListenerImplMixin from expandability-common.mixins.json into net.minecraft.server.network.ServerGamePacketListenerImpl
[19Aug2026 16:50:42.408] [main/DEBUG] [mixin/]: Mixing accessor.PotionBrewingForgeAccessor from puzzleslib.forge.mixins.json into net.minecraft.world.item.alchemy.PotionBrewing
[19Aug2026 16:50:42.408] [main/DEBUG] [mixin/]: Renaming @Accessor method puzzleslib$getPotionMixes()Ljava/util/List; to puzzleslib$getPotionMixes_$md$801402$0 in puzzleslib.forge.mixins.json:accessor.PotionBrewingForgeAccessor
[19Aug2026 16:50:42.408] [main/DEBUG] [mixin/]: Renaming @Accessor method puzzleslib$getContainerMixes()Ljava/util/List; to puzzleslib$getContainerMixes_$md$801402$1 in puzzleslib.forge.mixins.json:accessor.PotionBrewingForgeAccessor
[19Aug2026 16:50:42.408] [main/DEBUG] [mixin/]: Renaming @Accessor method puzzleslib$getAllowedContainers()Ljava/util/List; to puzzleslib$getAllowedContainers_$md$801402$2 in puzzleslib.forge.mixins.json:accessor.PotionBrewingForgeAccessor
[19Aug2026 16:50:42.484] [main/DEBUG] [mixin/]: Mixing potion.BrewingStandMenuMixin from securitycraft.mixins.json into net.minecraft.world.inventory.BrewingStandMenu
[19Aug2026 16:50:42.494] [main/DEBUG] [mixin/]: Mixing accessor.StructureProcessorAccessor from cataclysm.mixins.json into net.minecraft.world.level.levelgen.structure.templatesystem.StructureProcessor
[19Aug2026 16:50:42.521] [main/DEBUG] [mixin/]: Mixing perf.cache_upgraded_structures.StructureManagerMixin from modernfix-modernfix.mixins.json into net.minecraft.world.level.levelgen.structure.templatesystem.StructureTemplateManager
[19Aug2026 16:50:42.522] [main/DEBUG] [mixin/]: Mixing perf.dynamic_structure_manager.StructureManagerMixin from modernfix-modernfix.mixins.json into net.minecraft.world.level.levelgen.structure.templatesystem.StructureTemplateManager
[19Aug2026 16:50:42.530] [main/DEBUG] [mixin/]: Mixing ChunkGeneratorMixin from structureessentials.mixins.json into net.minecraft.world.level.chunk.ChunkGenerator
[19Aug2026 16:50:42.530] [main/DEBUG] [mixin/]: Mixing StructureMinDistanceDataHolder from structureessentials.mixins.json into net.minecraft.world.level.chunk.ChunkGenerator
[19Aug2026 16:50:42.532] [main/DEBUG] [mixin/]: Mixing StructureSearchSpeedupMixin from structureessentials.mixins.json into net.minecraft.world.level.chunk.ChunkGenerator
[19Aug2026 16:50:42.535] [main/DEBUG] [mixin/]: Mixing StructureSearchTimeoutMixin from structureessentials.mixins.json into net.minecraft.world.level.chunk.ChunkGenerator
[19Aug2026 16:50:42.536] [main/DEBUG] [mixin/]: Mixing ChunkGeneratorMixin from citadel.mixins.json into net.minecraft.world.level.chunk.ChunkGenerator
[19Aug2026 16:50:42.566] [main/DEBUG] [mixin/]: Mixing MixinInventory from curios.mixins.json into net.minecraft.world.entity.player.Inventory
[19Aug2026 16:50:42.567] [main/DEBUG] [mixin/]: Mixing InventoryMixin from carryon.mixins.json into net.minecraft.world.entity.player.Inventory
[19Aug2026 16:50:42.568] [main/DEBUG] [mixin/]: Mixing InventoryMixin from moonlight-common.mixins.json into net.minecraft.world.entity.player.Inventory
[19Aug2026 16:50:42.579] [main/DEBUG] [mixin/]: Mixing accessor.SimpleContainerAccessor from puzzleslib.common.mixins.json into net.minecraft.world.SimpleContainer
[19Aug2026 16:50:42.580] [main/DEBUG] [mixin/]: Mixing SlotAccessor from balm.mixins.json into net.minecraft.world.inventory.Slot
[19Aug2026 16:50:42.586] [main/DEBUG] [mixin/]: Mixing GrindstoneMenuSlotMixin from moonlight-common.mixins.json into net.minecraft.world.inventory.GrindstoneMenu$4
[19Aug2026 16:50:42.597] [main/DEBUG] [mixin/]: Mixing MapExtendingRecipeMixin from moonlight-common.mixins.json into net.minecraft.world.item.crafting.MapExtendingRecipe
[19Aug2026 16:50:42.599] [main/DEBUG] [mixin/]: Mixing accessor.ShapedRecipeAccessor from tombstone.mixins.json into net.minecraft.world.item.crafting.ShapedRecipe
[19Aug2026 16:50:42.732] [main/DEBUG] [mixin/]: Mixing EnchantRandomlyFunctionMixin from alexscaves.mixins.json into net.minecraft.world.level.storage.loot.functions.EnchantRandomlyFunction
[19Aug2026 16:50:42.732] [main/DEBUG] [mixin/]: Renaming synthetic method lambda$ac_enchantItem$0(ZLnet/minecraft/world/item/ItemStack;Lnet/minecraft/world/item/enchantment/Enchantment;)Z to md801402$lambda$ac_enchantItem$0$0 in alexscaves.mixins.json:EnchantRandomlyFunctionMixin
[19Aug2026 16:50:42.744] [main/DEBUG] [mixin/]: Mixing ExplorationMapFunctionMixin from structureessentials.mixins.json into net.minecraft.world.level.storage.loot.functions.ExplorationMapFunction
[19Aug2026 16:50:42.753] [main/DEBUG] [mixin/]: Mixing MixinApplyBonusCount from curios.mixins.json into net.minecraft.world.level.storage.loot.functions.ApplyBonusCount
[19Aug2026 16:50:42.863] [main/DEBUG] [mixin/]: Mixing chorus.ChorusPlantFeatureMixin from endergetic.mixins.json into net.minecraft.world.level.levelgen.feature.ChorusPlantFeature
[19Aug2026 16:50:42.873] [main/DEBUG] [mixin/]: Mixing MultifaceGrowthFeatureMixin from alexscaves.mixins.json into net.minecraft.world.level.levelgen.feature.MultifaceGrowthFeature
[19Aug2026 16:50:42.874] [main/DEBUG] [mixin/]: Mixing NoMultifaceGrowthFeatureInStructuresMixin from cataclysm.mixins.json into net.minecraft.world.level.levelgen.feature.MultifaceGrowthFeature
[19Aug2026 16:50:42.877] [main/DEBUG] [mixin/]: Mixing NoMagmaBlockInStructuresMixin from cataclysm.mixins.json into net.minecraft.world.level.levelgen.feature.UnderwaterMagmaFeature
[19Aug2026 16:50:42.882] [main/DEBUG] [mixin/]: Mixing gen.NoLakesInStructuresMixin from iceandfire.mixins.json into net.minecraft.world.level.levelgen.feature.LakeFeature
[19Aug2026 16:50:42.883] [main/DEBUG] [mixin/]: Mixing NoLakesInStructuresMixin from cataclysm.mixins.json into net.minecraft.world.level.levelgen.feature.LakeFeature
[19Aug2026 16:50:42.887] [main/DEBUG] [mixin/]: Mixing NoOreInStructuresMixin from cataclysm.mixins.json into net.minecraft.world.level.levelgen.feature.OreFeature
[19Aug2026 16:50:42.890] [main/DEBUG] [mixin/]: Mixing SpikeFeatureMixin from endergetic.mixins.json into net.minecraft.world.level.levelgen.feature.SpikeFeature
[19Aug2026 16:50:42.893] [main/DEBUG] [mixin/]: Mixing SeagrassFeatureMixin from alexscaves.mixins.json into net.minecraft.world.level.levelgen.feature.SeagrassFeature
[19Aug2026 16:50:42.894] [main/DEBUG] [mixin/]: Mixing KelpFeatureMixin from alexscaves.mixins.json into net.minecraft.world.level.levelgen.feature.KelpFeature
[19Aug2026 16:50:42.896] [main/DEBUG] [mixin/]: Mixing CoralFeatureMixin from alexscaves.mixins.json into net.minecraft.world.level.levelgen.feature.CoralFeature
[19Aug2026 16:50:42.902] [main/DEBUG] [mixin/]: Mixing NoBasaltColumnsInStructuresMixin from bygonenether.mixins.json into net.minecraft.world.level.levelgen.feature.BasaltColumnsFeature
[19Aug2026 16:50:42.903] [main/DEBUG] [mixin/]: Mixing NoBasaltColumnsInStructuresMixin from cataclysm.mixins.json into net.minecraft.world.level.levelgen.feature.BasaltColumnsFeature
[19Aug2026 16:50:42.907] [main/DEBUG] [mixin/]: Mixing NoDeltasInStructuresMixin from bygonenether.mixins.json into net.minecraft.world.level.levelgen.feature.DeltaFeature
[19Aug2026 16:50:42.907] [main/DEBUG] [mixin/]: Mixing NoDeltasInStructuresMixin from cataclysm.mixins.json into net.minecraft.world.level.levelgen.feature.DeltaFeature
[19Aug2026 16:50:42.914] [main/DEBUG] [mixin/]: Mixing NoGeodeInStructuresMixin from cataclysm.mixins.json into net.minecraft.world.level.levelgen.feature.GeodeFeature
[19Aug2026 16:50:42.930] [main/DEBUG] [mixin/]: Mixing PlacedFeatureErrorMixin from structureessentials.mixins.json into net.minecraft.world.level.levelgen.placement.PlacedFeature
[19Aug2026 16:50:43.028] [main/DEBUG] [mixin/]: Mixing RandomSpreadStructurePlacementMixin from structureessentials.mixins.json into net.minecraft.world.level.levelgen.structure.placement.RandomSpreadStructurePlacement
[19Aug2026 16:50:43.037] [main/DEBUG] [net.minecraftforge.coremod.transformer.CoreModBaseTransformer/COREMOD]: Transforming net/minecraft/world/level/levelgen/structure/Structure
[19Aug2026 16:50:43.038] [main/DEBUG] [mixin/]: Mixing StructureStartMinDistMixin from structureessentials.mixins.json into net.minecraft.world.level.levelgen.structure.Structure
[19Aug2026 16:50:43.041] [main/DEBUG] [mixin/]: Mixing StructureTimingMixin from structureessentials.mixins.json into net.minecraft.world.level.levelgen.structure.Structure
[19Aug2026 16:50:43.058] [main/DEBUG] [mixin/]: Mixing StructurePieceMixin from blueprint.mixins.json into net.minecraft.world.level.levelgen.structure.StructurePiece
[19Aug2026 16:50:43.084] [main/DEBUG] [mixin/]: Mixing StrongholdPiecesMixin from endrem.mixins.json into net.minecraft.world.level.levelgen.structure.structures.StrongholdPieces$PortalRoom
[19Aug2026 16:50:43.095] [main/DEBUG] [net.minecraftforge.coremod.transformer.CoreModBaseTransformer/COREMOD]: Transforming net/minecraft/world/level/levelgen/structure/structures/OceanRuinPieces$OceanRuinPiece
[19Aug2026 16:50:43.115] [main/DEBUG] [net.minecraftforge.coremod.transformer.CoreModBaseTransformer/COREMOD]: Transforming net/minecraft/world/level/levelgen/structure/structures/SwampHutPiece
[19Aug2026 16:50:43.129] [main/DEBUG] [mixin/]: Mixing SwampHutPieceMixin from alexscaves.mixins.json into net.minecraft.world.level.levelgen.structure.structures.SwampHutPiece
[19Aug2026 16:50:43.131] [main/WARN] [mixin/]: Mixin alexscaves.mixins.json:SwampHutPieceMixin has multiple constructors, (Lnet/minecraft/world/level/levelgen/structure/pieces/StructurePieceType;IIIIIILnet/minecraft/core/Direction;)V was selected

[19Aug2026 16:50:43.136] [main/DEBUG] [net.minecraftforge.coremod.transformer.CoreModBaseTransformer/COREMOD]: Transforming net/minecraft/world/level/levelgen/structure/structures/OceanMonumentPieces$OceanMonumentPiece
[19Aug2026 16:50:43.157] [main/DEBUG] [net.minecraftforge.coremod.transformer.CoreModBaseTransformer/COREMOD]: Transforming net/minecraft/world/level/levelgen/structure/structures/WoodlandMansionPieces$WoodlandMansionPiece
[19Aug2026 16:50:43.186] [main/DEBUG] [mixin/]: Mixing JigsawStructureMixin from alexscaves.mixins.json into net.minecraft.world.level.levelgen.structure.structures.JigsawStructure
[19Aug2026 16:50:43.190] [main/DEBUG] [mixin/]: Mixing StructureTemplatePoolAccessor from waystones.mixins.json into net.minecraft.world.level.levelgen.structure.pools.StructureTemplatePool
[19Aug2026 16:50:43.191] [main/DEBUG] [mixin/]: Mixing accessor.StructureTemplatePoolAccessor from cataclysm.mixins.json into net.minecraft.world.level.levelgen.structure.pools.StructureTemplatePool
[19Aug2026 16:50:43.191] [main/DEBUG] [mixin/]: Unexpected: Registered method getRawTemplates()Ljava/util/List; in net.minecraft.world.level.levelgen.structure.pools.StructureTemplatePool was not merged
[19Aug2026 16:50:43.204] [main/DEBUG] [mixin/]: Mixing OceanMonumentStructureMixin from alexscaves.mixins.json into net.minecraft.world.level.levelgen.structure.structures.OceanMonumentStructure
[19Aug2026 16:50:43.214] [main/DEBUG] [mixin/]: Mixing ShipwreckStructureMixin from alexscaves.mixins.json into net.minecraft.world.level.levelgen.structure.structures.ShipwreckStructure
[19Aug2026 16:50:43.278] [main/DEBUG] [mixin/]: Mixing BiomeSourceMixin from alexscaves.mixins.json into net.minecraft.world.level.biome.BiomeSource
[19Aug2026 16:50:43.280] [main/DEBUG] [mixin/]: Mixing MixinBiomeSource from terrablender.mixins.json into net.minecraft.world.level.biome.BiomeSource
[19Aug2026 16:50:43.280] [main/DEBUG] [mixin/]: Renaming synthetic method lambda$appendDeferredBiomesList$0(Lcom/google/common/collect/ImmutableList;)Ljava/util/Set; to md801402$lambda$appendDeferredBiomesList$0$0 in terrablender.mixins.json:MixinBiomeSource
[19Aug2026 16:50:43.288] [main/DEBUG] [net.minecraftforge.coremod.transformer.CoreModBaseTransformer/COREMOD]: Transforming net/minecraft/world/level/biome/Biome
[19Aug2026 16:50:43.289] [main/DEBUG] [mixin/]: Mixing perf.remove_biome_temperature_cache.BiomeMixin from modernfix-modernfix.mixins.json into net.minecraft.world.level.biome.Biome
[19Aug2026 16:50:43.289] [main/WARN] [mixin/]: Static binding violation: PRIVATE @Overwrite method m_47505_ in modernfix-modernfix.mixins.json:perf.remove_biome_temperature_cache.BiomeMixin cannot reduce visibiliy of PUBLIC target method, visibility will be upgraded.
[19Aug2026 16:50:43.316] [main/DEBUG] [mixin/]: Mixing accessor.MobSpawnSettingsBuilderForgeAccessor from puzzleslib.forge.mixins.json into net.minecraft.world.level.biome.MobSpawnSettings$Builder
[19Aug2026 16:50:43.323] [main/DEBUG] [mixin/]: Mixing LegacyRandomSourceMixin from structureessentials.mixins.json into net.minecraft.world.level.levelgen.LegacyRandomSource
[19Aug2026 16:50:43.330] [main/DEBUG] [mixin/]: Mixing MultiNoiseBiomeSourceMixin from alexscaves.mixins.json into net.minecraft.world.level.biome.MultiNoiseBiomeSource
[19Aug2026 16:50:43.333] [main/DEBUG] [mixin/]: Mixing MixinMultiNoiseBiomeSource from terrablender.mixins.json into net.minecraft.world.level.biome.MultiNoiseBiomeSource
[19Aug2026 16:50:43.336] [main/DEBUG] [mixin/]: Mixing MixinParameterList from terrablender.mixins.json into net.minecraft.world.level.biome.Climate$ParameterList
[19Aug2026 16:50:43.337] [main/DEBUG] [mixin/]: Renaming synthetic method lambda$initializeForTerraBlender$0(Lnet/minecraft/core/Registry;Lcom/google/common/collect/ImmutableList$Builder;Lcom/mojang/datafixers/util/Pair;)V to md801402$lambda$initializeForTerraBlender$0$0 in terrablender.mixins.json:MixinParameterList
[19Aug2026 16:50:43.359] [main/DEBUG] [mixin/]: Mixing perf.optimize_surface_rules.NoiseBasedChunkGeneratorMixin from modernfix-modernfix.mixins.json into net.minecraft.world.level.levelgen.NoiseBasedChunkGenerator
[19Aug2026 16:50:43.359] [main/DEBUG] [mixin/]: Renaming synthetic method lambda$mfix$accumulate$0(Ljava/util/Set;Lnet/minecraft/core/Holder;)V to md801402$lambda$mfix$accumulate$0$0 in modernfix-modernfix.mixins.json:perf.optimize_surface_rules.NoiseBasedChunkGeneratorMixin
[19Aug2026 16:50:43.377] [main/DEBUG] [mixin/]: Mixing NoiseGeneratorSettingsMixin from citadel.mixins.json into net.minecraft.world.level.levelgen.NoiseGeneratorSettings
[19Aug2026 16:50:43.378] [main/DEBUG] [mixin/]: Mixing NoiseGeneratorSettingsMixin from blueprint.mixins.json into net.minecraft.world.level.levelgen.NoiseGeneratorSettings
[19Aug2026 16:50:43.379] [main/DEBUG] [mixin/]: Mixing MixinNoiseGeneratorSettings from terrablender.mixins.json into net.minecraft.world.level.levelgen.NoiseGeneratorSettings
[19Aug2026 16:50:43.407] [main/DEBUG] [mixin/]: Mixing perf.forge_registry_alloc.DebugLevelSourceMixin from modernfix-modernfix.mixins.json into net.minecraft.world.level.levelgen.DebugLevelSource
[19Aug2026 16:50:43.413] [main/DEBUG] [mixin/]: Mixing perf.optimize_surface_rules.BiomeConditionSourceMixin from modernfix-modernfix.mixins.json into net.minecraft.world.level.levelgen.SurfaceRules$BiomeConditionSource
[19Aug2026 16:50:43.414] [main/DEBUG] [mixin/]: Renaming synthetic method lambda$mfix$optimizeCondition$1()Z to md801402$lambda$mfix$optimizeCondition$1$0 in modernfix-modernfix.mixins.json:perf.optimize_surface_rules.BiomeConditionSourceMixin
[19Aug2026 16:50:43.414] [main/DEBUG] [mixin/]: Renaming synthetic method lambda$mfix$optimizeCondition$0()Z to md801402$lambda$mfix$optimizeCondition$0$1 in modernfix-modernfix.mixins.json:perf.optimize_surface_rules.BiomeConditionSourceMixin
[19Aug2026 16:50:43.523] [main/DEBUG] [mixin/]: Mixing SinglePoolElementMixin from waystones.mixins.json into net.minecraft.world.level.levelgen.structure.pools.SinglePoolElement
[19Aug2026 16:50:43.524] [main/DEBUG] [mixin/]: Renaming synthetic method lambda$waystones$isWaystone$1(Lnet/minecraft/world/level/levelgen/structure/templatesystem/StructureTemplate;)V to md801402$lambda$waystones$isWaystone$1$0 in waystones.mixins.json:SinglePoolElementMixin
[19Aug2026 16:50:43.524] [main/DEBUG] [mixin/]: Renaming synthetic method lambda$waystones$isWaystone$0(Lnet/minecraft/resources/ResourceLocation;)V to md801402$lambda$waystones$isWaystone$0$1 in waystones.mixins.json:SinglePoolElementMixin
[19Aug2026 16:50:43.525] [main/DEBUG] [mixin/]: Mixing accessor.SinglePoolElementAccessor from cataclysm.mixins.json into net.minecraft.world.level.levelgen.structure.pools.SinglePoolElement
[19Aug2026 16:50:43.532] [main/DEBUG] [mixin/]: Mixing accessor.ListPoolElementAccessor from cataclysm.mixins.json into net.minecraft.world.level.levelgen.structure.pools.ListPoolElement
[19Aug2026 16:50:43.534] [main/DEBUG] [mixin/]: Mixing accessor.FeaturePoolElementAccessor from cataclysm.mixins.json into net.minecraft.world.level.levelgen.structure.pools.FeaturePoolElement
[19Aug2026 16:50:43.688] [main/DEBUG] [net.minecraftforge.common.ForgeI18n/CORE]: Loading I18N data entries: 6430
[19Aug2026 16:50:43.705] [main/DEBUG] [net.minecraftforge.fml.ModWorkManager/LOADING]: Using 4 threads for parallel mod-loading
[19Aug2026 16:50:43.711] [main/DEBUG] [net.minecraftforge.fml.javafmlmod.FMLJavaModLanguageProvider/LOADING]: Loading FMLModContainer from classloader cpw.mods.modlauncher.TransformingClassLoader@1b4872bc - got cpw.mods.cl.ModuleClassLoader@7cf162bc
[19Aug2026 16:50:43.711] [main/DEBUG] [net.minecraftforge.fml.javafmlmod.FMLModContainer/LOADING]: Creating FMLModContainer instance for net.blay09.mods.kuma.forge.ForgeKumaAPI
[19Aug2026 16:50:43.713] [main/DEBUG] [net.minecraftforge.fml.javafmlmod.FMLJavaModLanguageProvider/LOADING]: Loading FMLModContainer from classloader cpw.mods.modlauncher.TransformingClassLoader@1b4872bc - got cpw.mods.cl.ModuleClassLoader@7cf162bc
[19Aug2026 16:50:43.714] [main/DEBUG] [net.minecraftforge.fml.javafmlmod.FMLModContainer/LOADING]: Creating FMLModContainer instance for com.supermartijn642.configlib.ConfigLib
[19Aug2026 16:50:43.714] [main/DEBUG] [net.minecraftforge.fml.javafmlmod.FMLJavaModLanguageProvider/LOADING]: Loading FMLModContainer from classloader cpw.mods.modlauncher.TransformingClassLoader@1b4872bc - got cpw.mods.cl.ModuleClassLoader@7cf162bc
[19Aug2026 16:50:43.715] [main/DEBUG] [net.minecraftforge.fml.javafmlmod.FMLModContainer/LOADING]: Creating FMLModContainer instance for net.blay09.mods.trashslot.ForgeTrashSlot
[19Aug2026 16:50:43.715] [main/DEBUG] [net.minecraftforge.fml.javafmlmod.FMLJavaModLanguageProvider/LOADING]: Loading FMLModContainer from classloader cpw.mods.modlauncher.TransformingClassLoader@1b4872bc - got cpw.mods.cl.ModuleClassLoader@7cf162bc
[19Aug2026 16:50:43.715] [main/DEBUG] [net.minecraftforge.fml.javafmlmod.FMLModContainer/LOADING]: Creating FMLModContainer instance for software.bernie.example.GeckoLibMod
[19Aug2026 16:50:43.716] [main/DEBUG] [net.minecraftforge.fml.javafmlmod.FMLJavaModLanguageProvider/LOADING]: Loading FMLModContainer from classloader cpw.mods.modlauncher.TransformingClassLoader@1b4872bc - got cpw.mods.cl.ModuleClassLoader@7cf162bc
[19Aug2026 16:50:43.716] [main/DEBUG] [net.minecraftforge.fml.javafmlmod.FMLModContainer/LOADING]: Creating FMLModContainer instance for dev.kosmx.playerAnim.forge.ForgeModInterface
[19Aug2026 16:50:43.716] [main/DEBUG] [net.minecraftforge.fml.javafmlmod.FMLJavaModLanguageProvider/LOADING]: Loading FMLModContainer from classloader cpw.mods.modlauncher.TransformingClassLoader@1b4872bc - got cpw.mods.cl.ModuleClassLoader@7cf162bc
[19Aug2026 16:50:43.716] [main/DEBUG] [net.minecraftforge.fml.javafmlmod.FMLModContainer/LOADING]: Creating FMLModContainer instance for mezz.jei.forge.JustEnoughItems
[19Aug2026 16:50:43.717] [main/DEBUG] [net.minecraftforge.fml.javafmlmod.FMLJavaModLanguageProvider/LOADING]: Loading FMLModContainer from classloader cpw.mods.modlauncher.TransformingClassLoader@1b4872bc - got cpw.mods.cl.ModuleClassLoader@7cf162bc
[19Aug2026 16:50:43.717] [main/DEBUG] [net.minecraftforge.fml.javafmlmod.FMLModContainer/LOADING]: Creating FMLModContainer instance for xaero.lib.XaeroLibForge
[19Aug2026 16:50:43.718] [main/DEBUG] [net.minecraftforge.fml.javafmlmod.FMLJavaModLanguageProvider/LOADING]: Loading FMLModContainer from classloader cpw.mods.modlauncher.TransformingClassLoader@1b4872bc - got cpw.mods.cl.ModuleClassLoader@7cf162bc
[19Aug2026 16:50:43.718] [main/DEBUG] [net.minecraftforge.fml.javafmlmod.FMLModContainer/LOADING]: Creating FMLModContainer instance for dev.tr7zw.trender.gui.impl.client.LibGuiBootstrap
[19Aug2026 16:50:43.718] [main/DEBUG] [net.minecraftforge.fml.javafmlmod.FMLJavaModLanguageProvider/LOADING]: Loading FMLModContainer from classloader cpw.mods.modlauncher.TransformingClassLoader@1b4872bc - got cpw.mods.cl.ModuleClassLoader@7cf162bc
[19Aug2026 16:50:43.719] [main/DEBUG] [net.minecraftforge.fml.javafmlmod.FMLModContainer/LOADING]: Creating FMLModContainer instance for net.mcreator.stalwartdungeons.StalwartDungeonsMod
[19Aug2026 16:50:43.719] [main/DEBUG] [net.minecraftforge.fml.javafmlmod.FMLJavaModLanguageProvider/LOADING]: Loading FMLModContainer from classloader cpw.mods.modlauncher.TransformingClassLoader@1b4872bc - got cpw.mods.cl.ModuleClassLoader@7cf162bc
[19Aug2026 16:50:43.719] [main/DEBUG] [net.minecraftforge.fml.javafmlmod.FMLModContainer/LOADING]: Creating FMLModContainer instance for net.p3pp3rf1y.sophisticatedcore.SophisticatedCore
[19Aug2026 16:50:43.720] [main/DEBUG] [net.minecraftforge.fml.javafmlmod.FMLJavaModLanguageProvider/LOADING]: Loading FMLModContainer from classloader cpw.mods.modlauncher.TransformingClassLoader@1b4872bc - got cpw.mods.cl.ModuleClassLoader@7cf162bc
[19Aug2026 16:50:43.720] [main/DEBUG] [net.minecraftforge.fml.javafmlmod.FMLModContainer/LOADING]: Creating FMLModContainer instance for com.nukateam.ntgl.Ntgl
[19Aug2026 16:50:43.721] [main/DEBUG] [net.minecraftforge.fml.javafmlmod.FMLJavaModLanguageProvider/LOADING]: Loading FMLModContainer from classloader cpw.mods.modlauncher.TransformingClassLoader@1b4872bc - got cpw.mods.cl.ModuleClassLoader@7cf162bc
[19Aug2026 16:50:43.721] [main/DEBUG] [net.minecraftforge.fml.javafmlmod.FMLModContainer/LOADING]: Creating FMLModContainer instance for net.blay09.mods.waystones.ForgeWaystones
[19Aug2026 16:50:43.721] [main/DEBUG] [net.minecraftforge.fml.javafmlmod.FMLJavaModLanguageProvider/LOADING]: Loading FMLModContainer from classloader cpw.mods.modlauncher.TransformingClassLoader@1b4872bc - got cpw.mods.cl.ModuleClassLoader@7cf162bc
[19Aug2026 16:50:43.721] [main/DEBUG] [net.minecraftforge.fml.javafmlmod.FMLModContainer/LOADING]: Creating FMLModContainer instance for com.structureessentials.StructureEssentials
[19Aug2026 16:50:43.723] [main/DEBUG] [net.minecraftforge.fml.javafmlmod.FMLJavaModLanguageProvider/LOADING]: Loading FMLModContainer from classloader cpw.mods.modlauncher.TransformingClassLoader@1b4872bc - got cpw.mods.cl.ModuleClassLoader@7cf162bc
[19Aug2026 16:50:43.723] [main/DEBUG] [net.minecraftforge.fml.javafmlmod.FMLModContainer/LOADING]: Creating FMLModContainer instance for com.blamejared.clumps.Clumps
[19Aug2026 16:50:43.723] [main/DEBUG] [net.minecraftforge.fml.javafmlmod.FMLJavaModLanguageProvider/LOADING]: Loading FMLModContainer from classloader cpw.mods.modlauncher.TransformingClassLoader@1b4872bc - got cpw.mods.cl.ModuleClassLoader@7cf162bc
[19Aug2026 16:50:43.723] [main/DEBUG] [net.minecraftforge.fml.javafmlmod.FMLModContainer/LOADING]: Creating FMLModContainer instance for xaero.map.WorldMapForge
[19Aug2026 16:50:43.725] [main/DEBUG] [net.minecraftforge.fml.javafmlmod.FMLJavaModLanguageProvider/LOADING]: Loading FMLModContainer from classloader cpw.mods.modlauncher.TransformingClassLoader@1b4872bc - got cpw.mods.cl.ModuleClassLoader@7cf162bc
[19Aug2026 16:50:43.725] [main/DEBUG] [net.minecraftforge.fml.javafmlmod.FMLModContainer/LOADING]: Creating FMLModContainer instance for dev.shadowsoffire.placebo.Placebo
[19Aug2026 16:50:43.726] [main/DEBUG] [net.minecraftforge.fml.javafmlmod.FMLJavaModLanguageProvider/LOADING]: Loading FMLModContainer from classloader cpw.mods.modlauncher.TransformingClassLoader@1b4872bc - got cpw.mods.cl.ModuleClassLoader@7cf162bc
[19Aug2026 16:50:43.726] [main/DEBUG] [net.minecraftforge.fml.javafmlmod.FMLModContainer/LOADING]: Creating FMLModContainer instance for org.embeddedt.modernfix.forge.init.ModernFixForge
[19Aug2026 16:50:43.727] [main/DEBUG] [net.minecraftforge.fml.javafmlmod.FMLJavaModLanguageProvider/LOADING]: Loading FMLModContainer from classloader cpw.mods.modlauncher.TransformingClassLoader@1b4872bc - got cpw.mods.cl.ModuleClassLoader@7cf162bc
[19Aug2026 16:50:43.727] [main/DEBUG] [net.minecraftforge.fml.javafmlmod.FMLModContainer/LOADING]: Creating FMLModContainer instance for com.github.alexthe666.citadel.Citadel
[19Aug2026 16:50:43.729] [main/DEBUG] [net.minecraftforge.fml.javafmlmod.FMLJavaModLanguageProvider/LOADING]: Loading FMLModContainer from classloader cpw.mods.modlauncher.TransformingClassLoader@1b4872bc - got cpw.mods.cl.ModuleClassLoader@7cf162bc
[19Aug2026 16:50:43.729] [main/DEBUG] [net.minecraftforge.fml.javafmlmod.FMLModContainer/LOADING]: Creating FMLModContainer instance for com.github.alexthe666.alexsmobs.AlexsMobs
[19Aug2026 16:50:43.730] [main/DEBUG] [net.minecraftforge.fml.javafmlmod.FMLJavaModLanguageProvider/LOADING]: Loading FMLModContainer from classloader cpw.mods.modlauncher.TransformingClassLoader@1b4872bc - got cpw.mods.cl.ModuleClassLoader@7cf162bc
[19Aug2026 16:50:43.730] [main/DEBUG] [net.minecraftforge.fml.javafmlmod.FMLModContainer/LOADING]: Creating FMLModContainer instance for com.chaosthedude.naturescompass.NaturesCompass
[19Aug2026 16:50:43.731] [main/DEBUG] [net.minecraftforge.fml.javafmlmod.FMLJavaModLanguageProvider/LOADING]: Loading FMLModContainer from classloader cpw.mods.modlauncher.TransformingClassLoader@1b4872bc - got cpw.mods.cl.ModuleClassLoader@7cf162bc
[19Aug2026 16:50:43.731] [main/DEBUG] [net.minecraftforge.fml.javafmlmod.FMLModContainer/LOADING]: Creating FMLModContainer instance for artifacts.forge.ArtifactsForge
[19Aug2026 16:50:43.731] [main/DEBUG] [net.minecraftforge.fml.javafmlmod.FMLJavaModLanguageProvider/LOADING]: Loading FMLModContainer from classloader cpw.mods.modlauncher.TransformingClassLoader@1b4872bc - got cpw.mods.cl.ModuleClassLoader@7cf162bc
[19Aug2026 16:50:43.731] [main/DEBUG] [net.minecraftforge.fml.javafmlmod.FMLModContainer/LOADING]: Creating FMLModContainer instance for net.p3pp3rf1y.sophisticatedbackpacks.SophisticatedBackpacks
[19Aug2026 16:50:43.732] [main/DEBUG] [net.minecraftforge.fml.javafmlmod.FMLJavaModLanguageProvider/LOADING]: Loading FMLModContainer from classloader cpw.mods.modlauncher.TransformingClassLoader@1b4872bc - got cpw.mods.cl.ModuleClassLoader@7cf162bc
[19Aug2026 16:50:43.732] [main/DEBUG] [net.minecraftforge.fml.javafmlmod.FMLModContainer/LOADING]: Creating FMLModContainer instance for com.github.alexthe666.iceandfire.IceAndFire
[19Aug2026 16:50:43.733] [main/DEBUG] [net.minecraftforge.fml.javafmlmod.FMLJavaModLanguageProvider/LOADING]: Loading FMLModContainer from classloader cpw.mods.modlauncher.TransformingClassLoader@1b4872bc - got cpw.mods.cl.ModuleClassLoader@7cf162bc
[19Aug2026 16:50:43.734] [main/DEBUG] [net.minecraftforge.fml.javafmlmod.FMLModContainer/LOADING]: Creating FMLModContainer instance for com.izofar.bygonenether.BygoneNetherMod
[19Aug2026 16:50:43.734] [main/DEBUG] [net.minecraftforge.fml.javafmlmod.FMLJavaModLanguageProvider/LOADING]: Loading FMLModContainer from classloader cpw.mods.modlauncher.TransformingClassLoader@1b4872bc - got cpw.mods.cl.ModuleClassLoader@7cf162bc
[19Aug2026 16:50:43.734] [main/DEBUG] [net.minecraftforge.fml.javafmlmod.FMLModContainer/LOADING]: Creating FMLModContainer instance for net.blay09.mods.balm.forge.ForgeBalm
[19Aug2026 16:50:43.735] [main/DEBUG] [net.minecraftforge.fml.javafmlmod.FMLJavaModLanguageProvider/LOADING]: Loading FMLModContainer from classloader cpw.mods.modlauncher.TransformingClassLoader@1b4872bc - got cpw.mods.cl.ModuleClassLoader@7cf162bc
[19Aug2026 16:50:43.735] [main/DEBUG] [net.minecraftforge.fml.javafmlmod.FMLModContainer/LOADING]: Creating FMLModContainer instance for com.teamabnormals.blueprint.core.Blueprint
[19Aug2026 16:50:43.737] [main/DEBUG] [net.minecraftforge.fml.javafmlmod.FMLJavaModLanguageProvider/LOADING]: Loading FMLModContainer from classloader cpw.mods.modlauncher.TransformingClassLoader@1b4872bc - got cpw.mods.cl.ModuleClassLoader@7cf162bc
[19Aug2026 16:50:43.737] [main/DEBUG] [net.minecraftforge.fml.javafmlmod.FMLModContainer/LOADING]: Creating FMLModContainer instance for tschipp.carryon.CarryOnForge
[19Aug2026 16:50:43.737] [main/DEBUG] [net.minecraftforge.fml.javafmlmod.FMLJavaModLanguageProvider/LOADING]: Loading FMLModContainer from classloader cpw.mods.modlauncher.TransformingClassLoader@1b4872bc - got cpw.mods.cl.ModuleClassLoader@7cf162bc
[19Aug2026 16:50:43.738] [main/DEBUG] [net.minecraftforge.fml.javafmlmod.FMLModContainer/LOADING]: Creating FMLModContainer instance for fuzs.puzzlesaccessapi.forge.PuzzlesAccessApiForge
[19Aug2026 16:50:43.738] [main/DEBUG] [net.minecraftforge.fml.javafmlmod.FMLJavaModLanguageProvider/LOADING]: Loading FMLModContainer from classloader cpw.mods.modlauncher.TransformingClassLoader@1b4872bc - got cpw.mods.cl.ModuleClassLoader@7cf162bc
[19Aug2026 16:50:43.738] [main/DEBUG] [net.minecraftforge.fml.javafmlmod.FMLModContainer/LOADING]: Creating FMLModContainer instance for me.shedaniel.clothconfig.ClothConfigForge
[19Aug2026 16:50:43.738] [main/DEBUG] [net.minecraftforge.fml.javafmlmod.FMLJavaModLanguageProvider/LOADING]: Loading FMLModContainer from classloader cpw.mods.modlauncher.TransformingClassLoader@1b4872bc - got cpw.mods.cl.ModuleClassLoader@7cf162bc
[19Aug2026 16:50:43.739] [main/DEBUG] [net.minecraftforge.fml.javafmlmod.FMLModContainer/LOADING]: Creating FMLModContainer instance for com.sonicether.soundphysics.ForgeSoundPhysicsMod
[19Aug2026 16:50:43.740] [main/DEBUG] [net.minecraftforge.fml.javafmlmod.FMLJavaModLanguageProvider/LOADING]: Loading FMLModContainer from classloader cpw.mods.modlauncher.TransformingClassLoader@1b4872bc - got cpw.mods.cl.ModuleClassLoader@7cf162bc
[19Aug2026 16:50:43.740] [main/DEBUG] [net.minecraftforge.fml.javafmlmod.FMLModContainer/LOADING]: Creating FMLModContainer instance for net.minecraftforge.common.ForgeMod
[19Aug2026 16:50:43.742] [main/DEBUG] [net.minecraftforge.fml.javafmlmod.FMLJavaModLanguageProvider/LOADING]: Loading FMLModContainer from classloader cpw.mods.modlauncher.TransformingClassLoader@1b4872bc - got cpw.mods.cl.ModuleClassLoader@7cf162bc
[19Aug2026 16:50:43.742] [main/DEBUG] [net.minecraftforge.fml.javafmlmod.FMLModContainer/LOADING]: Creating FMLModContainer instance for com.progwml6.ironchest.IronChests
[19Aug2026 16:50:43.744] [main/DEBUG] [net.minecraftforge.fml.javafmlmod.FMLJavaModLanguageProvider/LOADING]: Loading FMLModContainer from classloader cpw.mods.modlauncher.TransformingClassLoader@1b4872bc - got cpw.mods.cl.ModuleClassLoader@7cf162bc
[19Aug2026 16:50:43.744] [main/DEBUG] [net.minecraftforge.fml.javafmlmod.FMLModContainer/LOADING]: Creating FMLModContainer instance for com.teamabnormals.endergetic.core.EndergeticExpansion
[19Aug2026 16:50:43.745] [main/DEBUG] [net.minecraftforge.fml.javafmlmod.FMLJavaModLanguageProvider/LOADING]: Loading FMLModContainer from classloader cpw.mods.modlauncher.TransformingClassLoader@1b4872bc - got cpw.mods.cl.ModuleClassLoader@7cf162bc
[19Aug2026 16:50:43.745] [main/DEBUG] [net.minecraftforge.fml.javafmlmod.FMLModContainer/LOADING]: Creating FMLModContainer instance for com.github.alexmodguy.alexscaves.AlexsCaves
[19Aug2026 16:50:43.746] [main/DEBUG] [net.minecraftforge.fml.javafmlmod.FMLJavaModLanguageProvider/LOADING]: Loading FMLModContainer from classloader cpw.mods.modlauncher.TransformingClassLoader@1b4872bc - got cpw.mods.cl.ModuleClassLoader@7cf162bc
[19Aug2026 16:50:43.746] [main/DEBUG] [net.minecraftforge.fml.javafmlmod.FMLModContainer/LOADING]: Creating FMLModContainer instance for team.creative.littleframes.LittleFrames
[19Aug2026 16:50:43.747] [main/DEBUG] [net.minecraftforge.fml.javafmlmod.FMLJavaModLanguageProvider/LOADING]: Loading FMLModContainer from classloader cpw.mods.modlauncher.TransformingClassLoader@1b4872bc - got cpw.mods.cl.ModuleClassLoader@7cf162bc
[19Aug2026 16:50:43.747] [main/DEBUG] [net.minecraftforge.fml.javafmlmod.FMLModContainer/LOADING]: Creating FMLModContainer instance for terrablender.core.TerraBlenderForge
[19Aug2026 16:50:43.747] [main/DEBUG] [net.minecraftforge.fml.javafmlmod.FMLJavaModLanguageProvider/LOADING]: Loading FMLModContainer from classloader cpw.mods.modlauncher.TransformingClassLoader@1b4872bc - got cpw.mods.cl.ModuleClassLoader@7cf162bc
[19Aug2026 16:50:43.748] [main/DEBUG] [net.minecraftforge.fml.javafmlmod.FMLModContainer/LOADING]: Creating FMLModContainer instance for net.mehvahdjukaar.moonlight.forge.MoonlightForge
[19Aug2026 16:50:43.751] [main/DEBUG] [net.minecraftforge.fml.javafmlmod.FMLJavaModLanguageProvider/LOADING]: Loading FMLModContainer from classloader cpw.mods.modlauncher.TransformingClassLoader@1b4872bc - got cpw.mods.cl.ModuleClassLoader@7cf162bc
[19Aug2026 16:50:43.751] [main/DEBUG] [net.minecraftforge.fml.javafmlmod.FMLModContainer/LOADING]: Creating FMLModContainer instance for biomesoplenty.core.BiomesOPlenty
[19Aug2026 16:50:43.752] [main/DEBUG] [net.minecraftforge.fml.javafmlmod.FMLJavaModLanguageProvider/LOADING]: Loading FMLModContainer from classloader cpw.mods.modlauncher.TransformingClassLoader@1b4872bc - got cpw.mods.cl.ModuleClassLoader@7cf162bc
[19Aug2026 16:50:43.752] [main/DEBUG] [net.minecraftforge.fml.javafmlmod.FMLModContainer/LOADING]: Creating FMLModContainer instance for com.bawnorton.mixinsquared.platform.forge.MixinSquaredMod
[19Aug2026 16:50:43.752] [main/DEBUG] [net.minecraftforge.fml.javafmlmod.FMLJavaModLanguageProvider/LOADING]: Loading FMLModContainer from classloader cpw.mods.modlauncher.TransformingClassLoader@1b4872bc - got cpw.mods.cl.ModuleClassLoader@7cf162bc
[19Aug2026 16:50:43.752] [main/DEBUG] [net.minecraftforge.fml.javafmlmod.FMLModContainer/LOADING]: Creating FMLModContainer instance for snownee.jade.util.CommonProxy
[19Aug2026 16:50:43.754] [main/DEBUG] [net.minecraftforge.fml.javafmlmod.FMLJavaModLanguageProvider/LOADING]: Loading FMLModContainer from classloader cpw.mods.modlauncher.TransformingClassLoader@1b4872bc - got cpw.mods.cl.ModuleClassLoader@7cf162bc
[19Aug2026 16:50:43.754] [main/DEBUG] [net.minecraftforge.fml.javafmlmod.FMLModContainer/LOADING]: Creating FMLModContainer instance for com.teamremastered.endrem.EndRemastered
[19Aug2026 16:50:43.754] [main/DEBUG] [net.minecraftforge.fml.javafmlmod.FMLJavaModLanguageProvider/LOADING]: Loading FMLModContainer from classloader cpw.mods.modlauncher.TransformingClassLoader@1b4872bc - got cpw.mods.cl.ModuleClassLoader@7cf162bc
[19Aug2026 16:50:43.754] [main/DEBUG] [net.minecraftforge.fml.javafmlmod.FMLModContainer/LOADING]: Creating FMLModContainer instance for team.creative.creativecore.CreativeCore
[19Aug2026 16:50:43.755] [main/DEBUG] [net.minecraftforge.fml.javafmlmod.FMLJavaModLanguageProvider/LOADING]: Loading FMLModContainer from classloader cpw.mods.modlauncher.TransformingClassLoader@1b4872bc - got cpw.mods.cl.ModuleClassLoader@7cf162bc
[19Aug2026 16:50:43.755] [main/DEBUG] [net.minecraftforge.fml.javafmlmod.FMLModContainer/LOADING]: Creating FMLModContainer instance for org.popcraft.chunky.ChunkyForge
[19Aug2026 16:50:43.756] [main/DEBUG] [net.minecraftforge.fml.javafmlmod.FMLJavaModLanguageProvider/LOADING]: Loading FMLModContainer from classloader cpw.mods.modlauncher.TransformingClassLoader@1b4872bc - got cpw.mods.cl.ModuleClassLoader@7cf162bc
[19Aug2026 16:50:43.756] [main/DEBUG] [net.minecraftforge.fml.javafmlmod.FMLModContainer/LOADING]: Creating FMLModContainer instance for com.illusivesoulworks.spectrelib.SpectreForgeMod
[19Aug2026 16:50:43.757] [main/DEBUG] [net.minecraftforge.fml.javafmlmod.FMLJavaModLanguageProvider/LOADING]: Loading FMLModContainer from classloader cpw.mods.modlauncher.TransformingClassLoader@1b4872bc - got cpw.mods.cl.ModuleClassLoader@7cf162bc
[19Aug2026 16:50:43.757] [main/DEBUG] [net.minecraftforge.fml.javafmlmod.FMLModContainer/LOADING]: Creating FMLModContainer instance for com.supermartijn642.core.CoreLib
[19Aug2026 16:50:43.757] [main/DEBUG] [net.minecraftforge.fml.javafmlmod.FMLJavaModLanguageProvider/LOADING]: Loading FMLModContainer from classloader cpw.mods.modlauncher.TransformingClassLoader@1b4872bc - got cpw.mods.cl.ModuleClassLoader@7cf162bc
[19Aug2026 16:50:43.757] [main/DEBUG] [net.minecraftforge.fml.javafmlmod.FMLModContainer/LOADING]: Creating FMLModContainer instance for com.github.L_Ender.lionfishapi.LionfishAPI
[19Aug2026 16:50:43.759] [main/DEBUG] [thedarkcolour.kotlinforforge.LoggerKt/LOADING]: Loading KotlinModContainer from classloader cpw.mods.modlauncher.TransformingClassLoader@1b4872bc - got cpw.mods.cl.ModuleClassLoader@7cf162bc}
[19Aug2026 16:50:43.759] [main/DEBUG] [thedarkcolour.kotlinforforge.LoggerKt/LOADING]: Creating KotlinModContainer instance for thedarkcolour.kotlinforforge.test.KotlinForForge
[19Aug2026 16:50:43.761] [main/DEBUG] [net.minecraftforge.fml.javafmlmod.FMLJavaModLanguageProvider/LOADING]: Loading FMLModContainer from classloader cpw.mods.modlauncher.TransformingClassLoader@1b4872bc - got cpw.mods.cl.ModuleClassLoader@7cf162bc
[19Aug2026 16:50:43.761] [main/DEBUG] [net.minecraftforge.fml.javafmlmod.FMLModContainer/LOADING]: Creating FMLModContainer instance for com.github.L_Ender.cataclysm.Cataclysm
[19Aug2026 16:50:43.762] [main/DEBUG] [net.minecraftforge.fml.javafmlmod.FMLJavaModLanguageProvider/LOADING]: Loading FMLModContainer from classloader cpw.mods.modlauncher.TransformingClassLoader@1b4872bc - got cpw.mods.cl.ModuleClassLoader@7cf162bc
[19Aug2026 16:50:43.762] [main/DEBUG] [net.minecraftforge.fml.javafmlmod.FMLModContainer/LOADING]: Creating FMLModContainer instance for top.theillusivec4.curios.Curios
[19Aug2026 16:50:43.762] [main/DEBUG] [net.minecraftforge.fml.javafmlmod.FMLJavaModLanguageProvider/LOADING]: Loading FMLModContainer from classloader cpw.mods.modlauncher.TransformingClassLoader@1b4872bc - got cpw.mods.cl.ModuleClassLoader@7cf162bc
[19Aug2026 16:50:43.762] [main/DEBUG] [net.minecraftforge.fml.javafmlmod.FMLModContainer/LOADING]: Creating FMLModContainer instance for vazkii.patchouli.forge.common.ForgeModInitializer
[19Aug2026 16:50:43.763] [main/DEBUG] [net.minecraftforge.fml.javafmlmod.FMLJavaModLanguageProvider/LOADING]: Loading FMLModContainer from classloader cpw.mods.modlauncher.TransformingClassLoader@1b4872bc - got cpw.mods.cl.ModuleClassLoader@7cf162bc
[19Aug2026 16:50:43.763] [main/DEBUG] [net.minecraftforge.fml.javafmlmod.FMLModContainer/LOADING]: Creating FMLModContainer instance for xaero.minimap.XaeroMinimapForge
[19Aug2026 16:50:43.766] [main/DEBUG] [net.minecraftforge.fml.javafmlmod.FMLJavaModLanguageProvider/LOADING]: Loading FMLModContainer from classloader cpw.mods.modlauncher.TransformingClassLoader@1b4872bc - got cpw.mods.cl.ModuleClassLoader@7cf162bc
[19Aug2026 16:50:43.766] [main/DEBUG] [net.minecraftforge.fml.javafmlmod.FMLModContainer/LOADING]: Creating FMLModContainer instance for fionathemortal.betterbiomeblend.forge.BetterBiomeBlendForge
[19Aug2026 16:50:43.766] [main/DEBUG] [net.minecraftforge.fml.javafmlmod.FMLJavaModLanguageProvider/LOADING]: Loading FMLModContainer from classloader cpw.mods.modlauncher.TransformingClassLoader@1b4872bc - got cpw.mods.cl.ModuleClassLoader@7cf162bc
[19Aug2026 16:50:43.767] [main/DEBUG] [net.minecraftforge.fml.javafmlmod.FMLModContainer/LOADING]: Creating FMLModContainer instance for com.illusivesoulworks.polymorph.PolymorphForgeMod
[19Aug2026 16:50:43.767] [main/DEBUG] [net.minecraftforge.fml.javafmlmod.FMLJavaModLanguageProvider/LOADING]: Loading FMLModContainer from classloader cpw.mods.modlauncher.TransformingClassLoader@1b4872bc - got cpw.mods.cl.ModuleClassLoader@7cf162bc
[19Aug2026 16:50:43.767] [main/DEBUG] [net.minecraftforge.fml.javafmlmod.FMLModContainer/LOADING]: Creating FMLModContainer instance for net.geforcemods.securitycraft.SecurityCraft
[19Aug2026 16:50:43.769] [main/DEBUG] [net.minecraftforge.fml.lowcodemod.LowCodeModLanguageProvider.LowCodeModTarget/LOADING]: Loading LowCodeModContainer from classloader cpw.mods.modlauncher.TransformingClassLoader@1b4872bc - got cpw.mods.cl.ModuleClassLoader@7cf162bc
[19Aug2026 16:50:43.769] [main/DEBUG] [net.minecraftforge.fml.lowcodemod.LowCodeModContainer/LOADING]: Creating LowCodeModContainer for mr_dungeons_andtaverns
[19Aug2026 16:50:43.769] [main/DEBUG] [net.minecraftforge.fml.javafmlmod.FMLJavaModLanguageProvider/LOADING]: Loading FMLModContainer from classloader cpw.mods.modlauncher.TransformingClassLoader@1b4872bc - got cpw.mods.cl.ModuleClassLoader@7cf162bc
[19Aug2026 16:50:43.769] [main/DEBUG] [net.minecraftforge.fml.javafmlmod.FMLModContainer/LOADING]: Creating FMLModContainer instance for dev.tr7zw.entityculling.EntityCullingBootstrap
[19Aug2026 16:50:43.770] [main/DEBUG] [net.minecraftforge.fml.javafmlmod.FMLJavaModLanguageProvider/LOADING]: Loading FMLModContainer from classloader cpw.mods.modlauncher.TransformingClassLoader@1b4872bc - got cpw.mods.cl.ModuleClassLoader@7cf162bc
[19Aug2026 16:50:43.770] [main/DEBUG] [net.minecraftforge.fml.javafmlmod.FMLModContainer/LOADING]: Creating FMLModContainer instance for ovh.corail.tombstone.ModTombstone
[19Aug2026 16:50:43.770] [main/DEBUG] [net.minecraftforge.fml.javafmlmod.FMLJavaModLanguageProvider/LOADING]: Loading FMLModContainer from classloader cpw.mods.modlauncher.TransformingClassLoader@1b4872bc - got cpw.mods.cl.ModuleClassLoader@7cf162bc
[19Aug2026 16:50:43.770] [main/DEBUG] [net.minecraftforge.fml.javafmlmod.FMLModContainer/LOADING]: Creating FMLModContainer instance for net.raphimc.immediatelyfast.forge.ImmediatelyFastForge
[19Aug2026 16:50:43.771] [main/DEBUG] [net.minecraftforge.fml.javafmlmod.FMLJavaModLanguageProvider/LOADING]: Loading FMLModContainer from classloader cpw.mods.modlauncher.TransformingClassLoader@1b4872bc - got cpw.mods.cl.ModuleClassLoader@7cf162bc
[19Aug2026 16:50:43.771] [main/DEBUG] [net.minecraftforge.fml.javafmlmod.FMLModContainer/LOADING]: Creating FMLModContainer instance for com.corosus.coroutil.loader.forge.ConfigModForge
[19Aug2026 16:50:43.771] [main/DEBUG] [net.minecraftforge.fml.javafmlmod.FMLJavaModLanguageProvider/LOADING]: Loading FMLModContainer from classloader cpw.mods.modlauncher.TransformingClassLoader@1b4872bc - got cpw.mods.cl.ModuleClassLoader@7cf162bc
[19Aug2026 16:50:43.771] [main/DEBUG] [net.minecraftforge.fml.javafmlmod.FMLModContainer/LOADING]: Creating FMLModContainer instance for dev.shadowsoffire.fastfurnace.FastFurnace
[19Aug2026 16:50:43.772] [main/DEBUG] [net.minecraftforge.fml.javafmlmod.FMLJavaModLanguageProvider/LOADING]: Loading FMLModContainer from classloader cpw.mods.modlauncher.TransformingClassLoader@1b4872bc - got cpw.mods.cl.ModuleClassLoader@7cf162bc
[19Aug2026 16:50:43.772] [main/DEBUG] [net.minecraftforge.fml.javafmlmod.FMLModContainer/LOADING]: Creating FMLModContainer instance for dev.architectury.forge.ArchitecturyForge
[19Aug2026 16:50:43.772] [main/DEBUG] [net.minecraftforge.fml.javafmlmod.FMLJavaModLanguageProvider/LOADING]: Loading FMLModContainer from classloader cpw.mods.modlauncher.TransformingClassLoader@1b4872bc - got cpw.mods.cl.ModuleClassLoader@7cf162bc
[19Aug2026 16:50:43.772] [main/DEBUG] [net.minecraftforge.fml.javafmlmod.FMLModContainer/LOADING]: Creating FMLModContainer instance for me.edoren.skin_changer.forge.SkinChangerForge
[19Aug2026 16:50:43.773] [main/DEBUG] [net.minecraftforge.fml.javafmlmod.FMLJavaModLanguageProvider/LOADING]: Loading FMLModContainer from classloader cpw.mods.modlauncher.TransformingClassLoader@1b4872bc - got cpw.mods.cl.ModuleClassLoader@7cf162bc
[19Aug2026 16:50:43.773] [main/DEBUG] [net.minecraftforge.fml.javafmlmod.FMLModContainer/LOADING]: Creating FMLModContainer instance for malte0811.ferritecore.ModMainForge
[19Aug2026 16:50:43.773] [main/DEBUG] [net.minecraftforge.fml.javafmlmod.FMLJavaModLanguageProvider/LOADING]: Loading FMLModContainer from classloader cpw.mods.modlauncher.TransformingClassLoader@1b4872bc - got cpw.mods.cl.ModuleClassLoader@7cf162bc
[19Aug2026 16:50:43.773] [main/DEBUG] [net.minecraftforge.fml.javafmlmod.FMLModContainer/LOADING]: Creating FMLModContainer instance for com.cupboard.Cupboard
[19Aug2026 16:50:43.773] [main/DEBUG] [net.minecraftforge.fml.javafmlmod.FMLJavaModLanguageProvider/LOADING]: Loading FMLModContainer from classloader cpw.mods.modlauncher.TransformingClassLoader@1b4872bc - got cpw.mods.cl.ModuleClassLoader@7cf162bc
[19Aug2026 16:50:43.773] [main/DEBUG] [net.minecraftforge.fml.javafmlmod.FMLModContainer/LOADING]: Creating FMLModContainer instance for dev.tr7zw.transition.TRansitionBootstrap
[19Aug2026 16:50:43.774] [main/DEBUG] [net.minecraftforge.fml.javafmlmod.FMLJavaModLanguageProvider/LOADING]: Loading FMLModContainer from classloader cpw.mods.modlauncher.TransformingClassLoader@1b4872bc - got cpw.mods.cl.ModuleClassLoader@7cf162bc
[19Aug2026 16:50:43.774] [main/DEBUG] [net.minecraftforge.fml.javafmlmod.FMLModContainer/LOADING]: Creating FMLModContainer instance for com.mrcrayfish.furniture.refurbished.FurnitureMod
[19Aug2026 16:50:43.774] [main/DEBUG] [net.minecraftforge.fml.javafmlmod.FMLJavaModLanguageProvider/LOADING]: Loading FMLModContainer from classloader cpw.mods.modlauncher.TransformingClassLoader@1b4872bc - got cpw.mods.cl.ModuleClassLoader@7cf162bc
[19Aug2026 16:50:43.774] [main/DEBUG] [net.minecraftforge.fml.javafmlmod.FMLModContainer/LOADING]: Creating FMLModContainer instance for fuzs.puzzleslib.impl.PuzzlesLibForge
[19Aug2026 16:50:43.775] [main/DEBUG] [net.minecraftforge.fml.javafmlmod.FMLJavaModLanguageProvider/LOADING]: Loading FMLModContainer from classloader cpw.mods.modlauncher.TransformingClassLoader@1b4872bc - got cpw.mods.cl.ModuleClassLoader@7cf162bc
[19Aug2026 16:50:43.775] [main/DEBUG] [net.minecraftforge.fml.javafmlmod.FMLModContainer/LOADING]: Creating FMLModContainer instance for com.mrcrayfish.framework.FrameworkForge
[19Aug2026 16:50:43.776] [main/DEBUG] [net.minecraftforge.fml.javafmlmod.FMLJavaModLanguageProvider/LOADING]: Loading FMLModContainer from classloader cpw.mods.modlauncher.TransformingClassLoader@1b4872bc - got cpw.mods.cl.ModuleClassLoader@7cf162bc
[19Aug2026 16:50:43.776] [main/DEBUG] [net.minecraftforge.fml.javafmlmod.FMLModContainer/LOADING]: Creating FMLModContainer instance for be.florens.expandability.forge.ExpandAbilityForge
[19Aug2026 16:50:43.866] [modloading-worker-0/DEBUG] [net.minecraftforge.fml.javafmlmod.AutomaticEventSubscriber/LOADING]: Attempting to inject @EventBusSubscriber classes into the eventbus for kuma_api
[19Aug2026 16:50:43.873] [modloading-worker-0/DEBUG] [net.minecraftforge.fml.javafmlmod.AutomaticEventSubscriber/LOADING]: Attempting to inject @EventBusSubscriber classes into the eventbus for playeranimator
[19Aug2026 16:50:43.877] [modloading-worker-0/DEBUG] [net.minecraftforge.fml.javafmlmod.AutomaticEventSubscriber/LOADING]: Attempting to inject @EventBusSubscriber classes into the eventbus for supermartijn642configlib
[19Aug2026 16:50:43.893] [modloading-worker-0/DEBUG] [xaero.lib.XaeroLib/]: Loaded xaero.lib.platform.services.PlatformHelperForge@7ecab907 for service interface xaero.lib.platform.services.IPlatformHelper
[19Aug2026 16:50:43.904] [modloading-worker-0/DEBUG] [net.minecraftforge.fml.javafmlmod.AutomaticEventSubscriber/LOADING]: Attempting to inject @EventBusSubscriber classes into the eventbus for geckolib
[19Aug2026 16:50:43.905] [modloading-worker-0/DEBUG] [net.minecraftforge.fml.javafmlmod.AutomaticEventSubscriber/LOADING]: Auto-subscribing software.bernie.example.GeckoLibMod to FORGE
[19Aug2026 16:50:43.905] [modloading-worker-0/DEBUG] [net.minecraftforge.fml.javafmlmod.AutomaticEventSubscriber/LOADING]: Auto-subscribing software.bernie.example.CommonListener to MOD
[19Aug2026 16:50:43.906] [modloading-worker-0/DEBUG] [net.minecraftforge.fml.config.ConfigTracker/CONFIG]: Config file jei-server.toml for jei tracking
[19Aug2026 16:50:43.917] [modloading-worker-0/DEBUG] [net.minecraftforge.fml.javafmlmod.AutomaticEventSubscriber/LOADING]: Attempting to inject @EventBusSubscriber classes into the eventbus for jei
[19Aug2026 16:50:43.927] [modloading-worker-0/DEBUG] [net.minecraftforge.fml.javafmlmod.AutomaticEventSubscriber/LOADING]: Attempting to inject @EventBusSubscriber classes into the eventbus for trender
[19Aug2026 16:50:43.944] [modloading-worker-0/DEBUG] [net.minecraftforge.fml.config.ConfigTracker/CONFIG]: Config file sophisticatedcore-common.toml for sophisticatedcore tracking
[19Aug2026 16:50:43.948] [modloading-worker-0/DEBUG] [net.minecraftforge.fml.config.ConfigTracker/CONFIG]: Config file sophisticatedcore-client.toml for sophisticatedcore tracking
[19Aug2026 16:50:43.967] [modloading-worker-0/DEBUG] [mixin/]: Mixing ServerResourcesMixin from placebo.mixins.json into net.minecraft.server.ReloadableServerResources
[19Aug2026 16:50:43.968] [modloading-worker-0/DEBUG] [mixin/]: Mixing ReloadableServerResourcesMixin from balm.mixins.json into net.minecraft.server.ReloadableServerResources
[19Aug2026 16:50:43.968] [modloading-worker-0/DEBUG] [mixin/]: Renaming synthetic method lambda$loadResources$0(Lnet/minecraft/server/ReloadableServerResources;)V to md801402$lambda$loadResources$0$0 in balm.mixins.json:ReloadableServerResourcesMixin
[19Aug2026 16:50:43.968] [modloading-worker-0/DEBUG] [mixin/]: Mixing ReloadableServerResourcesMixin from blueprint.mixins.json into net.minecraft.server.ReloadableServerResources
[19Aug2026 16:50:43.969] [modloading-worker-0/DEBUG] [mixin/]: Mixing ReloadableServerResourcesMixin from moonlight-common.mixins.json into net.minecraft.server.ReloadableServerResources
[19Aug2026 16:50:43.978] [modloading-worker-0/DEBUG] [mixin/]: Mixing MixinPlayerList from xaerolib.mixins.json into net.minecraft.server.players.PlayerList
[19Aug2026 16:50:43.980] [modloading-worker-0/DEBUG] [mixin/]: Mixing MixinPlayerList from xaeroworldmap.mixins.json into net.minecraft.server.players.PlayerList
[19Aug2026 16:50:43.980] [modloading-worker-0/DEBUG] [mixin/]: Mixing perf.smart_ingredient_sync.PlayerListMixin from modernfix-modernfix.mixins.json into net.minecraft.server.players.PlayerList
[19Aug2026 16:50:43.981] [modloading-worker-0/DEBUG] [mixin/]: Mixing PlayerListMixin from balm.mixins.json into net.minecraft.server.players.PlayerList
[19Aug2026 16:50:43.982] [modloading-worker-0/DEBUG] [mixin/]: Mixing PlayerListMixin from endergetic.mixins.json into net.minecraft.server.players.PlayerList
[19Aug2026 16:50:43.983] [modloading-worker-0/DEBUG] [mixin/]: Renaming synthetic method lambda$spawnBalloons$1(Lnet/minecraft/world/entity/Entity;)Lnet/minecraft/world/entity/Entity; to md801402$lambda$spawnBalloons$1$0 in endergetic.mixins.json:PlayerListMixin
[19Aug2026 16:50:43.983] [modloading-worker-0/DEBUG] [mixin/]: Renaming synthetic method lambda$spawnBalloons$0(Lnet/minecraft/server/level/ServerLevel;Lnet/minecraft/world/entity/Entity;)Lnet/minecraft/world/entity/Entity; to md801402$lambda$spawnBalloons$0$1 in endergetic.mixins.json:PlayerListMixin
[19Aug2026 16:50:43.987] [modloading-worker-0/DEBUG] [mixin/]: Mixing MixinPlayerList from xaerohud.mixins.json into net.minecraft.server.players.PlayerList
[19Aug2026 16:50:43.988] [modloading-worker-0/DEBUG] [mixin/]: Mixing camera.PlayerListMixin from securitycraft.mixins.json into net.minecraft.server.players.PlayerList
[19Aug2026 16:50:44.007] [modloading-worker-0/DEBUG] [mixin/]: Mixing MixinRecipeManager from polymorph.mixins.json into net.minecraft.world.item.crafting.RecipeManager
[19Aug2026 16:50:44.007] [modloading-worker-0/DEBUG] [mixin/]: Renaming synthetic method lambda$polymorph$getRecipe$1(Lorg/spongepowered/asm/mixin/injection/callback/CallbackInfoReturnable;Lnet/minecraft/world/item/crafting/Recipe;)V to md801402$lambda$polymorph$getRecipe$1$0 in polymorph.mixins.json:MixinRecipeManager
[19Aug2026 16:50:44.008] [modloading-worker-0/DEBUG] [mixin/]: Renaming synthetic method lambda$polymorph$getRecipe$0(Lorg/spongepowered/asm/mixin/injection/callback/CallbackInfoReturnable;Lnet/minecraft/resources/ResourceLocation;Lnet/minecraft/world/item/crafting/Recipe;)V to md801402$lambda$polymorph$getRecipe$0$1 in polymorph.mixins.json:MixinRecipeManager
[19Aug2026 16:50:44.008] [modloading-worker-0/DEBUG] [mixin/]: Mixing perf.datapack_reload_exceptions.RecipeManagerMixin from modernfix-modernfix.mixins.json into net.minecraft.world.item.crafting.RecipeManager
[19Aug2026 16:50:44.015] [modloading-worker-0/DEBUG] [mixin/]: Mixing SimpleJsonResourceReloadListenerMixin from blueprint.mixins.json into net.minecraft.server.packs.resources.SimpleJsonResourceReloadListener
[19Aug2026 16:50:44.019] [modloading-worker-0/DEBUG] [mixin/]: Mixing ConditionHackMixin from moonlight.mixins.json into net.minecraft.server.packs.resources.SimplePreparableReloadListener
[19Aug2026 16:50:44.023] [modloading-worker-0/INFO] [xaero.lib.XaeroLib/]: Registering common data for channel xaerolib:main!
[19Aug2026 16:50:44.031] [modloading-worker-0/DEBUG] [mixin/]: Mixing MixinLevelEvent from architectury.mixins.json into net.minecraftforge.event.level.LevelEvent
[19Aug2026 16:50:44.042] [modloading-worker-0/DEBUG] [mixin/]: Mixing AccessorInventoryMenu from polymorph.mixins.json into net.minecraft.world.inventory.InventoryMenu
[19Aug2026 16:50:44.053] [modloading-worker-0/INFO] [xaero.lib.XaeroLib/]: Loading primary common config for channel xaerolib:main!
[19Aug2026 16:50:44.056] [modloading-worker-0/INFO] [xaero.lib.XaeroLib/]: Loading server config profiles for channel xaerolib:main!
[19Aug2026 16:50:44.074] [modloading-worker-0/DEBUG] [net.minecraftforge.fml.javafmlmod.AutomaticEventSubscriber/LOADING]: Attempting to inject @EventBusSubscriber classes into the eventbus for xaerolib
[19Aug2026 16:50:44.103] [modloading-worker-0/DEBUG] [net.minecraftforge.fml.javafmlmod.AutomaticEventSubscriber/LOADING]: Attempting to inject @EventBusSubscriber classes into the eventbus for sophisticatedcore
[19Aug2026 16:50:44.114] [modloading-worker-0/INFO] [net.blay09.mods.balm.forge.config.ForgeBalmConfig/]: Registering config for trashslot:common (COMMON) with 5 properties.
[19Aug2026 16:50:44.117] [modloading-worker-0/DEBUG] [net.minecraftforge.fml.config.ConfigTracker/CONFIG]: Config file trashslot-common.toml for trashslot tracking
[19Aug2026 16:50:44.128] [modloading-worker-0/DEBUG] [net.minecraftforge.fml.config.ConfigTracker/CONFIG]: Config file ntgl-client.toml for ntgl tracking
[19Aug2026 16:50:44.128] [modloading-worker-0/DEBUG] [net.minecraftforge.fml.config.ConfigTracker/CONFIG]: Config file ntgl-common.toml for ntgl tracking
[19Aug2026 16:50:44.128] [modloading-worker-0/DEBUG] [net.minecraftforge.fml.config.ConfigTracker/CONFIG]: Config file ntgl-server.toml for ntgl tracking
[19Aug2026 16:50:44.142] [modloading-worker-0/DEBUG] [net.minecraftforge.fml.javafmlmod.AutomaticEventSubscriber/LOADING]: Attempting to inject @EventBusSubscriber classes into the eventbus for trashslot
[19Aug2026 16:50:44.147] [modloading-worker-0/DEBUG] [net.minecraftforge.fml.javafmlmod.AutomaticEventSubscriber/LOADING]: Attempting to inject @EventBusSubscriber classes into the eventbus for structureessentials
[19Aug2026 16:50:44.142] [modloading-worker-0/INFO] [net.blay09.mods.balm.forge.config.ForgeBalmConfig/]: Registering config for waystones:common (COMMON) with 46 properties.
[19Aug2026 16:50:44.148] [modloading-worker-0/DEBUG] [net.minecraftforge.fml.config.ConfigTracker/CONFIG]: Config file waystones-common.toml for waystones tracking
[19Aug2026 16:50:44.151] [modloading-worker-0/DEBUG] [net.minecraftforge.fml.javafmlmod.AutomaticEventSubscriber/LOADING]: Attempting to inject @EventBusSubscriber classes into the eventbus for clumps
[19Aug2026 16:50:44.159] [modloading-worker-0/DEBUG] [net.minecraftforge.fml.javafmlmod.AutomaticEventSubscriber/LOADING]: Attempting to inject @EventBusSubscriber classes into the eventbus for stalwart_dungeons
[19Aug2026 16:50:44.159] [modloading-worker-0/DEBUG] [net.minecraftforge.fml.javafmlmod.AutomaticEventSubscriber/LOADING]: Auto-subscribing net.mcreator.stalwartdungeons.procedures.ShulkerCannonShootProcedure to FORGE
[19Aug2026 16:50:44.161] [modloading-worker-0/DEBUG] [net.minecraftforge.fml.javafmlmod.AutomaticEventSubscriber/LOADING]: Auto-subscribing net.mcreator.stalwartdungeons.procedures.SdShieldPrProcedure to FORGE
[19Aug2026 16:50:44.164] [modloading-worker-0/DEBUG] [net.minecraftforge.fml.javafmlmod.AutomaticEventSubscriber/LOADING]: Auto-subscribing net.mcreator.stalwartdungeons.init.StalwartDungeonsModTabs to MOD
[19Aug2026 16:50:44.166] [modloading-worker-0/DEBUG] [net.minecraftforge.fml.javafmlmod.AutomaticEventSubscriber/LOADING]: Auto-subscribing net.mcreator.stalwartdungeons.init.StalwartDungeonsModFeatures to FORGE
[19Aug2026 16:50:44.167] [modloading-worker-0/DEBUG] [net.minecraftforge.fml.javafmlmod.AutomaticEventSubscriber/LOADING]: Auto-subscribing net.mcreator.stalwartdungeons.init.StalwartDungeonsModEntities to MOD
[19Aug2026 16:50:44.169] [modloading-worker-0/DEBUG] [xaero.map.WorldMap/]: Loaded xaero.map.platform.services.ForgePlatformHelper@42caaed9 for service interface xaero.map.platform.services.IPlatformHelper
[19Aug2026 16:50:44.173] [modloading-worker-0/INFO] [xaero.map.WorldMap/]: Registering common data for channel xaeroworldmap:main!
[19Aug2026 16:50:44.180] [modloading-worker-0/DEBUG] [net.minecraftforge.fml.javafmlmod.AutomaticEventSubscriber/LOADING]: Attempting to inject @EventBusSubscriber classes into the eventbus for placebo
[19Aug2026 16:50:44.180] [modloading-worker-0/DEBUG] [net.minecraftforge.fml.javafmlmod.AutomaticEventSubscriber/LOADING]: Auto-subscribing dev.shadowsoffire.placebo.util.PlaceboTaskQueue to FORGE
[19Aug2026 16:50:44.201] [modloading-worker-0/DEBUG] [net.minecraftforge.fml.config.ConfigTracker/CONFIG]: Config file modernfix-common.toml for modernfix tracking
[19Aug2026 16:50:44.202] [modloading-worker-0/INFO] [xaero.map.WorldMap/]: Loading primary common config for channel xaeroworldmap:main!
[19Aug2026 16:50:44.204] [modloading-worker-0/INFO] [xaero.map.WorldMap/]: Loading server config profiles for channel xaeroworldmap:main!
[19Aug2026 16:50:44.214] [modloading-worker-0/DEBUG] [ModernFix/]: Removed 2 unneeded annotations from file kuma-api-forge-20.1.12+1.20.1.jar
[19Aug2026 16:50:44.237] [modloading-worker-0/DEBUG] [ModernFix/]: Removed 2 unneeded annotations from file trashslot-forge-1.20.1-15.1.5.jar
[19Aug2026 16:50:44.248] [modloading-worker-0/DEBUG] [net.minecraftforge.fml.javafmlmod.AutomaticEventSubscriber/LOADING]: Attempting to inject @EventBusSubscriber classes into the eventbus for xaeroworldmap
[19Aug2026 16:50:44.253] [modloading-worker-0/DEBUG] [ModernFix/]: Removed 194 unneeded annotations from file geckolib-forge-1.20.1-4.8.4.jar
[19Aug2026 16:50:44.263] [modloading-worker-0/DEBUG] [ModernFix/]: Removed 178 unneeded annotations from file player-animation-lib-forge-1.0.2-rc1+1.20.jar
[19Aug2026 16:50:44.281] [modloading-worker-0/DEBUG] [net.minecraftforge.fml.config.ConfigTracker/CONFIG]: Config file citadel-common.toml for citadel tracking
[19Aug2026 16:50:44.282] [modloading-worker-0/DEBUG] [ModernFix/]: Removed 316 unneeded annotations from file jei-1.20.1-forge-15.20.0.112.jar
[19Aug2026 16:50:44.294] [modloading-worker-0/DEBUG] [ModernFix/]: Removed 18 unneeded annotations from file xaerolib-forge-1.20.1-1.7.1.jar
[19Aug2026 16:50:44.296] [modloading-worker-0/DEBUG] [net.minecraftforge.fml.javafmlmod.AutomaticEventSubscriber/LOADING]: Attempting to inject @EventBusSubscriber classes into the eventbus for citadel
[19Aug2026 16:50:44.296] [modloading-worker-0/DEBUG] [net.minecraftforge.fml.javafmlmod.AutomaticEventSubscriber/LOADING]: Auto-subscribing com.github.alexthe666.citadel.ServerProxy to MOD
[19Aug2026 16:50:44.299] [modloading-worker-0/DEBUG] [ModernFix/]: Removed 92 unneeded annotations from file TRender-1.0.15-1.20.1-forge-SNAPSHOT.jar
[19Aug2026 16:50:44.300] [modloading-worker-0/DEBUG] [ModernFix/]: Removed 21 unneeded annotations from file stalwart-dungeons-1.20.1-1.2.8.jar
[19Aug2026 16:50:44.302] [modloading-worker-0/DEBUG] [ModernFix/]: Removed 190 unneeded annotations from file sophisticatedcore-1.20.1-1.3.74.2216.jar
[19Aug2026 16:50:44.321] [modloading-worker-0/DEBUG] [net.minecraftforge.fml.javafmlmod.AutomaticEventSubscriber/LOADING]: Attempting to inject @EventBusSubscriber classes into the eventbus for waystones
[19Aug2026 16:50:44.322] [modloading-worker-0/DEBUG] [ModernFix/]: Removed 342 unneeded annotations from file ntgl-1.20.1-3.1.2.jar
[19Aug2026 16:50:44.328] [modloading-worker-0/DEBUG] [net.minecraftforge.fml.javafmlmod.AutomaticEventSubscriber/LOADING]: Attempting to inject @EventBusSubscriber classes into the eventbus for ntgl
[19Aug2026 16:50:44.329] [modloading-worker-0/DEBUG] [net.minecraftforge.fml.javafmlmod.AutomaticEventSubscriber/LOADING]: Auto-subscribing com.nukateam.ntgl.modules.gunpack.resource.NTGLPackManager to MOD
[19Aug2026 16:50:44.330] [modloading-worker-0/DEBUG] [net.minecraftforge.fml.config.ConfigTracker/CONFIG]: Config file naturescompass-common.toml for naturescompass tracking
[19Aug2026 16:50:44.330] [modloading-worker-0/DEBUG] [net.minecraftforge.fml.config.ConfigTracker/CONFIG]: Config file naturescompass-client.toml for naturescompass tracking
[19Aug2026 16:50:44.331] [modloading-worker-0/DEBUG] [net.minecraftforge.fml.javafmlmod.AutomaticEventSubscriber/LOADING]: Attempting to inject @EventBusSubscriber classes into the eventbus for naturescompass
[19Aug2026 16:50:44.331] [modloading-worker-0/DEBUG] [net.minecraftforge.fml.javafmlmod.AutomaticEventSubscriber/LOADING]: Auto-subscribing com.chaosthedude.naturescompass.registry.NaturesCompassRegistry to MOD
[19Aug2026 16:50:44.333] [modloading-worker-0/DEBUG] [net.minecraftforge.fml.javafmlmod.AutomaticEventSubscriber/LOADING]: Auto-subscribing com.nukateam.ntgl.modules.gunpack.data.GunRegisterer to MOD
[19Aug2026 16:50:44.333] [modloading-worker-0/DEBUG] [net.minecraftforge.fml.javafmlmod.AutomaticEventSubscriber/LOADING]: Auto-subscribing com.nukateam.ntgl.modules.datapack.managers.NetworkWeaponManager to FORGE
[19Aug2026 16:50:44.334] [modloading-worker-0/DEBUG] [ModernFix/]: Removed 54 unneeded annotations from file waystones-forge-1.20.1-14.1.20.jar
[19Aug2026 16:50:44.335] [modloading-worker-0/DEBUG] [ModernFix/]: Removed 93 unneeded annotations from file structureessentials-1.20.1-5.0.jar
[19Aug2026 16:50:44.335] [modloading-worker-0/DEBUG] [net.minecraftforge.fml.javafmlmod.AutomaticEventSubscriber/LOADING]: Auto-subscribing com.nukateam.ntgl.modules.datapack.managers.NetworkEquipmentManager to FORGE
[19Aug2026 16:50:44.335] [modloading-worker-0/DEBUG] [ModernFix/]: Removed 32 unneeded annotations from file Clumps-forge-1.20.1-12.0.0.4.jar
[19Aug2026 16:50:44.336] [modloading-worker-0/DEBUG] [ModernFix/]: Removed 50 unneeded annotations from file xaeroworldmap-forge-1.20.1-1.44.2.jar
[19Aug2026 16:50:44.339] [modloading-worker-0/DEBUG] [ModernFix/]: Removed 46 unneeded annotations from file Placebo-1.20.1-8.6.3.jar
[19Aug2026 16:50:44.336] [modloading-worker-0/DEBUG] [net.minecraftforge.fml.javafmlmod.AutomaticEventSubscriber/LOADING]: Auto-subscribing com.nukateam.ntgl.modules.datapack.managers.NetworkChassisManager to FORGE
[19Aug2026 16:50:44.343] [modloading-worker-0/DEBUG] [net.minecraftforge.fml.javafmlmod.AutomaticEventSubscriber/LOADING]: Auto-subscribing com.nukateam.ntgl.modules.datapack.handlers.NetworkManagerHandler to FORGE
[19Aug2026 16:50:44.343] [modloading-worker-0/DEBUG] [ModernFix/]: Removed 1139 unneeded annotations from file modernfix-forge-5.27.66+mc1.20.1.jar
[19Aug2026 16:50:44.345] [modloading-worker-0/DEBUG] [net.minecraftforge.fml.javafmlmod.AutomaticEventSubscriber/LOADING]: Auto-subscribing com.nukateam.ntgl.modules.data.DataKeyManager to FORGE
[19Aug2026 16:50:44.346] [modloading-worker-0/DEBUG] [net.minecraftforge.fml.javafmlmod.AutomaticEventSubscriber/LOADING]: Auto-subscribing com.nukateam.ntgl.common.util.util.DelayedTask to FORGE
[19Aug2026 16:50:44.351] [modloading-worker-0/DEBUG] [net.minecraftforge.fml.javafmlmod.AutomaticEventSubscriber/LOADING]: Auto-subscribing com.nukateam.ntgl.common.util.trackers.ThrowingTracker to FORGE
[19Aug2026 16:50:44.355] [modloading-worker-0/DEBUG] [ModernFix/]: Removed 188 unneeded annotations from file citadel-2.6.3-1.20.1.jar
[19Aug2026 16:50:44.355] [modloading-worker-0/DEBUG] [net.minecraftforge.fml.javafmlmod.AutomaticEventSubscriber/LOADING]: Auto-subscribing com.nukateam.ntgl.common.util.trackers.SpreadTracker to FORGE
[19Aug2026 16:50:44.357] [modloading-worker-0/DEBUG] [net.minecraftforge.fml.javafmlmod.AutomaticEventSubscriber/LOADING]: Auto-subscribing com.nukateam.ntgl.common.util.trackers.ReloadTracker to FORGE
[19Aug2026 16:50:44.364] [modloading-worker-0/DEBUG] [net.minecraftforge.fml.javafmlmod.AutomaticEventSubscriber/LOADING]: Auto-subscribing com.nukateam.ntgl.common.util.trackers.MeleeTracker to FORGE
[19Aug2026 16:50:44.365] [modloading-worker-0/DEBUG] [net.minecraftforge.fml.javafmlmod.AutomaticEventSubscriber/LOADING]: Auto-subscribing com.nukateam.ntgl.common.util.trackers.EquipTracker to FORGE
[19Aug2026 16:50:44.367] [modloading-worker-0/DEBUG] [net.minecraftforge.fml.javafmlmod.AutomaticEventSubscriber/LOADING]: Auto-subscribing com.nukateam.ntgl.common.util.trackers.EntityReloadTracker to FORGE
[19Aug2026 16:50:44.371] [modloading-worker-0/DEBUG] [net.minecraftforge.fml.javafmlmod.AutomaticEventSubscriber/LOADING]: Auto-subscribing com.nukateam.ntgl.common.handlers.ServerEvent to FORGE
[19Aug2026 16:50:44.373] [modloading-worker-0/DEBUG] [net.minecraftforge.fml.javafmlmod.AutomaticEventSubscriber/LOADING]: Auto-subscribing com.nukateam.ntgl.common.handlers.PlayerEventHandler to FORGE
[19Aug2026 16:50:44.375] [modloading-worker-0/DEBUG] [net.minecraftforge.fml.javafmlmod.AutomaticEventSubscriber/LOADING]: Auto-subscribing com.nukateam.ntgl.common.handlers.PlayerAnimatorEvents to MOD
[19Aug2026 16:50:44.377] [modloading-worker-0/DEBUG] [net.minecraftforge.fml.javafmlmod.AutomaticEventSubscriber/LOADING]: Auto-subscribing com.nukateam.ntgl.common.handlers.GunEventHandler to FORGE
[19Aug2026 16:50:44.376] [modloading-worker-0/DEBUG] [ModernFix/]: Removed 448 unneeded annotations from file alexsmobs-1.22.9.jar
[19Aug2026 16:50:44.386] [modloading-worker-0/DEBUG] [net.minecraftforge.fml.javafmlmod.AutomaticEventSubscriber/LOADING]: Auto-subscribing com.nukateam.ntgl.common.handlers.GunBehaviorManager to FORGE
[19Aug2026 16:50:44.387] [modloading-worker-0/DEBUG] [ModernFix/]: Removed 24 unneeded annotations from file NaturesCompass-1.20.1-1.12.0-forge.jar
[19Aug2026 16:50:44.388] [modloading-worker-0/DEBUG] [ModernFix/]: Removed 104 unneeded annotations from file artifacts-forge-9.5.19.jar
[19Aug2026 16:50:44.389] [modloading-worker-0/DEBUG] [net.minecraftforge.fml.javafmlmod.AutomaticEventSubscriber/LOADING]: Auto-subscribing com.nukateam.ntgl.common.handlers.EntityEvents to FORGE
[19Aug2026 16:50:44.391] [modloading-worker-0/DEBUG] [net.minecraftforge.fml.javafmlmod.AutomaticEventSubscriber/LOADING]: Auto-subscribing com.nukateam.ntgl.common.handlers.CommonRegistry to MOD
[19Aug2026 16:50:44.390] [modloading-worker-0/DEBUG] [ModernFix/]: Removed 101 unneeded annotations from file sophisticatedbackpacks-1.20.1-3.24.62.2017.jar
[19Aug2026 16:50:44.393] [modloading-worker-0/DEBUG] [ModernFix/]: Removed 632 unneeded annotations from file iceandfire-2.1.13-1.20.1-beta-5.jar
[19Aug2026 16:50:44.394] [modloading-worker-0/DEBUG] [net.minecraftforge.fml.javafmlmod.AutomaticEventSubscriber/LOADING]: Auto-subscribing com.nukateam.ntgl.common.foundation.entity.StunGrenadeEntity to FORGE
[19Aug2026 16:50:44.397] [modloading-worker-0/DEBUG] [mixin/]: Mixing DamageSourcesMixin from tombstone.mixins.json into net.minecraft.world.damagesource.DamageSources
[19Aug2026 16:50:44.418] [modloading-worker-0/DEBUG] [ModernFix/]: Removed 50 unneeded annotations from file bygonenether-1.3.2-1.20.x.jar
[19Aug2026 16:50:44.419] [modloading-worker-0/DEBUG] [mixin/]: Mixing perf.faster_capabilities.CapabilityDispatcherMixin from modernfix-modernfix.mixins.json into net.minecraftforge.common.capabilities.CapabilityDispatcher
[19Aug2026 16:50:44.425] [modloading-worker-0/DEBUG] [ModernFix/]: Removed 81 unneeded annotations from file balm-forge-1.20.1-7.3.42.jar
[19Aug2026 16:50:44.428] [modloading-worker-0/DEBUG] [ModernFix/]: Removed 272 unneeded annotations from file blueprint-1.20.1-7.1.4.jar
[19Aug2026 16:50:44.440] [modloading-worker-0/DEBUG] [net.minecraftforge.fml.javafmlmod.AutomaticEventSubscriber/LOADING]: Auto-subscribing com.nukateam.ntgl.common.debug.Debug to FORGE
[19Aug2026 16:50:44.442] [modloading-worker-0/DEBUG] [ModernFix/]: Removed 44 unneeded annotations from file carryon-forge-1.20.1-2.1.2.7.jar
[19Aug2026 16:50:44.442] [modloading-worker-0/DEBUG] [ModernFix/]: Removed 5 unneeded annotations from file puzzlesaccessapi-forge-20.1.1.jar
[19Aug2026 16:50:44.446] [modloading-worker-0/DEBUG] [net.minecraftforge.fml.javafmlmod.AutomaticEventSubscriber/LOADING]: Auto-subscribing com.nukateam.ntgl.client.handlers.ClientTickHandler to FORGE
[19Aug2026 16:50:44.450] [modloading-worker-0/DEBUG] [net.minecraftforge.fml.javafmlmod.AutomaticEventSubscriber/LOADING]: Auto-subscribing com.nukateam.example.common.ModEventBusEvents to MOD
[19Aug2026 16:50:44.451] [modloading-worker-0/DEBUG] [net.minecraftforge.fml.javafmlmod.AutomaticEventSubscriber/LOADING]: Auto-subscribing com.nukateam.chassis_core.modules.example.common.ModEventBusEvents to MOD
[19Aug2026 16:50:44.451] [modloading-worker-0/DEBUG] [net.minecraftforge.fml.javafmlmod.AutomaticEventSubscriber/LOADING]: Auto-subscribing com.nukateam.chassis_core.common.events.EventHandler to FORGE
[19Aug2026 16:50:44.455] [modloading-worker-0/DEBUG] [net.minecraftforge.fml.javafmlmod.AutomaticEventSubscriber/LOADING]: Auto-subscribing com.nukateam.chassis_core.common.events.CustomHandler to FORGE
[19Aug2026 16:50:44.452] [modloading-worker-0/DEBUG] [ModernFix/]: Removed 388 unneeded annotations from file cloth-config-11.1.136-forge.jar
[19Aug2026 16:50:44.461] [modloading-worker-0/DEBUG] [ModernFix/]: Removed 145 unneeded annotations from file sound-physics-remastered-forge-1.20.1-1.5.1.jar
[19Aug2026 16:50:44.465] [modloading-worker-0/DEBUG] [ModernFix/]: Removed 820 unneeded annotations from file forge-1.20.1-47.3.7-universal.jar
[19Aug2026 16:50:44.474] [modloading-worker-0/DEBUG] [ModernFix/]: Removed 49 unneeded annotations from file ironchest-1.20.1-14.4.4.jar
[19Aug2026 16:50:44.476] [modloading-worker-0/INFO] [dev.architectury.networking.forge.NetworkManagerImpl/]: Registering C2S receiver with id architectury:sync_ids
[19Aug2026 16:50:44.477] [modloading-worker-0/INFO] [dev.architectury.networking.forge.NetworkManagerImpl/]: Registering C2S receiver with id artifacts:networking_channel/42a7ad70b1cc371599a0eff744096b8a
[19Aug2026 16:50:44.482] [modloading-worker-0/INFO] [dev.architectury.networking.forge.NetworkManagerImpl/]: Registering C2S receiver with id artifacts:networking_channel/74a5e841822a3a87854ae896a33430d6
[19Aug2026 16:50:44.488] [modloading-worker-0/DEBUG] [ModernFix/]: Removed 2774 unneeded annotations from file server-1.20.1-20230612.114412-srg.jar
[19Aug2026 16:50:44.487] [modloading-worker-0/INFO] [dev.architectury.networking.forge.NetworkManagerImpl/]: Registering C2S receiver with id artifacts:networking_channel/eb3d1e2748533430848cadf0f37c7e9c
[19Aug2026 16:50:44.490] [modloading-worker-0/INFO] [dev.architectury.networking.forge.NetworkManagerImpl/]: Registering C2S receiver with id artifacts:networking_channel/91c8520f19f93b3e8b6a727568e194ab
[19Aug2026 16:50:44.496] [modloading-worker-0/INFO] [dev.architectury.networking.forge.NetworkManagerImpl/]: Registering C2S receiver with id artifacts:networking_channel/8c2784d778293fd482ed84b8aa5fedb9
[19Aug2026 16:50:44.497] [modloading-worker-0/INFO] [dev.architectury.networking.forge.NetworkManagerImpl/]: Registering C2S receiver with id artifacts:networking_channel/ea038224ea783d40b2863f52239e2604
[19Aug2026 16:50:44.504] [modloading-worker-0/INFO] [dev.architectury.networking.forge.NetworkManagerImpl/]: Registering C2S receiver with id artifacts:networking_channel/97ad64b7ecaf33209991c4f031501a58
[19Aug2026 16:50:44.518] [modloading-worker-0/DEBUG] [ModernFix/]: Removed 280 unneeded annotations from file endergetic-1.20.1-5.0.1.jar
[19Aug2026 16:50:44.521] [modloading-worker-0/DEBUG] [ModernFix/]: Removed 674 unneeded annotations from file alexscaves-2.0.2.jar
[19Aug2026 16:50:44.526] [modloading-worker-0/DEBUG] [ModernFix/]: Removed 21 unneeded annotations from file LittleFrames_FORGE_v1.4.3_mc1.20.1.jar
[19Aug2026 16:50:44.526] [modloading-worker-0/DEBUG] [ModernFix/]: Removed 28 unneeded annotations from file TerraBlender-forge-1.20.1-3.0.1.10.jar
[19Aug2026 16:50:44.530] [modloading-worker-0/DEBUG] [ModernFix/]: Removed 639 unneeded annotations from file moonlight-1.20-2.16.34-forge.jar
[19Aug2026 16:50:44.533] [modloading-worker-0/DEBUG] [ModernFix/]: Removed 36 unneeded annotations from file BiomesOPlenty-1.20.1-18.0.0.592.jar
[19Aug2026 16:50:44.534] [modloading-worker-0/DEBUG] [ModernFix/]: Removed 106 unneeded annotations from file Jade-1.20.1-Forge-11.13.3.jar
[19Aug2026 16:50:44.535] [modloading-worker-0/DEBUG] [ModernFix/]: Removed 21 unneeded annotations from file endrem_forge-5.3.3-R-1.20.1.jar
[19Aug2026 16:50:44.536] [modloading-worker-0/DEBUG] [ModernFix/]: Removed 258 unneeded annotations from file CreativeCore_FORGE_v2.12.39_mc1.20.1.jar
[19Aug2026 16:50:44.539] [modloading-worker-0/DEBUG] [ModernFix/]: Removed 7 unneeded annotations from file spectrelib-forge-0.13.17+1.20.1.jar
[19Aug2026 16:50:44.540] [modloading-worker-0/DEBUG] [ModernFix/]: Removed 80 unneeded annotations from file supermartijn642corelib-1.1.22-forge-mc1.20.1.jar
[19Aug2026 16:50:44.541] [modloading-worker-0/DEBUG] [ModernFix/]: Removed 34 unneeded annotations from file lionfishapi-3.0.jar
[19Aug2026 16:50:44.541] [modloading-worker-0/DEBUG] [ModernFix/]: Removed 4 unneeded annotations from file kffmod-4.12.0.jar
[19Aug2026 16:50:44.542] [modloading-worker-0/DEBUG] [ModernFix/]: Removed 565 unneeded annotations from file L_Enders_Cataclysm-3.31.jar
[19Aug2026 16:50:44.553] [modloading-worker-0/DEBUG] [ModernFix/]: Removed 289 unneeded annotations from file curios-forge-5.14.1+1.20.1.jar
[19Aug2026 16:50:44.554] [modloading-worker-0/DEBUG] [ModernFix/]: Removed 101 unneeded annotations from file Patchouli-1.20.1-85-FORGE.jar
[19Aug2026 16:50:44.558] [modloading-worker-0/DEBUG] [ModernFix/]: Removed 76 unneeded annotations from file xaerominimap-forge-1.20.1-26.4.2.jar
[19Aug2026 16:50:44.561] [modloading-worker-0/DEBUG] [mixin/]: Mixing item.wearable.WearableArtifactItemMixin from mixins.artifacts.forge.json into artifacts.item.wearable.WearableArtifactItem
[19Aug2026 16:50:44.561] [modloading-worker-0/DEBUG] [ModernFix/]: Removed 38 unneeded annotations from file betterbiomeblend-forge-1.20.1-1.4.0.jar
[19Aug2026 16:50:44.562] [modloading-worker-0/DEBUG] [ModernFix/]: Removed 51 unneeded annotations from file polymorph-forge-0.49.10+1.20.1.jar
[19Aug2026 16:50:44.572] [modloading-worker-0/DEBUG] [ModernFix/]: Removed 83 unneeded annotations from file [1.20.1] SecurityCraft v1.9.8.jar
[19Aug2026 16:50:44.578] [modloading-worker-0/DEBUG] [mixin/]: Mixing item.umbrella.UmbrellaItemMixin from mixins.artifacts.forge.json into artifacts.item.UmbrellaItem
[19Aug2026 16:50:44.589] [modloading-worker-0/DEBUG] [ModernFix/]: Removed 24 unneeded annotations from file entityculling-forge-1.10.5-mc1.20.1.jar
[19Aug2026 16:50:44.593] [modloading-worker-0/DEBUG] [ModernFix/]: Removed 343 unneeded annotations from file tombstone-1.20.1-9.0.9.jar
[19Aug2026 16:50:44.596] [modloading-worker-0/DEBUG] [net.minecraftforge.fml.config.ConfigTracker/CONFIG]: Config file sophisticatedbackpacks-server.toml for sophisticatedbackpacks tracking
[19Aug2026 16:50:44.599] [modloading-worker-0/DEBUG] [net.minecraftforge.fml.config.ConfigTracker/CONFIG]: Config file sophisticatedbackpacks-common.toml for sophisticatedbackpacks tracking
[19Aug2026 16:50:44.598] [modloading-worker-0/DEBUG] [ModernFix/]: Removed 272 unneeded annotations from file ImmediatelyFast-Forge-1.5.5+1.20.4.jar
[19Aug2026 16:50:44.603] [modloading-worker-0/DEBUG] [ModernFix/]: Removed 5 unneeded annotations from file coroutil-forge-1.20.1-1.3.7.jar
[19Aug2026 16:50:44.603] [modloading-worker-0/DEBUG] [ModernFix/]: Removed 8 unneeded annotations from file FastFurnace-1.20.1-8.0.2.jar
[19Aug2026 16:50:44.605] [modloading-worker-0/DEBUG] [ModernFix/]: Removed 281 unneeded annotations from file architectury-9.2.14-forge.jar
[19Aug2026 16:50:44.609] [modloading-worker-0/DEBUG] [ModernFix/]: Removed 13 unneeded annotations from file skin_changer-forge-1.20.1-0.6.6.jar
[19Aug2026 16:50:44.612] [modloading-worker-0/DEBUG] [ModernFix/]: Removed 134 unneeded annotations from file ferritecore-6.0.1-forge.jar
[19Aug2026 16:50:44.613] [modloading-worker-0/DEBUG] [ModernFix/]: Removed 35 unneeded annotations from file cupboard-1.20.1-3.9.jar
[19Aug2026 16:50:44.615] [modloading-worker-0/DEBUG] [ModernFix/]: Removed 3763 unneeded annotations from file TRansition-1.0.21-1.20.1-forge-SNAPSHOT.jar
[19Aug2026 16:50:44.619] [modloading-worker-0/DEBUG] [ModernFix/]: Removed 205 unneeded annotations from file refurbished_furniture-forge-1.20.1-1.0.20.jar
[19Aug2026 16:50:44.623] [modloading-worker-0/DEBUG] [ModernFix/]: Removed 212 unneeded annotations from file PuzzlesLib-v8.1.33-1.20.1-Forge.jar
[19Aug2026 16:50:44.625] [modloading-worker-0/DEBUG] [ModernFix/]: Removed 91 unneeded annotations from file framework-forge-1.20.1-0.8.0.jar
[19Aug2026 16:50:44.626] [modloading-worker-0/DEBUG] [ModernFix/]: Removed 84 unneeded annotations from file expandability-forge-9.0.4.jar
[19Aug2026 16:50:44.627] [modloading-worker-0/DEBUG] [net.minecraftforge.fml.javafmlmod.AutomaticEventSubscriber/LOADING]: Attempting to inject @EventBusSubscriber classes into the eventbus for modernfix
[19Aug2026 16:50:44.635] [modloading-worker-0/DEBUG] [net.minecraftforge.fml.config.ConfigTracker/CONFIG]: Config file iceandfire-client.toml for iceandfire tracking
[19Aug2026 16:50:44.635] [modloading-worker-0/DEBUG] [net.minecraftforge.fml.config.ConfigTracker/CONFIG]: Config file iceandfire-common.toml for iceandfire tracking
[19Aug2026 16:50:44.650] [modloading-worker-0/DEBUG] [mixin/]: Mixing perf.attribute_supplier_dedup.AttributeSupplierBuilderMixin from modernfix-modernfix.mixins.json into net.minecraft.world.entity.ai.attributes.AttributeSupplier$Builder
[19Aug2026 16:50:44.650] [modloading-worker-0/DEBUG] [mixin/]: Renaming synthetic method lambda$deduplicateInstances$0(Lnet/minecraft/world/entity/ai/attributes/Attribute;Lnet/minecraft/world/entity/ai/attributes/AttributeInstance;)Lnet/minecraft/world/entity/ai/attributes/AttributeInstance; to md801402$lambda$deduplicateInstances$0$0 in modernfix-modernfix.mixins.json:perf.attribute_supplier_dedup.AttributeSupplierBuilderMixin
[19Aug2026 16:50:44.663] [modloading-worker-0/DEBUG] [net.minecraftforge.fml.config.ConfigTracker/CONFIG]: Config file alexsmobs.toml for alexsmobs tracking
[19Aug2026 16:50:44.675] [modloading-worker-0/DEBUG] [mixin/]: Mixing perf.forge_cap_retrieval.AttachCapabilitiesEventMixin from modernfix-modernfix.mixins.json into net.minecraftforge.event.AttachCapabilitiesEvent
[19Aug2026 16:50:44.703] [modloading-worker-0/DEBUG] [net.minecraftforge.fml.javafmlmod.AutomaticEventSubscriber/LOADING]: Attempting to inject @EventBusSubscriber classes into the eventbus for artifacts
[19Aug2026 16:50:44.717] [modloading-worker-0/DEBUG] [net.minecraftforge.fml.javafmlmod.AutomaticEventSubscriber/LOADING]: Attempting to inject @EventBusSubscriber classes into the eventbus for alexsmobs
[19Aug2026 16:50:44.717] [modloading-worker-0/DEBUG] [net.minecraftforge.fml.javafmlmod.AutomaticEventSubscriber/LOADING]: Auto-subscribing com.github.alexthe666.alexsmobs.world.AMWorldRegistry to MOD
[19Aug2026 16:50:44.721] [modloading-worker-0/DEBUG] [net.minecraftforge.fml.javafmlmod.AutomaticEventSubscriber/LOADING]: Auto-subscribing com.github.alexthe666.alexsmobs.tileentity.AMTileEntityRegistry to MOD
[19Aug2026 16:50:44.721] [modloading-worker-0/DEBUG] [net.minecraftforge.fml.javafmlmod.AutomaticEventSubscriber/LOADING]: Auto-subscribing com.github.alexthe666.alexsmobs.event.ServerEvents to FORGE
[19Aug2026 16:50:44.726] [modloading-worker-0/DEBUG] [net.minecraftforge.fml.javafmlmod.AutomaticEventSubscriber/LOADING]: Auto-subscribing com.github.alexthe666.alexsmobs.entity.AMEntityRegistry to MOD
[19Aug2026 16:50:44.727] [modloading-worker-0/DEBUG] [net.minecraftforge.fml.javafmlmod.AutomaticEventSubscriber/LOADING]: Auto-subscribing com.github.alexthe666.alexsmobs.CommonProxy to MOD
[19Aug2026 16:50:44.727] [modloading-worker-0/DEBUG] [net.minecraftforge.fml.javafmlmod.AutomaticEventSubscriber/LOADING]: Auto-subscribing com.github.alexthe666.alexsmobs.AlexsMobs to FORGE
[19Aug2026 16:50:44.739] [modloading-worker-0/DEBUG] [net.minecraftforge.fml.javafmlmod.AutomaticEventSubscriber/LOADING]: Attempting to inject @EventBusSubscriber classes into the eventbus for bygonenether
[19Aug2026 16:50:44.740] [modloading-worker-0/DEBUG] [net.minecraftforge.fml.javafmlmod.AutomaticEventSubscriber/LOADING]: Auto-subscribing com.izofar.bygonenether.RegistryEvents to MOD
[19Aug2026 16:50:44.761] [modloading-worker-0/DEBUG] [net.minecraftforge.fml.javafmlmod.AutomaticEventSubscriber/LOADING]: Attempting to inject @EventBusSubscriber classes into the eventbus for balm
[19Aug2026 16:50:44.790] [modloading-worker-0/DEBUG] [Carry On/]: Loaded tschipp.carryon.platform.ForgePlatformHelper@47502ecd for service interface tschipp.carryon.platform.services.IPlatformHelper
[19Aug2026 16:50:44.792] [modloading-worker-0/DEBUG] [Carry On/]: Loaded tschipp.carryon.platform.ForgeGamestagesHelper@239f04a for service interface tschipp.carryon.platform.services.IGamestagePlatformHelper
[19Aug2026 16:50:44.795] [modloading-worker-0/DEBUG] [mixin/]: Mixing CraftingHelperMixin from supermartijn642corelib.mixins.json into net.minecraftforge.common.crafting.CraftingHelper
[19Aug2026 16:50:44.804] [modloading-worker-0/DEBUG] [net.minecraftforge.fml.config.ConfigTracker/CONFIG]: Config file carryon-common.toml for carryon tracking
[19Aug2026 16:50:44.807] [modloading-worker-0/DEBUG] [net.minecraftforge.fml.config.ConfigTracker/CONFIG]: Config file carryon-client.toml for carryon tracking
[19Aug2026 16:50:44.807] [modloading-worker-0/DEBUG] [net.minecraftforge.fml.javafmlmod.AutomaticEventSubscriber/LOADING]: Attempting to inject @EventBusSubscriber classes into the eventbus for carryon
[19Aug2026 16:50:44.807] [modloading-worker-0/DEBUG] [net.minecraftforge.fml.javafmlmod.AutomaticEventSubscriber/LOADING]: Auto-subscribing tschipp.carryon.CarryOnForge to MOD
[19Aug2026 16:50:44.807] [modloading-worker-0/DEBUG] [net.minecraftforge.fml.javafmlmod.AutomaticEventSubscriber/LOADING]: Auto-subscribing tschipp.carryon.events.CommonEvents to FORGE
[19Aug2026 16:50:44.812] [modloading-worker-0/DEBUG] [mixin/]: Mixing CommandExceptionLoggingMixin from cupboard.mixins.json into net.minecraft.commands.Commands
[19Aug2026 16:50:44.818] [modloading-worker-0/DEBUG] [net.minecraftforge.fml.javafmlmod.AutomaticEventSubscriber/LOADING]: Auto-subscribing tschipp.carryon.events.ModBusEvents to MOD
[19Aug2026 16:50:44.819] [modloading-worker-0/DEBUG] [mixin/]: Mixing TagManagerMixin from supermartijn642corelib.mixins.json into net.minecraft.tags.TagManager
[19Aug2026 16:50:44.823] [modloading-worker-0/DEBUG] [net.minecraftforge.fml.javafmlmod.AutomaticEventSubscriber/LOADING]: Attempting to inject @EventBusSubscriber classes into the eventbus for puzzlesaccessapi
[19Aug2026 16:50:44.824] [modloading-worker-0/DEBUG] [net.minecraftforge.fml.javafmlmod.AutomaticEventSubscriber/LOADING]: Attempting to inject @EventBusSubscriber classes into the eventbus for cloth_config
[19Aug2026 16:50:44.824] [modloading-worker-0/DEBUG] [net.minecraftforge.fml.javafmlmod.AutomaticEventSubscriber/LOADING]: Attempting to inject @EventBusSubscriber classes into the eventbus for sound_physics_remastered
[19Aug2026 16:50:44.828] [modloading-worker-0/DEBUG] [mixin/]: Mixing LootTablesMixin from placebo.mixins.json into net.minecraft.world.level.storage.loot.LootDataManager
[19Aug2026 16:50:44.829] [modloading-worker-0/DEBUG] [mixin/]: Renaming synthetic method lambda$apply$0(Lnet/minecraft/world/level/storage/loot/LootDataId;Lnet/minecraft/world/level/storage/loot/LootTable;)V to md801402$lambda$apply$0$0 in placebo.mixins.json:LootTablesMixin
[19Aug2026 16:50:44.829] [modloading-worker-0/DEBUG] [net.minecraftforge.fml.javafmlmod.AutomaticEventSubscriber/LOADING]: Attempting to inject @EventBusSubscriber classes into the eventbus for sophisticatedbackpacks
[19Aug2026 16:50:44.833] [modloading-worker-0/DEBUG] [mixin/]: Mixing LootDataManagerMixin from blueprint.mixins.json into net.minecraft.world.level.storage.loot.LootDataManager
[19Aug2026 16:50:44.834] [modloading-worker-0/DEBUG] [mixin/]: Renaming synthetic method lambda$modifyLootTables$0(Lcom/teamabnormals/blueprint/common/loot/modification/LootModificationManager;Lnet/minecraft/resources/ResourceLocation;Lnet/minecraft/world/level/storage/loot/LootTable;)V to md801402$lambda$modifyLootTables$0$1 in blueprint.mixins.json:LootDataManagerMixin
[19Aug2026 16:50:44.835] [modloading-worker-0/DEBUG] [mixin/]: Mixing MixinLootDataManager from architectury.mixins.json into net.minecraft.world.level.storage.loot.LootDataManager
[19Aug2026 16:50:44.836] [modloading-worker-0/DEBUG] [mixin/]: Mixing LootDataManagerForgeMixin from puzzleslib.forge.mixins.json into net.minecraft.world.level.storage.loot.LootDataManager
[19Aug2026 16:50:44.840] [modloading-worker-0/DEBUG] [net.minecraftforge.versions.forge.ForgeVersion/CORE]: Forge Version package package net.minecraftforge.versions.forge, Forge, version 47.3 from cpw.mods.modlauncher.TransformingClassLoader@1b4872bc
[19Aug2026 16:50:44.840] [modloading-worker-0/DEBUG] [net.minecraftforge.versions.forge.ForgeVersion/CORE]: Found Forge version 47.3.7
[19Aug2026 16:50:44.840] [modloading-worker-0/DEBUG] [net.minecraftforge.versions.forge.ForgeVersion/CORE]: Found Forge spec 47.3
[19Aug2026 16:50:44.840] [modloading-worker-0/DEBUG] [net.minecraftforge.versions.forge.ForgeVersion/CORE]: Found Forge group net.minecraftforge
[19Aug2026 16:50:44.841] [modloading-worker-0/DEBUG] [net.minecraftforge.versions.mcp.MCPVersion/CORE]: MCP Version package package net.minecraftforge.versions.mcp, Minecraft, version 1.20.1 from cpw.mods.modlauncher.TransformingClassLoader@1b4872bc
[19Aug2026 16:50:44.841] [modloading-worker-0/DEBUG] [net.minecraftforge.versions.mcp.MCPVersion/CORE]: Found MC version information 1.20.1
[19Aug2026 16:50:44.841] [modloading-worker-0/DEBUG] [net.minecraftforge.versions.mcp.MCPVersion/CORE]: Found MCP version information 20230612.114412
[19Aug2026 16:50:44.842] [modloading-worker-0/INFO] [net.minecraftforge.common.ForgeMod/FORGEMOD]: Forge mod loading, version 47.3.7, for MC 1.20.1 with MCP 20230612.114412
[19Aug2026 16:50:44.842] [modloading-worker-0/INFO] [net.minecraftforge.common.MinecraftForge/FORGE]: MinecraftForge v47.3.7 Initialized
[19Aug2026 16:50:44.868] [modloading-worker-0/DEBUG] [net.minecraftforge.common.ForgeMod/FORGEMOD]: Loading Network data for FML net version: FML3
[19Aug2026 16:50:44.869] [modloading-worker-0/DEBUG] [net.minecraftforge.fml.config.ConfigTracker/CONFIG]: Config file blueprint-client.toml for blueprint tracking
[19Aug2026 16:50:44.869] [modloading-worker-0/DEBUG] [net.minecraftforge.fml.config.ConfigTracker/CONFIG]: Config file blueprint-common.toml for blueprint tracking
[19Aug2026 16:50:44.872] [modloading-worker-0/DEBUG] [net.minecraftforge.fml.javafmlmod.AutomaticEventSubscriber/LOADING]: Attempting to inject @EventBusSubscriber classes into the eventbus for blueprint
[19Aug2026 16:50:44.872] [modloading-worker-0/DEBUG] [net.minecraftforge.fml.javafmlmod.AutomaticEventSubscriber/LOADING]: Auto-subscribing com.teamabnormals.blueprint.core.util.DataUtil to FORGE
[19Aug2026 16:50:44.874] [modloading-worker-0/DEBUG] [net.minecraftforge.fml.javafmlmod.AutomaticEventSubscriber/LOADING]: Auto-subscribing com.teamabnormals.blueprint.core.registry.BlueprintEntityTypes to MOD
[19Aug2026 16:50:44.881] [modloading-worker-0/DEBUG] [net.minecraftforge.fml.config.ConfigTracker/CONFIG]: Config file forge-client.toml for forge tracking
[19Aug2026 16:50:44.882] [modloading-worker-0/DEBUG] [net.minecraftforge.fml.config.ConfigTracker/CONFIG]: Config file forge-server.toml for forge tracking
[19Aug2026 16:50:44.882] [modloading-worker-0/DEBUG] [net.minecraftforge.fml.ModLoadingContext/]: Attempted to register an empty config for type COMMON on mod forge
[19Aug2026 16:50:44.889] [modloading-worker-0/DEBUG] [net.minecraftforge.fml.javafmlmod.AutomaticEventSubscriber/LOADING]: Auto-subscribing com.teamabnormals.blueprint.core.registry.BlueprintBlockEntityTypes to MOD
[19Aug2026 16:50:44.889] [modloading-worker-0/DEBUG] [net.minecraftforge.fml.javafmlmod.AutomaticEventSubscriber/LOADING]: Attempting to inject @EventBusSubscriber classes into the eventbus for ironchest
[19Aug2026 16:50:44.890] [modloading-worker-0/DEBUG] [net.minecraftforge.fml.javafmlmod.AutomaticEventSubscriber/LOADING]: Auto-subscribing com.progwml6.ironchest.common.ai.CatsSitOnChestsHandler to FORGE
[19Aug2026 16:50:44.903] [modloading-worker-0/DEBUG] [net.minecraftforge.fml.javafmlmod.AutomaticEventSubscriber/LOADING]: Auto-subscribing com.teamabnormals.blueprint.core.other.BlueprintEvents to FORGE
[19Aug2026 16:50:44.905] [modloading-worker-0/DEBUG] [net.minecraftforge.fml.javafmlmod.AutomaticEventSubscriber/LOADING]: Attempting to inject @EventBusSubscriber classes into the eventbus for forge
[19Aug2026 16:50:44.907] [modloading-worker-0/DEBUG] [net.minecraftforge.fml.javafmlmod.AutomaticEventSubscriber/LOADING]: Auto-subscribing com.teamabnormals.blueprint.core.Blueprint to MOD
[19Aug2026 16:50:44.907] [modloading-worker-0/DEBUG] [net.minecraftforge.fml.javafmlmod.AutomaticEventSubscriber/LOADING]: Auto-subscribing com.teamabnormals.blueprint.common.world.modification.structure.StructureRepalleterManager to FORGE
[19Aug2026 16:50:44.907] [modloading-worker-0/DEBUG] [net.minecraftforge.fml.javafmlmod.AutomaticEventSubscriber/LOADING]: Auto-subscribing net.minecraftforge.common.ForgeSpawnEggItem$CommonHandler to MOD
[19Aug2026 16:50:44.916] [modloading-worker-0/DEBUG] [net.minecraftforge.fml.javafmlmod.AutomaticEventSubscriber/LOADING]: Auto-subscribing com.teamabnormals.blueprint.common.world.modification.chunk.ChunkGeneratorModificationManager to FORGE
[19Aug2026 16:50:44.918] [modloading-worker-0/DEBUG] [net.minecraftforge.fml.javafmlmod.AutomaticEventSubscriber/LOADING]: Auto-subscribing com.teamabnormals.blueprint.common.loot.modification.LootModificationManager to FORGE
[19Aug2026 16:50:44.922] [modloading-worker-0/DEBUG] [net.minecraftforge.fml.config.ConfigTracker/CONFIG]: Config file alexscaves-general.toml for alexscaves tracking
[19Aug2026 16:50:44.922] [modloading-worker-0/DEBUG] [net.minecraftforge.fml.config.ConfigTracker/CONFIG]: Config file alexscaves-client.toml for alexscaves tracking
[19Aug2026 16:50:44.941] [modloading-worker-0/DEBUG] [mixin/]: Mixing LootTableMixin from balm.mixins.json into net.minecraft.world.level.storage.loot.LootTable
[19Aug2026 16:50:44.942] [modloading-worker-0/DEBUG] [mixin/]: Mixing accessor.LootTableForgeAccessor from puzzleslib.forge.mixins.json into net.minecraft.world.level.storage.loot.LootTable
[19Aug2026 16:50:44.947] [modloading-worker-0/DEBUG] [net.minecraftforge.fml.javafmlmod.AutomaticEventSubscriber/LOADING]: Auto-subscribing com.teamabnormals.blueprint.common.advancement.modification.AdvancementModificationManager to FORGE
[19Aug2026 16:50:44.955] [modloading-worker-0/DEBUG] [littleframes/]: Created network littleframes:main
[19Aug2026 16:50:44.963] [modloading-worker-0/DEBUG] [net.minecraftforge.fml.javafmlmod.AutomaticEventSubscriber/LOADING]: Attempting to inject @EventBusSubscriber classes into the eventbus for littleframes
[19Aug2026 16:50:44.971] [modloading-worker-0/DEBUG] [net.minecraftforge.fml.javafmlmod.AutomaticEventSubscriber/LOADING]: Attempting to inject @EventBusSubscriber classes into the eventbus for terrablender
[19Aug2026 16:50:44.971] [modloading-worker-0/DEBUG] [net.minecraftforge.fml.javafmlmod.AutomaticEventSubscriber/LOADING]: Auto-subscribing terrablender.handler.InitializationHandler to FORGE
[19Aug2026 16:50:44.984] [modloading-worker-0/DEBUG] [net.minecraftforge.fml.config.ConfigTracker/CONFIG]: Config file moonlight-common.toml for moonlight tracking
[19Aug2026 16:50:45.002] [modloading-worker-0/DEBUG] [net.minecraftforge.fml.config.ConfigTracker/CONFIG]: Config file endergetic-common.toml for endergetic tracking
[19Aug2026 16:50:45.004] [modloading-worker-0/DEBUG] [net.minecraftforge.fml.javafmlmod.AutomaticEventSubscriber/LOADING]: Attempting to inject @EventBusSubscriber classes into the eventbus for endergetic
[19Aug2026 16:50:45.004] [modloading-worker-0/DEBUG] [net.minecraftforge.fml.javafmlmod.AutomaticEventSubscriber/LOADING]: Auto-subscribing com.teamabnormals.endergetic.core.registry.EESoundEvents to MOD
[19Aug2026 16:50:45.006] [modloading-worker-0/DEBUG] [net.minecraftforge.fml.javafmlmod.AutomaticEventSubscriber/LOADING]: Auto-subscribing com.teamabnormals.endergetic.core.registry.EEItems to MOD
[19Aug2026 16:50:45.046] [modloading-worker-0/DEBUG] [mixin/]: Mixing accessor.CriteriaTriggersAccessor from cataclysm.mixins.json into net.minecraft.advancements.CriteriaTriggers
[19Aug2026 16:50:45.046] [modloading-worker-0/DEBUG] [mixin/]: Renaming @Accessor method getValues()Ljava/util/Map; to getValues_$md$801402$0 in cataclysm.mixins.json:accessor.CriteriaTriggersAccessor
[19Aug2026 16:50:45.160] [modloading-worker-0/DEBUG] [net.minecraftforge.fml.javafmlmod.AutomaticEventSubscriber/LOADING]: Attempting to inject @EventBusSubscriber classes into the eventbus for moonlight
[19Aug2026 16:50:45.177] [modloading-worker-0/DEBUG] [net.minecraftforge.fml.config.ConfigTracker/CONFIG]: Config file biomesoplenty/generation.toml for biomesoplenty tracking
[19Aug2026 16:50:45.236] [modloading-worker-0/DEBUG] [net.minecraftforge.fml.javafmlmod.AutomaticEventSubscriber/LOADING]: Auto-subscribing com.teamabnormals.endergetic.core.registry.EEEntityTypes to MOD
[19Aug2026 16:50:45.240] [modloading-worker-0/DEBUG] [net.minecraftforge.fml.javafmlmod.AutomaticEventSubscriber/LOADING]: Auto-subscribing com.teamabnormals.endergetic.core.registry.EEBlocks to MOD
[19Aug2026 16:50:45.241] [modloading-worker-0/DEBUG] [net.minecraftforge.fml.javafmlmod.AutomaticEventSubscriber/LOADING]: Auto-subscribing com.teamabnormals.endergetic.core.registry.EEBlockEntityTypes to MOD
[19Aug2026 16:50:45.251] [modloading-worker-0/DEBUG] [net.minecraftforge.fml.javafmlmod.AutomaticEventSubscriber/LOADING]: Auto-subscribing com.teamabnormals.endergetic.core.registry.builtin.EEBiomes to MOD
[19Aug2026 16:50:45.254] [modloading-worker-0/DEBUG] [net.minecraftforge.fml.javafmlmod.AutomaticEventSubscriber/LOADING]: Auto-subscribing com.teamabnormals.endergetic.core.other.EEPlayableEndimations to MOD
[19Aug2026 16:50:45.260] [modloading-worker-0/DEBUG] [net.minecraftforge.fml.javafmlmod.AutomaticEventSubscriber/LOADING]: Auto-subscribing com.teamabnormals.endergetic.core.other.EEEvents to FORGE
[19Aug2026 16:50:45.270] [modloading-worker-0/DEBUG] [net.minecraftforge.fml.javafmlmod.AutomaticEventSubscriber/LOADING]: Auto-subscribing com.teamabnormals.endergetic.common.advancement.EECriteriaTriggers to FORGE
[19Aug2026 16:50:45.272] [modloading-worker-0/DEBUG] [net.minecraftforge.fml.javafmlmod.AutomaticEventSubscriber/LOADING]: Attempting to inject @EventBusSubscriber classes into the eventbus for mixinsquared
[19Aug2026 16:50:45.276] [modloading-worker-0/DEBUG] [net.minecraftforge.fml.javafmlmod.AutomaticEventSubscriber/LOADING]: Attempting to inject @EventBusSubscriber classes into the eventbus for iceandfire
[19Aug2026 16:50:45.277] [modloading-worker-0/DEBUG] [net.minecraftforge.fml.javafmlmod.AutomaticEventSubscriber/LOADING]: Auto-subscribing com.github.alexthe666.iceandfire.recipe.IafRecipeRegistry to MOD
[19Aug2026 16:50:45.277] [modloading-worker-0/DEBUG] [net.minecraftforge.fml.javafmlmod.AutomaticEventSubscriber/LOADING]: Auto-subscribing com.github.alexthe666.iceandfire.misc.IafSoundRegistry to MOD
[19Aug2026 16:50:45.277] [modloading-worker-0/DEBUG] [net.minecraftforge.fml.javafmlmod.AutomaticEventSubscriber/LOADING]: Auto-subscribing com.github.alexthe666.iceandfire.misc.IafDamageRegistry to MOD
[19Aug2026 16:50:45.278] [modloading-worker-0/DEBUG] [net.minecraftforge.fml.javafmlmod.AutomaticEventSubscriber/LOADING]: Auto-subscribing com.github.alexthe666.iceandfire.item.IafItemRegistry to MOD
[19Aug2026 16:50:45.279] [modloading-worker-0/DEBUG] [net.minecraftforge.fml.javafmlmod.AutomaticEventSubscriber/LOADING]: Auto-subscribing com.github.alexthe666.iceandfire.event.ServerEvents to FORGE
[19Aug2026 16:50:45.281] [modloading-worker-0/DEBUG] [net.minecraftforge.fml.javafmlmod.AutomaticEventSubscriber/LOADING]: Attempting to inject @EventBusSubscriber classes into the eventbus for jade
[19Aug2026 16:50:45.282] [modloading-worker-0/DEBUG] [net.minecraftforge.fml.config.ConfigTracker/CONFIG]: Config file endrem.toml for endrem tracking
[19Aug2026 16:50:45.293] [modloading-worker-0/DEBUG] [net.minecraftforge.fml.javafmlmod.AutomaticEventSubscriber/LOADING]: Auto-subscribing com.github.alexthe666.iceandfire.entity.props.CapabilityHandler to FORGE
[19Aug2026 16:50:45.296] [modloading-worker-0/DEBUG] [net.minecraftforge.fml.javafmlmod.AutomaticEventSubscriber/LOADING]: Auto-subscribing com.github.alexthe666.iceandfire.entity.IafVillagerRegistry to MOD
[19Aug2026 16:50:45.302] [modloading-worker-0/DEBUG] [net.minecraftforge.fml.javafmlmod.AutomaticEventSubscriber/LOADING]: Auto-subscribing com.github.alexthe666.iceandfire.entity.IafEntityRegistry to MOD
[19Aug2026 16:50:45.303] [modloading-worker-0/DEBUG] [net.minecraftforge.fml.javafmlmod.AutomaticEventSubscriber/LOADING]: Auto-subscribing com.github.alexthe666.iceandfire.datagen.DataGenerators to MOD
[19Aug2026 16:50:45.306] [modloading-worker-0/DEBUG] [net.minecraftforge.fml.javafmlmod.AutomaticEventSubscriber/LOADING]: Attempting to inject @EventBusSubscriber classes into the eventbus for endrem
[19Aug2026 16:50:45.306] [modloading-worker-0/DEBUG] [net.minecraftforge.fml.javafmlmod.AutomaticEventSubscriber/LOADING]: Auto-subscribing com.teamremastered.endrem.registers.RegisterHandler to MOD
[19Aug2026 16:50:45.306] [modloading-worker-0/DEBUG] [net.minecraftforge.fml.javafmlmod.AutomaticEventSubscriber/LOADING]: Auto-subscribing com.teamremastered.endrem.events.ModEvents to FORGE
[19Aug2026 16:50:45.310] [modloading-worker-0/DEBUG] [mixin/]: Mixing TagsProviderForgeMixin from puzzleslib.forge.mixins.json into net.minecraft.data.tags.TagsProvider
[19Aug2026 16:50:45.323] [modloading-worker-0/DEBUG] [net.minecraftforge.fml.javafmlmod.AutomaticEventSubscriber/LOADING]: Auto-subscribing com.github.alexthe666.iceandfire.block.IafBlockRegistry to MOD
[19Aug2026 16:50:45.323] [modloading-worker-0/DEBUG] [net.minecraftforge.fml.javafmlmod.AutomaticEventSubscriber/LOADING]: Auto-subscribing com.github.alexthe666.iceandfire.IceAndFire to FORGE
[19Aug2026 16:50:45.323] [modloading-worker-0/DEBUG] [net.minecraftforge.fml.javafmlmod.AutomaticEventSubscriber/LOADING]: Auto-subscribing com.github.alexthe666.iceandfire.CommonProxy to MOD
[19Aug2026 16:50:45.335] [modloading-worker-0/DEBUG] [net.minecraftforge.fml.javafmlmod.AutomaticEventSubscriber/LOADING]: Attempting to inject @EventBusSubscriber classes into the eventbus for chunky
[19Aug2026 16:50:45.340] [modloading-worker-0/DEBUG] [net.minecraftforge.fml.javafmlmod.AutomaticEventSubscriber/LOADING]: Attempting to inject @EventBusSubscriber classes into the eventbus for spectrelib
[19Aug2026 16:50:45.357] [modloading-worker-0/DEBUG] [mixin/]: Mixing perf.tag_id_caching.TagEntryMixin from modernfix-modernfix.mixins.json into net.minecraft.tags.TagEntry
[19Aug2026 16:50:45.392] [modloading-worker-0/DEBUG] [net.minecraftforge.fml.javafmlmod.AutomaticEventSubscriber/LOADING]: Attempting to inject @EventBusSubscriber classes into the eventbus for supermartijn642corelib
[19Aug2026 16:50:45.392] [modloading-worker-0/DEBUG] [net.minecraftforge.fml.javafmlmod.AutomaticEventSubscriber/LOADING]: Auto-subscribing com.supermartijn642.core.CommonUtils to MOD
[19Aug2026 16:50:45.487] [modloading-worker-0/DEBUG] [net.minecraftforge.fml.javafmlmod.AutomaticEventSubscriber/LOADING]: Attempting to inject @EventBusSubscriber classes into the eventbus for lionfishapi
[19Aug2026 16:50:45.487] [modloading-worker-0/DEBUG] [net.minecraftforge.fml.javafmlmod.AutomaticEventSubscriber/LOADING]: Auto-subscribing com.github.L_Ender.lionfishapi.LionfishAPI to FORGE
[19Aug2026 16:50:45.487] [modloading-worker-0/DEBUG] [net.minecraftforge.fml.javafmlmod.AutomaticEventSubscriber/LOADING]: Auto-subscribing com.github.L_Ender.lionfishapi.CommonProxy to MOD
[19Aug2026 16:50:45.489] [modloading-worker-0/DEBUG] [creativecore/]: Created network creativecore:main
[19Aug2026 16:50:45.500] [modloading-worker-0/DEBUG] [net.minecraftforge.fml.javafmlmod.AutomaticEventSubscriber/LOADING]: Attempting to inject @EventBusSubscriber classes into the eventbus for creativecore
[19Aug2026 16:50:45.625] [modloading-worker-0/DEBUG] [net.minecraftforge.fml.config.ConfigTracker/CONFIG]: Config file cataclysm-client.toml for cataclysm tracking
[19Aug2026 16:50:45.625] [modloading-worker-0/DEBUG] [net.minecraftforge.fml.config.ConfigTracker/CONFIG]: Config file cataclysm-common.toml for cataclysm tracking
[19Aug2026 16:50:45.654] [modloading-worker-0/DEBUG] [net.minecraftforge.fml.javafmlmod.AutomaticEventSubscriber/LOADING]: Attempting to inject @EventBusSubscriber classes into the eventbus for biomesoplenty
[19Aug2026 16:50:45.658] [modloading-worker-0/DEBUG] [net.minecraftforge.fml.javafmlmod.AutomaticEventSubscriber/LOADING]: Auto-subscribing biomesoplenty.init.ModVillagerTrades to FORGE
[19Aug2026 16:50:45.659] [modloading-worker-0/DEBUG] [net.minecraftforge.fml.javafmlmod.AutomaticEventSubscriber/LOADING]: Auto-subscribing biomesoplenty.common.datagen.DataGenerationHandler to MOD
[19Aug2026 16:50:45.666] [modloading-worker-0/DEBUG] [net.minecraftforge.fml.javafmlmod.AutomaticEventSubscriber/LOADING]: Auto-subscribing biomesoplenty.common.util.biome.BiomeUtil to FORGE
[19Aug2026 16:50:45.686] [modloading-worker-0/DEBUG] [net.minecraftforge.fml.config.ConfigTracker/CONFIG]: Config file curios-client.toml for curios tracking
[19Aug2026 16:50:45.698] [modloading-worker-0/DEBUG] [net.minecraftforge.fml.config.ConfigTracker/CONFIG]: Config file curios-common.toml for curios tracking
[19Aug2026 16:50:45.703] [modloading-worker-0/DEBUG] [net.minecraftforge.fml.config.ConfigTracker/CONFIG]: Config file curios-server.toml for curios tracking
[19Aug2026 16:50:45.703] [modloading-worker-0/DEBUG] [net.minecraftforge.fml.javafmlmod.AutomaticEventSubscriber/LOADING]: Attempting to inject @EventBusSubscriber classes into the eventbus for curios
[19Aug2026 16:50:45.705] [modloading-worker-0/DEBUG] [net.minecraftforge.fml.config.ConfigTracker/CONFIG]: Config file patchouli-client.toml for patchouli tracking
[19Aug2026 16:50:45.709] [modloading-worker-0/DEBUG] [net.minecraftforge.fml.javafmlmod.AutomaticEventSubscriber/LOADING]: Attempting to inject @EventBusSubscriber classes into the eventbus for patchouli
[19Aug2026 16:50:45.709] [modloading-worker-0/DEBUG] [net.minecraftforge.fml.javafmlmod.AutomaticEventSubscriber/LOADING]: Auto-subscribing vazkii.patchouli.forge.common.ForgeModInitializer to MOD
[19Aug2026 16:50:45.793] [modloading-worker-0/DEBUG] [net.minecraftforge.fml.javafmlmod.AutomaticEventSubscriber/LOADING]: Attempting to inject @EventBusSubscriber classes into the eventbus for alexscaves
[19Aug2026 16:50:45.793] [modloading-worker-0/DEBUG] [net.minecraftforge.fml.javafmlmod.AutomaticEventSubscriber/LOADING]: Auto-subscribing com.github.alexmodguy.alexscaves.server.entity.ACEntityRegistry to MOD
[19Aug2026 16:50:45.798] [modloading-worker-0/DEBUG] [net.minecraftforge.fml.javafmlmod.AutomaticEventSubscriber/LOADING]: Attempting to inject @EventBusSubscriber classes into the eventbus for betterbiomeblend
[19Aug2026 16:50:45.821] [modloading-worker-0/DEBUG] [xaero.hud.minimap.MinimapLogs/]: Loaded xaero.common.platform.services.ForgePlatformHelper@6b3c58ac for service interface xaero.common.platform.services.IPlatformHelper
[19Aug2026 16:50:45.821] [modloading-worker-0/DEBUG] [net.minecraftforge.fml.javafmlmod.AutomaticEventSubscriber/LOADING]: Attempting to inject @EventBusSubscriber classes into the eventbus for polymorph
[19Aug2026 16:50:45.832] [modloading-worker-0/DEBUG] [mixin/]: Mixing gamerule.BooleanValueInvoker from mixins.artifacts.common.json into net.minecraft.world.level.GameRules$BooleanValue
[19Aug2026 16:50:45.833] [modloading-worker-0/DEBUG] [mixin/]: Renaming @Invoker method invokeCreate(ZLjava/util/function/BiConsumer;)Lnet/minecraft/world/level/GameRules$Type; to invokeCreate_$md$801402$0 in mixins.artifacts.common.json:gamerule.BooleanValueInvoker
[19Aug2026 16:50:45.834] [modloading-worker-0/INFO] [xaero.common.HudMod/]: Registering common data for channel xaerominimap:main!
[19Aug2026 16:50:45.856] [modloading-worker-0/DEBUG] [mixin/]: Mixing gamerule.IntegerValueInvoker from mixins.artifacts.common.json into net.minecraft.world.level.GameRules$IntegerValue
[19Aug2026 16:50:45.856] [modloading-worker-0/DEBUG] [mixin/]: Renaming @Invoker method invokeCreate(ILjava/util/function/BiConsumer;)Lnet/minecraft/world/level/GameRules$Type; to invokeCreate_$md$801402$0 in mixins.artifacts.common.json:gamerule.IntegerValueInvoker
[19Aug2026 16:50:45.877] [modloading-worker-0/DEBUG] [net.minecraftforge.fml.config.ConfigTracker/CONFIG]: Config file securitycraft-client.toml for securitycraft tracking
[19Aug2026 16:50:45.878] [modloading-worker-0/DEBUG] [net.minecraftforge.fml.config.ConfigTracker/CONFIG]: Config file securitycraft-server.toml for securitycraft tracking
[19Aug2026 16:50:45.916] [modloading-worker-0/INFO] [xaero.common.HudMod/]: Loading primary common config for channel xaerominimap:main!
[19Aug2026 16:50:45.920] [modloading-worker-0/INFO] [xaero.common.HudMod/]: Loading server config profiles for channel xaerominimap:main!
[19Aug2026 16:50:45.942] [modloading-worker-0/DEBUG] [net.minecraftforge.fml.javafmlmod.AutomaticEventSubscriber/LOADING]: Attempting to inject @EventBusSubscriber classes into the eventbus for xaerominimap
[19Aug2026 16:50:45.945] [modloading-worker-0/DEBUG] [net.minecraftforge.fml.javafmlmod.AutomaticEventSubscriber/LOADING]: Attempting to inject @EventBusSubscriber classes into the eventbus for entityculling
[19Aug2026 16:50:46.004] [modloading-worker-0/DEBUG] [net.minecraftforge.fml.config.ConfigTracker/CONFIG]: Config file tombstone-client.toml for tombstone tracking
[19Aug2026 16:50:46.004] [modloading-worker-0/DEBUG] [net.minecraftforge.fml.config.ConfigTracker/CONFIG]: Config file tombstone-common.toml for tombstone tracking
[19Aug2026 16:50:46.012] [modloading-worker-0/DEBUG] [net.minecraftforge.fml.config.ConfigTracker/CONFIG]: Config file tombstone-server.toml for tombstone tracking
[19Aug2026 16:50:46.016] [modloading-worker-0/DEBUG] [net.minecraftforge.fml.javafmlmod.AutomaticEventSubscriber/LOADING]: Attempting to inject @EventBusSubscriber classes into the eventbus for tombstone
[19Aug2026 16:50:46.017] [modloading-worker-0/DEBUG] [net.minecraftforge.fml.javafmlmod.AutomaticEventSubscriber/LOADING]: Auto-subscribing ovh.corail.tombstone.registry.Registration to MOD
[19Aug2026 16:50:46.022] [modloading-worker-0/DEBUG] [net.minecraftforge.fml.javafmlmod.AutomaticEventSubscriber/LOADING]: Auto-subscribing ovh.corail.tombstone.perk.PerkRegistry to MOD
[19Aug2026 16:50:46.024] [modloading-worker-0/DEBUG] [net.minecraftforge.fml.javafmlmod.AutomaticEventSubscriber/LOADING]: Auto-subscribing ovh.corail.tombstone.helper.PlacedBlocksTracker$PlacedBlocksEvents to FORGE
[19Aug2026 16:50:46.029] [modloading-worker-0/DEBUG] [net.minecraftforge.fml.javafmlmod.AutomaticEventSubscriber/LOADING]: Auto-subscribing ovh.corail.tombstone.helper.LootHelper to FORGE
[19Aug2026 16:50:46.078] [modloading-worker-0/DEBUG] [net.minecraftforge.fml.javafmlmod.AutomaticEventSubscriber/LOADING]: Auto-subscribing ovh.corail.tombstone.event.EventHandler to FORGE
[19Aug2026 16:50:46.112] [modloading-worker-0/DEBUG] [net.minecraftforge.fml.javafmlmod.AutomaticEventSubscriber/LOADING]: Auto-subscribing ovh.corail.tombstone.config.ConfigTombstone$ConfigEvent to MOD
[19Aug2026 16:50:46.113] [modloading-worker-0/DEBUG] [net.minecraftforge.fml.javafmlmod.AutomaticEventSubscriber/LOADING]: Attempting to inject @EventBusSubscriber classes into the eventbus for immediatelyfast
[19Aug2026 16:50:46.119] [modloading-worker-0/INFO] [coroutil/]: forge loader environment detected
[19Aug2026 16:50:46.130] [modloading-worker-0/DEBUG] [net.minecraftforge.fml.config.ConfigTracker/CONFIG]: Config file CoroUtil/General.toml for coroutil tracking
[19Aug2026 16:50:46.135] [modloading-worker-0/DEBUG] [net.minecraftforge.fml.javafmlmod.AutomaticEventSubscriber/LOADING]: Attempting to inject @EventBusSubscriber classes into the eventbus for coroutil
[19Aug2026 16:50:46.137] [modloading-worker-0/DEBUG] [net.minecraftforge.fml.javafmlmod.AutomaticEventSubscriber/LOADING]: Attempting to inject @EventBusSubscriber classes into the eventbus for fastfurnace
[19Aug2026 16:50:46.175] [modloading-worker-0/DEBUG] [net.minecraftforge.fml.javafmlmod.AutomaticEventSubscriber/LOADING]: Attempting to inject @EventBusSubscriber classes into the eventbus for cataclysm
[19Aug2026 16:50:46.178] [modloading-worker-0/DEBUG] [net.minecraftforge.fml.javafmlmod.AutomaticEventSubscriber/LOADING]: Auto-subscribing com.github.L_Ender.cataclysm.world.CMWorldRegistry to MOD
[19Aug2026 16:50:46.181] [modloading-worker-0/DEBUG] [net.minecraftforge.fml.javafmlmod.AutomaticEventSubscriber/LOADING]: Auto-subscribing com.github.L_Ender.cataclysm.init.ModEntities to MOD
[19Aug2026 16:50:46.182] [modloading-worker-0/DEBUG] [net.minecraftforge.fml.javafmlmod.AutomaticEventSubscriber/LOADING]: Auto-subscribing com.github.L_Ender.cataclysm.init.ModAttribute to MOD
[19Aug2026 16:50:46.183] [modloading-worker-0/DEBUG] [net.minecraftforge.fml.javafmlmod.AutomaticEventSubscriber/LOADING]: Auto-subscribing com.github.L_Ender.cataclysm.event.ServerEventHandler to FORGE
[19Aug2026 16:50:46.184] [modloading-worker-0/DEBUG] [net.minecraftforge.fml.javafmlmod.AutomaticEventSubscriber/LOADING]: Auto-subscribing com.github.L_Ender.cataclysm.CommonProxy to MOD
[19Aug2026 16:50:46.186] [modloading-worker-0/DEBUG] [net.minecraftforge.fml.javafmlmod.AutomaticEventSubscriber/LOADING]: Auto-subscribing com.github.L_Ender.cataclysm.Cataclysm to FORGE
[19Aug2026 16:50:46.190] [modloading-worker-0/DEBUG] [net.minecraftforge.fml.javafmlmod.AutomaticEventSubscriber/LOADING]: Attempting to inject @EventBusSubscriber classes into the eventbus for skin_changer
[19Aug2026 16:50:46.191] [modloading-worker-0/DEBUG] [net.minecraftforge.fml.javafmlmod.AutomaticEventSubscriber/LOADING]: Attempting to inject @EventBusSubscriber classes into the eventbus for ferritecore
[19Aug2026 16:50:46.192] [modloading-worker-0/DEBUG] [net.minecraftforge.fml.javafmlmod.AutomaticEventSubscriber/LOADING]: Attempting to inject @EventBusSubscriber classes into the eventbus for architectury
[19Aug2026 16:50:46.192] [modloading-worker-0/DEBUG] [net.minecraftforge.fml.javafmlmod.AutomaticEventSubscriber/LOADING]: Auto-subscribing dev.architectury.registry.level.entity.trade.forge.TradeRegistryImpl to FORGE
[19Aug2026 16:50:46.193] [modloading-worker-0/INFO] [com.cupboard.Cupboard/]: Loaded config for: cupboard.json
[19Aug2026 16:50:46.194] [modloading-worker-0/DEBUG] [net.minecraftforge.fml.javafmlmod.AutomaticEventSubscriber/LOADING]: Auto-subscribing dev.architectury.registry.forge.ReloadListenerRegistryImpl to FORGE
[19Aug2026 16:50:46.197] [modloading-worker-0/DEBUG] [net.minecraftforge.fml.javafmlmod.AutomaticEventSubscriber/LOADING]: Auto-subscribing dev.architectury.networking.forge.NetworkManagerImpl to FORGE
[19Aug2026 16:50:46.198] [modloading-worker-0/DEBUG] [net.minecraftforge.fml.javafmlmod.AutomaticEventSubscriber/LOADING]: Attempting to inject @EventBusSubscriber classes into the eventbus for transition
[19Aug2026 16:50:46.195] [modloading-worker-0/DEBUG] [net.minecraftforge.fml.javafmlmod.AutomaticEventSubscriber/LOADING]: Attempting to inject @EventBusSubscriber classes into the eventbus for cupboard
[19Aug2026 16:50:46.202] [modloading-worker-0/DEBUG] [net.minecraftforge.fml.javafmlmod.AutomaticEventSubscriber/LOADING]: Attempting to inject @EventBusSubscriber classes into the eventbus for puzzleslib
[19Aug2026 16:50:46.202] [modloading-worker-0/DEBUG] [net.minecraftforge.fml.javafmlmod.AutomaticEventSubscriber/LOADING]: Auto-subscribing fuzs.puzzleslib.impl.PuzzlesLibForge to MOD
[19Aug2026 16:50:46.207] [modloading-worker-0/DEBUG] [net.minecraftforge.fml.javafmlmod.AutomaticEventSubscriber/LOADING]: Attempting to inject @EventBusSubscriber classes into the eventbus for refurbished_furniture
[19Aug2026 16:50:46.209] [modloading-worker-0/DEBUG] [net.minecraftforge.fml.javafmlmod.AutomaticEventSubscriber/LOADING]: Auto-subscribing com.mrcrayfish.furniture.refurbished.ForgeEvents to FORGE
[19Aug2026 16:50:46.222] [modloading-worker-0/DEBUG] [Framework/]: Loaded com.mrcrayfish.framework.platform.ForgePlatformHelper@1a04e55f for service interface com.mrcrayfish.framework.platform.services.IPlatformHelper
[19Aug2026 16:50:46.223] [modloading-worker-0/DEBUG] [Framework/]: Loaded com.mrcrayfish.framework.platform.ForgeNetworkHelper@6ff29716 for service interface com.mrcrayfish.framework.platform.services.INetworkHelper
[19Aug2026 16:50:46.224] [modloading-worker-0/DEBUG] [Framework/]: Loaded com.mrcrayfish.framework.platform.ForgeRegistrationHelper@11322ce0 for service interface com.mrcrayfish.framework.platform.services.IRegistrationHelper
[19Aug2026 16:50:46.227] [modloading-worker-0/DEBUG] [Framework/]: Loaded com.mrcrayfish.framework.platform.ForgeEntityHelper@43f6ccd8 for service interface com.mrcrayfish.framework.platform.services.IEntityHelper
[19Aug2026 16:50:46.229] [modloading-worker-0/DEBUG] [Framework/]: Loaded com.mrcrayfish.framework.platform.ForgeItemHelper@61fb64f7 for service interface com.mrcrayfish.framework.platform.services.IItemHelper
[19Aug2026 16:50:46.231] [modloading-worker-0/DEBUG] [Framework/]: Loaded com.mrcrayfish.framework.platform.ForgeConfigHelper@2e186b04 for service interface com.mrcrayfish.framework.platform.services.IConfigHelper
[19Aug2026 16:50:46.267] [modloading-worker-0/INFO] [Puzzles Lib/]: Constructing common components for puzzleslib:main
[19Aug2026 16:50:46.299] [modloading-worker-0/DEBUG] [net.minecraftforge.fml.javafmlmod.AutomaticEventSubscriber/LOADING]: Attempting to inject @EventBusSubscriber classes into the eventbus for securitycraft
[19Aug2026 16:50:46.299] [modloading-worker-0/DEBUG] [net.minecraftforge.fml.javafmlmod.AutomaticEventSubscriber/LOADING]: Auto-subscribing net.geforcemods.securitycraft.api.SecurityCraftAPI to MOD
[19Aug2026 16:50:46.300] [modloading-worker-0/DEBUG] [net.minecraftforge.fml.javafmlmod.AutomaticEventSubscriber/LOADING]: Auto-subscribing net.geforcemods.securitycraft.SecurityCraft to MOD
[19Aug2026 16:50:46.301] [modloading-worker-0/DEBUG] [net.minecraftforge.fml.javafmlmod.AutomaticEventSubscriber/LOADING]: Auto-subscribing net.geforcemods.securitycraft.SCEventHandler to FORGE
[19Aug2026 16:50:46.316] [modloading-worker-0/DEBUG] [net.minecraftforge.fml.javafmlmod.AutomaticEventSubscriber/LOADING]: Auto-subscribing net.geforcemods.securitycraft.RegistrationHandler to MOD
[19Aug2026 16:50:46.318] [modloading-worker-0/DEBUG] [MrCrayfish's Furniture Mod: Refurbished/]: Loaded com.mrcrayfish.furniture.refurbished.platform.ForgePlatformHelper@42e73858 for service interface com.mrcrayfish.furniture.refurbished.platform.services.IPlatformHelper
[19Aug2026 16:50:46.326] [modloading-worker-0/DEBUG] [net.minecraftforge.fml.javafmlmod.AutomaticEventSubscriber/LOADING]: Auto-subscribing net.geforcemods.securitycraft.ConfigHandler to MOD
[19Aug2026 16:50:46.327] [modloading-worker-0/INFO] [be.florens.expandability.ExpandAbility/]: ExpandAbility here, who dis?
[19Aug2026 16:50:46.328] [modloading-worker-0/DEBUG] [net.minecraftforge.fml.javafmlmod.AutomaticEventSubscriber/LOADING]: Attempting to inject @EventBusSubscriber classes into the eventbus for expandability
[19Aug2026 16:50:46.332] [modloading-worker-0/DEBUG] [MrCrayfish's Furniture Mod: Refurbished/]: Loaded com.mrcrayfish.furniture.refurbished.platform.ForgeBlockHelper@3b64f6ea for service interface com.mrcrayfish.furniture.refurbished.platform.services.IBlockHelper
[19Aug2026 16:50:46.333] [modloading-worker-0/INFO] [thedarkcolour.kotlinforforge.test.KotlinForForge/]: Kotlin For Forge Enabled!
[19Aug2026 16:50:46.340] [modloading-worker-0/DEBUG] [thedarkcolour.kotlinforforge.LoggerKt/LOADING]: Attempting to inject @EventBusSubscriber kotlin objects in to the event bus for kotlinforforge
[19Aug2026 16:50:46.360] [modloading-worker-0/DEBUG] [MrCrayfish's Furniture Mod: Refurbished/]: Loaded com.mrcrayfish.furniture.refurbished.platform.ForgeBlockEntityHelper@3110f977 for service interface com.mrcrayfish.furniture.refurbished.platform.services.IBlockEntityHelper
[19Aug2026 16:50:46.361] [modloading-worker-0/DEBUG] [MrCrayfish's Furniture Mod: Refurbished/]: Loaded com.mrcrayfish.furniture.refurbished.platform.ForgeItemHelper@18b53153 for service interface com.mrcrayfish.furniture.refurbished.platform.services.IItemHelper
[19Aug2026 16:50:46.362] [modloading-worker-0/DEBUG] [MrCrayfish's Furniture Mod: Refurbished/]: Loaded com.mrcrayfish.furniture.refurbished.platform.ForgeEntityHelper@79adba0b for service interface com.mrcrayfish.furniture.refurbished.platform.services.IEntityHelper
[19Aug2026 16:50:46.363] [modloading-worker-0/DEBUG] [MrCrayfish's Furniture Mod: Refurbished/]: Loaded com.mrcrayfish.furniture.refurbished.platform.ForgeRecipeHelper@409e7c46 for service interface com.mrcrayfish.furniture.refurbished.platform.services.IRecipeHelper
[19Aug2026 16:50:46.365] [modloading-worker-0/DEBUG] [MrCrayfish's Furniture Mod: Refurbished/]: Loaded com.mrcrayfish.furniture.refurbished.platform.ForgeFluidHelper@6e746a50 for service interface com.mrcrayfish.furniture.refurbished.platform.services.IFluidHelper
[19Aug2026 16:50:46.365] [modloading-worker-0/DEBUG] [MrCrayfish's Furniture Mod: Refurbished/]: Loaded com.mrcrayfish.furniture.refurbished.platform.ForgeTagHelper@5c2c2352 for service interface com.mrcrayfish.furniture.refurbished.platform.services.ITagHelper
[19Aug2026 16:50:46.371] [modloading-worker-0/DEBUG] [MrCrayfish's Furniture Mod: Refurbished/]: Loaded com.mrcrayfish.furniture.refurbished.platform.ForgeMenuHelper@53950b9d for service interface com.mrcrayfish.furniture.refurbished.platform.services.IMenuHelper
[19Aug2026 16:50:46.574] [modloading-worker-0/DEBUG] [mixin/]: Mixing perf.smart_ingredient_sync.ConnectionMixin from modernfix-modernfix.mixins.json into net.minecraft.network.Connection
[19Aug2026 16:50:46.593] [modloading-worker-0/DEBUG] [net.minecraftforge.fml.javafmlmod.AutomaticEventSubscriber/LOADING]: Attempting to inject @EventBusSubscriber classes into the eventbus for framework
[19Aug2026 16:50:46.593] [modloading-worker-0/DEBUG] [net.minecraftforge.fml.javafmlmod.AutomaticEventSubscriber/LOADING]: Auto-subscribing com.mrcrayfish.framework.entity.sync.ForgeSyncedEntityDataHandler to FORGE
[19Aug2026 16:50:46.744] [main/DEBUG] [SpectreLib/CONFIG]: Loading global configs
[19Aug2026 16:50:47.225] [main/DEBUG] [net.minecraftforge.common.capabilities.CapabilityManager/CAPABILITIES]: Attempting to automatically register: Lnet/minecraftforge/energy/IEnergyStorage;
[19Aug2026 16:50:47.225] [main/DEBUG] [net.minecraftforge.common.capabilities.CapabilityManager/CAPABILITIES]: Attempting to automatically register: Lnet/minecraftforge/fluids/capability/IFluidHandler;
[19Aug2026 16:50:47.225] [main/DEBUG] [net.minecraftforge.common.capabilities.CapabilityManager/CAPABILITIES]: Attempting to automatically register: Lnet/minecraftforge/fluids/capability/IFluidHandlerItem;
[19Aug2026 16:50:47.225] [main/DEBUG] [net.minecraftforge.common.capabilities.CapabilityManager/CAPABILITIES]: Attempting to automatically register: Lnet/minecraftforge/items/IItemHandler;
[19Aug2026 16:50:48.807] [main/DEBUG] [io.netty.util.internal.InternalThreadLocalMap/]: -Dio.netty.threadLocalMap.stringBuilder.initialSize: 1024
[19Aug2026 16:50:48.807] [main/DEBUG] [io.netty.util.internal.InternalThreadLocalMap/]: -Dio.netty.threadLocalMap.stringBuilder.maxSize: 4096
[19Aug2026 16:50:48.807] [main/DEBUG] [io.netty.util.internal.ThreadLocalRandom/]: -Dio.netty.initialSeedUniquifier: 0xe0a9b6709d2ab87f
[19Aug2026 16:50:49.275] [main/DEBUG] [dev.architectury.core.item.ArchitecturySpawnEggItem/]: Registering spawn egg mimic_spawn_egg for artifacts:mimic
[19Aug2026 16:50:49.530] [main/INFO] [Moonlight/]: Initialized block sets in 26ms
[19Aug2026 16:50:49.822] [main/DEBUG] [mixin/]: Mixing PotionUtilsMixin from alexscaves.mixins.json into net.minecraft.world.item.alchemy.PotionUtils
[19Aug2026 16:50:49.823] [main/DEBUG] [mixin/]: Renaming synthetic method lambda$ac_getColor$0(Lnet/minecraft/world/effect/MobEffectInstance;)Z to md801402$lambda$ac_getColor$0$0 in alexscaves.mixins.json:PotionUtilsMixin
[19Aug2026 16:50:49.856] [main/DEBUG] [mixin/]: Mixing perf.dynamic_dfu.DataFixersMixin from modernfix-modernfix.mixins.json into net.minecraft.util.datafix.DataFixers
[19Aug2026 16:50:49.857] [main/DEBUG] [mixin/]: Renaming synthetic method lambda$createLazyFixerUpper$0(Ljava/util/Set;)Lcom/mojang/datafixers/DataFixer; to md801402$lambda$createLazyFixerUpper$0$0 in modernfix-modernfix.mixins.json:perf.dynamic_dfu.DataFixersMixin
[19Aug2026 16:50:49.933] [main/INFO] [ModernFix/]: Bypassed Mojang DFU
[19Aug2026 16:50:49.933] [main/INFO] [ModernFix/]: Instantiating Mojang DFU
[19Aug2026 16:50:50.078] [main/DEBUG] [mixin/]: Mixing perf.compact_mojang_registries.BlockStateDataMixin from modernfix-modernfix.mixins.json into net.minecraft.util.datafix.fixes.BlockStateData
[19Aug2026 16:50:50.684] [main/DEBUG] [placebo/]: Registered 0 recipe types.
[19Aug2026 16:50:50.695] [main/DEBUG] [mixin/]: Mixing AccessorSmithingTransformRecipe from patchouli_xplat.mixins.json into net.minecraft.world.item.crafting.SmithingTransformRecipe
[19Aug2026 16:50:50.695] [main/DEBUG] [mixin/]: Mixing AccessorSmithingTransformRecipe from polymorph.mixins.json into net.minecraft.world.item.crafting.SmithingTransformRecipe
[19Aug2026 16:50:50.696] [main/DEBUG] [mixin/]: Unexpected: Registered method getAddition()Lnet/minecraft/world/item/crafting/Ingredient; in net.minecraft.world.item.crafting.SmithingTransformRecipe was not merged
[19Aug2026 16:50:50.696] [main/DEBUG] [mixin/]: Unexpected: Registered method getTemplate()Lnet/minecraft/world/item/crafting/Ingredient; in net.minecraft.world.item.crafting.SmithingTransformRecipe was not merged
[19Aug2026 16:50:50.696] [main/DEBUG] [mixin/]: Unexpected: Registered method getBase()Lnet/minecraft/world/item/crafting/Ingredient; in net.minecraft.world.item.crafting.SmithingTransformRecipe was not merged
[19Aug2026 16:50:50.712] [main/DEBUG] [mixin/]: Mixing accessor.ShapelessRecipeAccessor from tombstone.mixins.json into net.minecraft.world.item.crafting.ShapelessRecipe
[19Aug2026 16:50:50.945] [main/DEBUG] [mixin/]: Mixing perf.faster_ingredients.ForgeHooksMixin from modernfix-modernfix.mixins.json into net.minecraftforge.common.ForgeHooks
[19Aug2026 16:50:50.946] [main/DEBUG] [mixin/]: Mixing ForgeHooksMixin from tombstone.mixins.json into net.minecraftforge.common.ForgeHooks
[19Aug2026 16:50:50.968] [main/DEBUG] [mixin/]: Mixing perf.attribute_supplier_dedup.AttributeSupplierMixin from modernfix-modernfix.mixins.json into net.minecraft.world.entity.ai.attributes.AttributeSupplier
[19Aug2026 16:50:51.086] [main/WARN] [net.minecraft.network.syncher.SynchedEntityData/]: defineId called for: class com.github.alexmodguy.alexscaves.server.entity.living.TremorzillaEntity from class com.github.alexmodguy.alexscaves.server.entity.living.LicowitchEntity
[19Aug2026 16:50:51.128] [main/DEBUG] [ModernFix/]: Removed 3818 redundant object holders
[19Aug2026 16:50:51.330] [main/DEBUG] [net.minecraftforge.fml.config.ConfigTracker/CONFIG]: Loading configs type COMMON
[19Aug2026 16:50:51.331] [main/DEBUG] [net.minecraftforge.fml.config.ConfigFileTypeHandler/CONFIG]: Built TOML config for /workspaces/proyecto67/servidor_minecraft/config/sophisticatedcore-common.toml
[19Aug2026 16:50:51.332] [main/DEBUG] [net.minecraftforge.fml.config.ConfigFileTypeHandler/CONFIG]: Loaded TOML config file /workspaces/proyecto67/servidor_minecraft/config/sophisticatedcore-common.toml
[19Aug2026 16:50:51.334] [main/DEBUG] [net.minecraftforge.fml.config.ConfigFileTypeHandler/CONFIG]: Watching TOML config file /workspaces/proyecto67/servidor_minecraft/config/sophisticatedcore-common.toml for changes
[19Aug2026 16:50:51.337] [main/DEBUG] [net.minecraftforge.fml.config.ConfigFileTypeHandler/CONFIG]: Built TOML config for /workspaces/proyecto67/servidor_minecraft/config/trashslot-common.toml
[19Aug2026 16:50:51.337] [main/DEBUG] [net.minecraftforge.fml.config.ConfigFileTypeHandler/CONFIG]: Loaded TOML config file /workspaces/proyecto67/servidor_minecraft/config/trashslot-common.toml
[19Aug2026 16:50:51.337] [main/DEBUG] [net.minecraftforge.fml.config.ConfigFileTypeHandler/CONFIG]: Watching TOML config file /workspaces/proyecto67/servidor_minecraft/config/trashslot-common.toml for changes
[19Aug2026 16:50:51.339] [main/DEBUG] [net.minecraftforge.fml.config.ConfigFileTypeHandler/CONFIG]: Built TOML config for /workspaces/proyecto67/servidor_minecraft/config/ntgl-common.toml
[19Aug2026 16:50:51.340] [main/DEBUG] [net.minecraftforge.fml.config.ConfigFileTypeHandler/CONFIG]: Loaded TOML config file /workspaces/proyecto67/servidor_minecraft/config/ntgl-common.toml
[19Aug2026 16:50:51.340] [main/DEBUG] [net.minecraftforge.fml.config.ConfigFileTypeHandler/CONFIG]: Watching TOML config file /workspaces/proyecto67/servidor_minecraft/config/ntgl-common.toml for changes
[19Aug2026 16:50:51.343] [main/DEBUG] [net.minecraftforge.fml.config.ConfigFileTypeHandler/CONFIG]: Built TOML config for /workspaces/proyecto67/servidor_minecraft/config/waystones-common.toml
[19Aug2026 16:50:51.344] [main/DEBUG] [net.minecraftforge.fml.config.ConfigFileTypeHandler/CONFIG]: Loaded TOML config file /workspaces/proyecto67/servidor_minecraft/config/waystones-common.toml
[19Aug2026 16:50:51.344] [main/DEBUG] [net.minecraftforge.fml.config.ConfigFileTypeHandler/CONFIG]: Watching TOML config file /workspaces/proyecto67/servidor_minecraft/config/waystones-common.toml for changes
[19Aug2026 16:50:51.348] [main/DEBUG] [net.minecraftforge.fml.config.ConfigFileTypeHandler/CONFIG]: Built TOML config for /workspaces/proyecto67/servidor_minecraft/config/modernfix-common.toml
[19Aug2026 16:50:51.349] [main/DEBUG] [net.minecraftforge.fml.config.ConfigFileTypeHandler/CONFIG]: Loaded TOML config file /workspaces/proyecto67/servidor_minecraft/config/modernfix-common.toml
[19Aug2026 16:50:51.349] [main/DEBUG] [net.minecraftforge.fml.config.ConfigFileTypeHandler/CONFIG]: Watching TOML config file /workspaces/proyecto67/servidor_minecraft/config/modernfix-common.toml for changes
[19Aug2026 16:50:51.349] [main/DEBUG] [net.minecraftforge.fml.config.ConfigFileTypeHandler/CONFIG]: Built TOML config for /workspaces/proyecto67/servidor_minecraft/config/citadel-common.toml
[19Aug2026 16:50:51.349] [main/DEBUG] [net.minecraftforge.fml.config.ConfigFileTypeHandler/CONFIG]: Loaded TOML config file /workspaces/proyecto67/servidor_minecraft/config/citadel-common.toml
[19Aug2026 16:50:51.349] [main/DEBUG] [net.minecraftforge.fml.config.ConfigFileTypeHandler/CONFIG]: Watching TOML config file /workspaces/proyecto67/servidor_minecraft/config/citadel-common.toml for changes
[19Aug2026 16:50:51.350] [main/DEBUG] [net.minecraftforge.fml.config.ConfigFileTypeHandler/CONFIG]: Built TOML config for /workspaces/proyecto67/servidor_minecraft/config/naturescompass-common.toml
[19Aug2026 16:50:51.350] [main/DEBUG] [net.minecraftforge.fml.config.ConfigFileTypeHandler/CONFIG]: Loaded TOML config file /workspaces/proyecto67/servidor_minecraft/config/naturescompass-common.toml
[19Aug2026 16:50:51.350] [main/DEBUG] [net.minecraftforge.fml.config.ConfigFileTypeHandler/CONFIG]: Watching TOML config file /workspaces/proyecto67/servidor_minecraft/config/naturescompass-common.toml for changes
[19Aug2026 16:50:51.351] [main/DEBUG] [net.minecraftforge.fml.config.ConfigFileTypeHandler/CONFIG]: Built TOML config for /workspaces/proyecto67/servidor_minecraft/config/sophisticatedbackpacks-common.toml
[19Aug2026 16:50:51.351] [main/DEBUG] [net.minecraftforge.fml.config.ConfigFileTypeHandler/CONFIG]: Loaded TOML config file /workspaces/proyecto67/servidor_minecraft/config/sophisticatedbackpacks-common.toml
[19Aug2026 16:50:51.351] [main/DEBUG] [net.minecraftforge.fml.config.ConfigFileTypeHandler/CONFIG]: Watching TOML config file /workspaces/proyecto67/servidor_minecraft/config/sophisticatedbackpacks-common.toml for changes
[19Aug2026 16:50:51.352] [main/DEBUG] [net.minecraftforge.fml.config.ConfigFileTypeHandler/CONFIG]: Built TOML config for /workspaces/proyecto67/servidor_minecraft/config/iceandfire-common.toml
[19Aug2026 16:50:51.353] [main/DEBUG] [net.minecraftforge.fml.config.ConfigFileTypeHandler/CONFIG]: Loaded TOML config file /workspaces/proyecto67/servidor_minecraft/config/iceandfire-common.toml
[19Aug2026 16:50:51.353] [main/DEBUG] [net.minecraftforge.fml.config.ConfigFileTypeHandler/CONFIG]: Watching TOML config file /workspaces/proyecto67/servidor_minecraft/config/iceandfire-common.toml for changes
[19Aug2026 16:50:51.392] [main/DEBUG] [net.minecraftforge.fml.config.ConfigFileTypeHandler/CONFIG]: Built TOML config for /workspaces/proyecto67/servidor_minecraft/config/alexsmobs.toml
[19Aug2026 16:50:51.395] [main/DEBUG] [net.minecraftforge.fml.config.ConfigFileTypeHandler/CONFIG]: Loaded TOML config file /workspaces/proyecto67/servidor_minecraft/config/alexsmobs.toml
[19Aug2026 16:50:51.395] [main/DEBUG] [net.minecraftforge.fml.config.ConfigFileTypeHandler/CONFIG]: Watching TOML config file /workspaces/proyecto67/servidor_minecraft/config/alexsmobs.toml for changes
[19Aug2026 16:50:51.444] [main/DEBUG] [net.minecraftforge.fml.config.ConfigFileTypeHandler/CONFIG]: Built TOML config for /workspaces/proyecto67/servidor_minecraft/config/carryon-common.toml
[19Aug2026 16:50:51.445] [main/DEBUG] [net.minecraftforge.fml.config.ConfigFileTypeHandler/CONFIG]: Loaded TOML config file /workspaces/proyecto67/servidor_minecraft/config/carryon-common.toml
[19Aug2026 16:50:51.445] [main/DEBUG] [net.minecraftforge.fml.config.ConfigFileTypeHandler/CONFIG]: Watching TOML config file /workspaces/proyecto67/servidor_minecraft/config/carryon-common.toml for changes
[19Aug2026 16:50:51.499] [main/DEBUG] [net.minecraftforge.fml.config.ConfigFileTypeHandler/CONFIG]: Built TOML config for /workspaces/proyecto67/servidor_minecraft/config/blueprint-common.toml
[19Aug2026 16:50:51.499] [main/DEBUG] [net.minecraftforge.fml.config.ConfigFileTypeHandler/CONFIG]: Loaded TOML config file /workspaces/proyecto67/servidor_minecraft/config/blueprint-common.toml
[19Aug2026 16:50:51.500] [main/DEBUG] [net.minecraftforge.fml.config.ConfigFileTypeHandler/CONFIG]: Watching TOML config file /workspaces/proyecto67/servidor_minecraft/config/blueprint-common.toml for changes
[19Aug2026 16:50:51.500] [main/DEBUG] [net.minecraftforge.fml.config.ConfigFileTypeHandler/CONFIG]: Built TOML config for /workspaces/proyecto67/servidor_minecraft/config/alexscaves-general.toml
[19Aug2026 16:50:51.501] [main/DEBUG] [net.minecraftforge.fml.config.ConfigFileTypeHandler/CONFIG]: Loaded TOML config file /workspaces/proyecto67/servidor_minecraft/config/alexscaves-general.toml
[19Aug2026 16:50:51.501] [main/DEBUG] [net.minecraftforge.fml.config.ConfigFileTypeHandler/CONFIG]: Watching TOML config file /workspaces/proyecto67/servidor_minecraft/config/alexscaves-general.toml for changes
[19Aug2026 16:50:51.510] [main/DEBUG] [net.minecraftforge.fml.config.ConfigFileTypeHandler/CONFIG]: Built TOML config for /workspaces/proyecto67/servidor_minecraft/config/moonlight-common.toml
[19Aug2026 16:50:51.511] [main/DEBUG] [net.minecraftforge.fml.config.ConfigFileTypeHandler/CONFIG]: Loaded TOML config file /workspaces/proyecto67/servidor_minecraft/config/moonlight-common.toml
[19Aug2026 16:50:51.511] [main/DEBUG] [net.minecraftforge.fml.config.ConfigFileTypeHandler/CONFIG]: Watching TOML config file /workspaces/proyecto67/servidor_minecraft/config/moonlight-common.toml for changes
[19Aug2026 16:50:51.512] [main/DEBUG] [net.minecraftforge.fml.config.ConfigFileTypeHandler/CONFIG]: Built TOML config for /workspaces/proyecto67/servidor_minecraft/config/endergetic-common.toml
[19Aug2026 16:50:51.513] [main/DEBUG] [net.minecraftforge.fml.config.ConfigFileTypeHandler/CONFIG]: Loaded TOML config file /workspaces/proyecto67/servidor_minecraft/config/endergetic-common.toml
[19Aug2026 16:50:51.513] [main/DEBUG] [net.minecraftforge.fml.config.ConfigFileTypeHandler/CONFIG]: Watching TOML config file /workspaces/proyecto67/servidor_minecraft/config/endergetic-common.toml for changes
[19Aug2026 16:50:51.513] [main/DEBUG] [net.minecraftforge.fml.config.ConfigFileTypeHandler/CONFIG]: Built TOML config for /workspaces/proyecto67/servidor_minecraft/config/biomesoplenty/generation.toml
[19Aug2026 16:50:51.514] [main/DEBUG] [net.minecraftforge.fml.config.ConfigFileTypeHandler/CONFIG]: Loaded TOML config file /workspaces/proyecto67/servidor_minecraft/config/biomesoplenty/generation.toml
[19Aug2026 16:50:51.519] [main/DEBUG] [net.minecraftforge.fml.config.ConfigFileTypeHandler/CONFIG]: Watching TOML config file /workspaces/proyecto67/servidor_minecraft/config/biomesoplenty/generation.toml for changes
[19Aug2026 16:50:51.520] [main/DEBUG] [net.minecraftforge.fml.config.ConfigFileTypeHandler/CONFIG]: Built TOML config for /workspaces/proyecto67/servidor_minecraft/config/endrem.toml
[19Aug2026 16:50:51.520] [main/DEBUG] [net.minecraftforge.fml.config.ConfigFileTypeHandler/CONFIG]: Loaded TOML config file /workspaces/proyecto67/servidor_minecraft/config/endrem.toml
[19Aug2026 16:50:51.520] [main/DEBUG] [net.minecraftforge.fml.config.ConfigFileTypeHandler/CONFIG]: Watching TOML config file /workspaces/proyecto67/servidor_minecraft/config/endrem.toml for changes
[19Aug2026 16:50:51.521] [main/DEBUG] [net.minecraftforge.fml.config.ConfigFileTypeHandler/CONFIG]: Built TOML config for /workspaces/proyecto67/servidor_minecraft/config/cataclysm-common.toml
[19Aug2026 16:50:51.524] [main/DEBUG] [net.minecraftforge.fml.config.ConfigFileTypeHandler/CONFIG]: Loaded TOML config file /workspaces/proyecto67/servidor_minecraft/config/cataclysm-common.toml
[19Aug2026 16:50:51.524] [main/DEBUG] [net.minecraftforge.fml.config.ConfigFileTypeHandler/CONFIG]: Watching TOML config file /workspaces/proyecto67/servidor_minecraft/config/cataclysm-common.toml for changes
[19Aug2026 16:50:51.531] [main/DEBUG] [net.minecraftforge.fml.config.ConfigFileTypeHandler/CONFIG]: Built TOML config for /workspaces/proyecto67/servidor_minecraft/config/curios-common.toml
[19Aug2026 16:50:51.531] [main/DEBUG] [net.minecraftforge.fml.config.ConfigFileTypeHandler/CONFIG]: Loaded TOML config file /workspaces/proyecto67/servidor_minecraft/config/curios-common.toml
[19Aug2026 16:50:51.531] [main/DEBUG] [net.minecraftforge.fml.config.ConfigFileTypeHandler/CONFIG]: Watching TOML config file /workspaces/proyecto67/servidor_minecraft/config/curios-common.toml for changes
[19Aug2026 16:50:51.532] [main/DEBUG] [net.minecraftforge.fml.config.ConfigFileTypeHandler/CONFIG]: Built TOML config for /workspaces/proyecto67/servidor_minecraft/config/tombstone-common.toml
[19Aug2026 16:50:51.533] [main/DEBUG] [net.minecraftforge.fml.config.ConfigFileTypeHandler/CONFIG]: Loaded TOML config file /workspaces/proyecto67/servidor_minecraft/config/tombstone-common.toml
[19Aug2026 16:50:51.533] [main/DEBUG] [net.minecraftforge.fml.config.ConfigFileTypeHandler/CONFIG]: Watching TOML config file /workspaces/proyecto67/servidor_minecraft/config/tombstone-common.toml for changes
[19Aug2026 16:50:51.535] [main/DEBUG] [net.minecraftforge.fml.config.ConfigFileTypeHandler/CONFIG]: Built TOML config for /workspaces/proyecto67/servidor_minecraft/config/CoroUtil/General.toml
[19Aug2026 16:50:51.535] [main/DEBUG] [net.minecraftforge.fml.config.ConfigFileTypeHandler/CONFIG]: Loaded TOML config file /workspaces/proyecto67/servidor_minecraft/config/CoroUtil/General.toml
[19Aug2026 16:50:51.535] [main/DEBUG] [net.minecraftforge.fml.config.ConfigFileTypeHandler/CONFIG]: Watching TOML config file /workspaces/proyecto67/servidor_minecraft/config/CoroUtil/General.toml for changes
[19Aug2026 16:50:51.687] [modloading-worker-0/INFO] [xaero.lib.XaeroLib/]: Loading XaeroLib common 1/2!
[19Aug2026 16:50:51.689] [modloading-worker-0/INFO] [com.structureessentials.StructureEssentials/]: structureessentials mod initialized
[19Aug2026 16:50:51.705] [modloading-worker-0/DEBUG] [ModernFix/]: Cleared 6645 object holder stacktrace references
[19Aug2026 16:50:51.815] [modloading-worker-0/DEBUG] [mixin/]: Mixing MixinSlotAttribute from curios.mixins.json into top.theillusivec4.curios.api.SlotAttribute
[19Aug2026 16:50:51.817] [modloading-worker-0/DEBUG] [mixin/]: Mixing MixinCuriosApi from curios.mixins.json into top.theillusivec4.curios.api.CuriosApi
[19Aug2026 16:50:51.861] [modloading-worker-0/DEBUG] [patchouli/]: Instantiating xplat impl: vazkii.patchouli.forge.xplat.ForgeXplatImpl
[19Aug2026 16:50:51.875] [modloading-worker-0/DEBUG] [mixin/]: Mixing MixinPolymorphApi from polymorph.mixins.json into com.illusivesoulworks.polymorph.api.PolymorphApi
[19Aug2026 16:50:51.896] [modloading-worker-0/INFO] [dev.architectury.networking.forge.NetworkManagerImpl/]: Registering C2S receiver with id skin_changer:mbechannel/c6416779da663f62836ae72f0509aa3e
[19Aug2026 16:50:51.898] [modloading-worker-0/INFO] [dev.architectury.networking.forge.NetworkManagerImpl/]: Registering C2S receiver with id skin_changer:mbechannel/8489ea5ae87e3a6199b65ea21ca8f8c8
[19Aug2026 16:50:52.230] [Thread-0/INFO] [ModernFix/]: Please use /mfsrc to reload any changed mod config files
[19Aug2026 16:50:52.392] [Forge Version Check/INFO] [net.minecraftforge.fml.VersionChecker/]: [clumps] Starting version check at https://updates.blamejared.com/get?n=clumps&gv=1.20.1
[19Aug2026 16:50:52.531] [main/DEBUG] [net.minecraftforge.fml.DeferredWorkQueue/LOADING]: Dispatching synchronous work for work queue COMMON_SETUP: 28 jobs
[19Aug2026 16:50:52.550] [main/DEBUG] [ModernFix/]: Removed 0 redundant object holders
[19Aug2026 16:50:52.628] [main/INFO] [Moonlight/]: Initialized color sets in 46ms
[19Aug2026 16:50:52.634] [main/INFO] [terrablender/]: Registered region minecraft:overworld to index 0 for type OVERWORLD
[19Aug2026 16:50:52.635] [main/INFO] [terrablender/]: Registered region minecraft:nether to index 0 for type NETHER
[19Aug2026 16:50:52.635] [main/INFO] [terrablender/]: Registered region biomesoplenty:overworld_primary to index 1 for type OVERWORLD
[19Aug2026 16:50:52.635] [main/INFO] [terrablender/]: Registered region biomesoplenty:overworld_secondary to index 2 for type OVERWORLD
[19Aug2026 16:50:52.636] [main/INFO] [terrablender/]: Registered region biomesoplenty:overworld_rare to index 3 for type OVERWORLD
[19Aug2026 16:50:52.636] [main/INFO] [terrablender/]: Registered region biomesoplenty:nether_common to index 1 for type NETHER
[19Aug2026 16:50:52.636] [main/INFO] [terrablender/]: Registered region biomesoplenty:nether_rare to index 2 for type NETHER
[19Aug2026 16:50:52.726] [main/INFO] [Framework/SYNCED_ENTITY_DATA]: Registered synced data key refurbished_furniture:lock_yaw for refurbished_furniture:seat
[19Aug2026 16:50:52.738] [main/DEBUG] [net.minecraftforge.fml.DeferredWorkQueue/LOADING]: Synchronous work queue completed in 205.8 ms
[19Aug2026 16:50:52.816] [modloading-worker-0/INFO] [xaero.lib.XaeroLib/]: Loading XaeroLib server 1/2!
[19Aug2026 16:50:52.818] [modloading-worker-0/INFO] [xaero.map.server.WorldMapServer/]: Loading Xaero's World Map - Stage 1/2 (Server)
[19Aug2026 16:50:52.820] [modloading-worker-0/INFO] [xaero.minimap.XaeroMinimap/]: Loading Xaero's Minimap - Stage 1/2 (Server)
[19Aug2026 16:50:52.841] [main/DEBUG] [net.minecraftforge.fml.DeferredWorkQueue/LOADING]: Dispatching synchronous work for work queue SIDED_SETUP: 3 jobs
[19Aug2026 16:50:52.842] [main/INFO] [xaero.lib.XaeroLib/]: Loading XaeroLib common 2/2!
[19Aug2026 16:50:52.842] [main/INFO] [xaero.lib.XaeroLib/]: Loading XaeroLib server 2/2!
[19Aug2026 16:50:52.842] [main/INFO] [xaero.map.server.WorldMapServer/]: Loading Xaero's World Map - Stage 2/2 (Server)
[19Aug2026 16:50:52.843] [main/INFO] [xaero.minimap.XaeroMinimap/]: Loading Xaero's Minimap - Stage 2/2 (Server)
[19Aug2026 16:50:52.843] [main/DEBUG] [net.minecraftforge.fml.DeferredWorkQueue/LOADING]: Synchronous work queue completed in 1.753 ms
[19Aug2026 16:50:52.935] [Forge Version Check/DEBUG] [net.minecraftforge.fml.VersionChecker/]: [clumps] Received version check data:
{"homepage":"https://www.curseforge.com/minecraft/mc-mods/clumps","promos":{"1.20.1-latest":"12.0.0.4"}}
[19Aug2026 16:50:52.936] [Forge Version Check/INFO] [net.minecraftforge.fml.VersionChecker/]: [clumps] Found status: BETA Current: 12.0.0.4 Target: 12.0.0.4
[19Aug2026 16:50:52.936] [Forge Version Check/INFO] [net.minecraftforge.fml.VersionChecker/]: [puzzlesaccessapi] Starting version check at https://raw.githubusercontent.com/Fuzss/modresources/main/update/puzzlesaccessapi.json
[19Aug2026 16:50:52.960] [Forge Version Check/DEBUG] [net.minecraftforge.fml.VersionChecker/]: [puzzlesaccessapi] Received version check data:
{
    "homepage": "https://github.com/Fuzss/puzzlesaccessapi",
    "promos": {}
}
[19Aug2026 16:50:52.960] [Forge Version Check/INFO] [net.minecraftforge.fml.VersionChecker/]: [puzzlesaccessapi] Found status: BETA Current: 20.1.1 Target: null
[19Aug2026 16:50:52.961] [Forge Version Check/INFO] [net.minecraftforge.fml.VersionChecker/]: [sound_physics_remastered] Starting version check at https://update.maxhenkel.de/forge/sound_physics_remastered
[19Aug2026 16:50:53.152] [modloading-worker-0/DEBUG] [mixin/]: Mixing perf.potential_spawns_alloc.PotentialSpawnsMixin from modernfix-modernfix.mixins.json into net.minecraftforge.event.level.LevelEvent$PotentialSpawns
[19Aug2026 16:50:53.169] [modloading-worker-0/INFO] [Jade/]: Start loading plugin at net.blay09.mods.waystones.compat.JadeIntegration
[19Aug2026 16:50:53.175] [modloading-worker-0/INFO] [Jade/]: Start loading plugin at net.blay09.mods.balm.forge.compat.hudinfo.ForgeJadeModCompat
[19Aug2026 16:50:53.175] [modloading-worker-0/INFO] [Jade/]: Start loading plugin at snownee.jade.addon.vanilla.VanillaPlugin
[19Aug2026 16:50:53.189] [modloading-worker-0/INFO] [Jade/]: Start loading plugin at snownee.jade.addon.universal.UniversalPlugin
[19Aug2026 16:50:53.193] [modloading-worker-0/INFO] [Jade/]: Start loading plugin at snownee.jade.addon.core.CorePlugin
[19Aug2026 16:50:53.194] [modloading-worker-0/INFO] [Jade/]: Start loading plugin at net.geforcemods.securitycraft.compat.waila.JadeDataProvider
[19Aug2026 16:50:53.196] [modloading-worker-0/INFO] [Jade/]: Start loading plugin at ovh.corail.tombstone.compatibility.IntegrationJade
[19Aug2026 16:50:53.225] [main/DEBUG] [net.minecraftforge.fml.DeferredWorkQueue/LOADING]: Dispatching synchronous work for work queue COMPLETE: 3 jobs
[19Aug2026 16:50:53.227] [main/INFO] [citadel/]: adding citadel surface rules via terrablender...
[19Aug2026 16:50:53.227] [main/INFO] [citadel/]: Added 0 vanilla biome surface rule types via terrablender
[19Aug2026 16:50:53.228] [main/INFO] [citadel/]: Added 1 modded biome surface rule types via terrablender
[19Aug2026 16:50:53.229] [main/DEBUG] [net.minecraftforge.fml.DeferredWorkQueue/LOADING]: Synchronous work queue completed in 3.718 ms
[19Aug2026 16:50:53.492] [main/DEBUG] [mixin/]: Generating mapped inner class net/minecraft/world/level/levelgen/DebugLevelSource$Anonymous$634cf0bf062a4ae5932053b162963d2e (originally org/embeddedt/modernfix/common/mixin/perf/forge_registry_alloc/DebugLevelSourceMixin$1)
[19Aug2026 16:50:53.514] [Forge Version Check/DEBUG] [net.minecraftforge.fml.VersionChecker/]: [sound_physics_remastered] Received version check data:
{"1.21":{"1.21-1.4.6":""},"1.20":{"1.20-1.1.1":"Updated to 1.20"},"26.1":{"1.5.1+26.1":"Updated to 26.1"},"1.18":{"1.18-1.0.3":"Tweaked config values"},"1.19":{"1.19-1.0.15":"Disabled moving sounds by default due to performance impact"},"1.21.11":{"1.21.11-1.5.1":"Updated to 1.21.11"},"1.21.10":{"1.21.10-1.5.1":"Updated to 1.21.10"},"1.21.7":{"1.21.7-1.4.14":"Updated to 1.21.7"},"1.21.6":{"1.21.6-1.4.14":"Fixed mixin crash"},"1.21.9":{"1.21.9-1.5.1":"Fixed direction evaluation being inaccurate at long distances"},"1.21.8":{"1.21.8-1.5.1":"Fixed direction evaluation being inaccurate at long distances"},"1.20.4":{"1.20.4-1.4.5":"Updated Simplified Chinese translation","1.20.4-1.3.0":""},"1.21.3":{"1.21.3-1.4.7":"Fixed issues with sounds being played far away\nFixed lag when being far away from 0, 0"},"promos":{"1.18.1-latest":"1.18.1-1.0.6","1.21.4-latest":"1.21.4-1.5.1","1.21.3-latest":"1.21.3-1.4.7","1.18.2-latest":"1.18.2-1.0.6","1.20-recommended":"1.20-1.1.1","1.19.3-recommended":"1.19.3-1.0.18","1.19.1-recommended":"1.19.1-1.0.15","1.21.5-latest":"1.21.5-1.5.1","1.21.1-latest":"1.21.1-1.5.1","1.21.6-latest":"1.21.6-1.4.14","26.1.2-latest":"1.5.1+26.1.2","26.1.1-latest":"1.5.1+26.1.1","1.19.4-recommended":"1.19.4-1.1.1","1.19-latest":"1.19-1.0.15","1.17.1-recommended":"1.17.1-1.0.6","1.19.2-recommended":"1.19.2-1.3.0","26.1-latest":"1.5.1+26.1","1.21.9-latest":"1.21.9-1.5.1","1.18-latest":"1.18-1.0.3","1.21.8-latest":"1.21.8-1.5.1","1.20.4-recommended":"1.20.4-1.3.0","1.21.7-latest":"1.21.7-1.4.14","1.21-latest":"1.21-1.4.6","1.20.1-recommended":"1.20.1-1.3.0","1.20.2-recommended":"1.20.2-1.3.0","1.20-latest":"1.20-1.1.1","1.18.2-recommended":"1.18.2-1.0.6","26.2-latest":"1.5.1+26.2","1.17.1-latest":"1.17.1-1.0.6","1.21.11-latest":"1.21.11-1.5.1","1.21.10-latest":"1.21.10-1.5.1","1.18.1-recommended":"1.18.1-1.0.6","1.20.1-latest":"1.20.1-1.5.1","1.20.2-latest":"1.20.2-1.3.1","1.19.2-latest":"1.19.2-1.4.5","1.19.4-latest":"1.19.4-1.2.1","1.19.3-latest":"1.19.3-1.1.0","1.19-recommended":"1.19-1.0.15","1.18-recommended":"1.18-1.0.3","1.20.4-latest":"1.20.4-1.4.5","1.19.1-latest":"1.19.1-1.0.15","1.20.6-latest":"1.20.6-1.4.5"},"1.20.6":{"1.20.6-1.4.5":"Updated Simplified Chinese translation"},"1.21.5":{"1.21.5-1.5.1":"Fixed direction evaluation being inaccurate at long distances"},"1.21.4":{"1.21.4-1.5.1":"Fixed direction evaluation being inaccurate at long distances"},"26.2":{"1.5.1+26.2":"Updated to 26.2"},"1.20.2":{"1.20.2-1.3.1":"Updated dependencies\nFixed mod icon size","1.20.2-1.3.0":""},"1.21.1":{"1.21.1-1.5.1":"Fixed direction evaluation being inaccurate at long distances"},"1.20.1":{"1.20.1-1.5.1":"Fixed direction evaluation being inaccurate at long distances","1.20.1-1.3.0":""},"26.1.1":{"1.5.1+26.1.1":"Added support for 26.1.1"},"26.1.2":{"1.5.1+26.1.2":"Added support for 26.1.2"},"1.18.2":{"1.18.2-1.0.6":"Fixed crash when playing sounds that are null"},"1.19.1":{"1.19.1-1.0.15":"Disabled moving sounds by default due to performance impact"},"1.19.2":{"1.19.2-1.3.0":"","1.19.2-1.4.5":"Updated Simplified Chinese translation"},"1.19.3":{"1.19.3-1.1.0":"Updated ConfigBuilder\nAdded comments to the config\nRemoved sound blacklist regex\nAdded allowed sounds config\nFixed lag when saving in cloth config GUI\nFixed sound distance allowance not working with playsound commands","1.19.3-1.0.18":"Improved performance when having 'update_moving_sounds' enabled"},"1.19.4":{"1.19.4-1.1.1":"Fixed some cloth config settings not saving properly","1.19.4-1.2.1":""},"1.17.1":{"1.17.1-1.0.6":"Fixed crash when playing sounds that are null"},"1.18.1":{"1.18.1-1.0.6":"Fixed crash when playing sounds that are null"},"homepage":"https://www.curseforge.com/minecraft/mc-mods/sound-physics-remastered"}
[19Aug2026 16:50:53.515] [Forge Version Check/INFO] [net.minecraftforge.fml.VersionChecker/]: [sound_physics_remastered] Found status: AHEAD Current: 1.20.1-1.5.1 Target: null
[19Aug2026 16:50:53.517] [Forge Version Check/INFO] [net.minecraftforge.fml.VersionChecker/]: [forge] Starting version check at https://files.minecraftforge.net/net/minecraftforge/forge/promotions_slim.json
[19Aug2026 16:50:53.595] [Forge Version Check/DEBUG] [net.minecraftforge.fml.VersionChecker/]: [forge] Received version check data:
{
  "homepage": "https://files.minecraftforge.net/net/minecraftforge/forge/",
  "promos": {
    "1.1-latest": "1.3.4.29",
    "1.2.3-latest": "1.4.1.64",
    "1.2.4-latest": "2.0.0.68",
    "1.2.5-latest": "3.4.9.171",
    "1.3.2-latest": "4.3.5.318",
    "1.4.0-latest": "5.0.0.326",
    "1.4.1-latest": "6.0.0.329",
    "1.4.2-latest": "6.0.1.355",
    "1.4.3-latest": "6.2.1.358",
    "1.4.4-latest": "6.3.0.378",
    "1.4.5-latest": "6.4.2.448",
    "1.4.6-latest": "6.5.0.489",
    "1.4.7-latest": "6.6.2.534",
    "1.5-latest": "7.7.0.598",
    "1.5.1-latest": "7.7.2.682",
    "1.5.2-latest": "7.8.1.738",
    "1.5.2-recommended": "7.8.1.738",
    "1.6.1-latest": "8.9.0.775",
    "1.6.2-latest": "9.10.1.871",
    "1.6.2-recommended": "9.10.1.871",
    "1.6.3-latest": "9.11.0.878",
    "1.6.4-latest": "9.11.1.1345",
    "1.6.4-recommended": "9.11.1.1345",
    "1.7.2-latest": "10.12.2.1161",
    "1.7.2-recommended": "10.12.2.1161",
    "1.7.10-latest": "10.13.4.1614",
    "1.7.10-recommended": "10.13.4.1614",
    "1.8-latest": "11.14.4.1577",
    "1.8-recommended": "11.14.4.1563",
    "1.8.8-latest": "11.15.0.1655",
    "1.8.9-latest": "11.15.1.2318",
    "1.8.9-recommended": "11.15.1.2318",
    "1.9-latest": "12.16.1.1938",
    "1.9-recommended": "12.16.1.1887",
    "1.9.4-latest": "12.17.0.2317",
    "1.9.4-recommended": "12.17.0.2317",
    "1.10-latest": "12.18.0.2000",
    "1.10.2-latest": "12.18.3.2511",
    "1.10.2-recommended": "12.18.3.2511",
    "1.11-latest": "13.19.1.2199",
    "1.11-recommended": "13.19.1.2189",
    "1.11.2-latest": "13.20.1.2588",
    "1.11.2-recommended": "13.20.1.2588",
    "1.12-latest": "14.21.1.2443",
    "1.12-recommended": "14.21.1.2387",
    "1.12.1-latest": "14.22.1.2485",
    "1.12.1-recommended": "14.22.1.2478",
    "1.12.2-latest": "14.23.5.2864",
    "1.12.2-recommended": "14.23.5.2859",
    "1.13.2-latest": "25.0.223",
    "1.14.2-latest": "26.0.63",
    "1.14.3-latest": "27.0.60",
    "1.14.4-latest": "28.2.30",
    "1.14.4-recommended": "28.2.26",
    "1.15-latest": "29.0.4",
    "1.15.1-latest": "30.0.51",
    "1.15.2-latest": "31.2.62",
    "1.15.2-recommended": "31.2.57",
    "1.16.1-latest": "32.0.108",
    "1.16.2-latest": "33.0.61",
    "1.16.3-latest": "34.1.42",
    "1.16.3-recommended": "34.1.0",
    "1.16.4-latest": "35.1.37",
    "1.16.4-recommended": "35.1.4",
    "1.16.5-latest": "36.2.42",
    "1.16.5-recommended": "36.2.34",
    "1.17.1-latest": "37.1.1",
    "1.17.1-recommended": "37.1.1",
    "1.18-latest": "38.0.17",
    "1.18.1-latest": "39.1.2",
    "1.18.1-recommended": "39.1.0",
    "1.18.2-recommended": "40.3.0",
    "1.18.2-latest": "40.3.12",
    "1.19-latest": "41.1.0",
    "1.19-recommended": "41.1.0",
    "1.19.1-latest": "42.0.9",
    "1.19.2-recommended": "43.5.0",
    "1.19.2-latest": "43.5.2",
    "1.19.3-latest": "44.1.23",
    "1.19.3-recommended": "44.1.0",
    "1.19.4-recommended": "45.4.0",
    "1.19.4-latest": "45.4.3",
    "1.20-latest": "46.0.14",
    "1.20.1-recommended": "47.4.10",
    "1.20.1-latest": "47.4.22",
    "1.20.2-latest": "48.1.0",
    "1.20.2-recommended": "48.1.0",
    "1.20.3-latest": "49.0.2",
    "1.20.4-latest": "49.2.8",
    "1.20.4-recommended": "49.2.0",
    "1.20.6-latest": "50.2.10",
    "1.20.6-recommended": "50.2.0",
    "1.21-latest": "51.0.33",
    "1.21.1-latest": "52.1.16",
    "1.21.1-recommended": "52.1.0",
    "1.21.3-latest": "53.1.12",
    "1.21.3-recommended": "53.1.0",
    "1.21.4-latest": "54.1.18",
    "1.21.4-recommended": "54.1.14",
    "1.21.5-latest": "55.1.13",
    "1.21.5-recommended": "55.1.0",
    "1.21.6-latest": "56.0.9",
    "1.21.7-latest": "57.0.3",
    "1.21.8-latest": "58.1.22",
    "1.21.8-recommended": "58.1.0",
    "1.21.9-latest": "59.0.5",
    "1.21.10-latest": "60.1.15",
    "1.21.10-recommended": "60.1.0",
    "1.21.11-latest": "61.2.1",
    "1.21.11-recommended": "61.2.0",
    "26.1-latest": "62.0.9",
    "26.1.1-latest": "63.0.2",
    "26.1.2-latest": "64.1.1",
    "26.1.2-recommended": "64.1.0",
    "26.2-latest": "65.1.2",
    "26.2-recommended": "65.1.0"
  }
}
[19Aug2026 16:50:53.596] [Forge Version Check/INFO] [net.minecraftforge.fml.VersionChecker/]: [forge] Found status: OUTDATED Current: 47.3.7 Target: 47.4.10
[19Aug2026 16:50:53.596] [Forge Version Check/INFO] [net.minecraftforge.fml.VersionChecker/]: [securitycraft] Starting version check at https://www.github.com/Geforce132/SecurityCraft/raw/master/Updates/Forge.json
[19Aug2026 16:50:53.657] [Forge Version Check/DEBUG] [net.minecraftforge.fml.VersionChecker/]: [securitycraft] Received version check data:
{
    "homepage": "https://www.curseforge.com/minecraft/mc-mods/security-craft/",
    "promos": {
        "1.7.10-latest": "v1.8.13",
        "1.7.10-recommended": "v1.8.13",
        "1.8-latest": "v1.8.12.1",
        "1.8-recommended": "v1.8.12.1",
        "1.8.8-latest": "v1.8.12.1",
        "1.8.8-recommended": "v1.8.12.1",
        "1.8.9-latest": "v1.8.12.1",
        "1.8.9-recommended": "v1.8.12.1",
        "1.9.4-latest": "v1.8.12",
        "1.9.4-recommended": "v1.8.12",
        "1.10.2-latest": "v1.8.12",
        "1.10.2-recommended": "v1.8.12",
        "1.11.2-latest": "v1.8.12.1",
        "1.11.2-recommended": "v1.8.12.1",
        "1.12-latest": "v1.8.8.1",
        "1.12-recommended": "v1.8.8.1",
        "1.12.1-latest": "v1.8.8.1",
        "1.12.1-recommended": "v1.8.8.1",
        "1.12.2-latest": "v1.10.1",
        "1.12.2-recommended": "v1.10.1",
        "1.13.2-latest": "v1.8.13",
        "1.13.2-recommended": "v1.8.13",
        "1.14.3-latest": "v1.8.12-beta2",
        "1.14.3-recommended": "v1.8.12-beta2",
        "1.14.4-latest": "v1.8.22.2",
        "1.14.4-recommended": "v1.8.22.2",
        "1.15.1-latest": "v1.8.15-beta2",
        "1.15.1-recommended": "v1.8.15-beta2",
        "1.15.2-latest": "v1.9.1",
        "1.15.2-recommended": "v1.9.1",
        "1.16.1-latest": "v1.8.19.3",
        "1.16.1-recommended": "v1.8.19.3",
        "1.16.2-latest": "v1.8.19.3",
        "1.16.2-recommended": "v1.8.19.3",
        "1.16.3-latest": "v1.8.21.1",
        "1.16.3-recommended": "v1.8.21.1",
        "1.16.4-latest": "v1.8.21.1",
        "1.16.4-recommended": "v1.8.21.1",
        "1.16.5-latest": "v1.10.1",
        "1.16.5-recommended": "v1.10.1",
        "1.17.1-latest": "1.9.5",
        "1.17.1-recommended": "1.9.5",
        "1.18.1-latest": "1.9.0.2-beta1",
        "1.18.1-recommended": "1.9.0.2-beta1",
        "1.18.2-latest": "1.10.1",
        "1.18.2-recommended": "1.10.1",
        "1.19-latest": "1.9.3.1",
        "1.19-recommended": "1.9.3.1",
        "1.19.1-latest": "1.9.3.1",
        "1.19.1-recommended": "1.9.3.1",
        "1.19.2-latest": "1.9.6.1",
        "1.19.2-recommended": "1.9.6.1",
        "1.19.3-latest": "1.9.8",
        "1.19.3-recommended": "1.9.8",
        "1.19.4-latest": "1.10.1",
        "1.19.4-recommended": "1.10.1",
        "1.20-latest": "1.9.7-beta2",
        "1.20-recommended": "1.9.7-beta2",
        "1.20.2-latest": "1.9.9",
        "1.20.2-recommended": "1.9.9",
        "1.20.4-latest": "1.10.1",
        "1.20.4-recommended": "1.10.1",
        "1.20.6-latest": "1.10.1",
        "1.20.6-recommended": "1.10.1",
        "1.21-latest": "1.9.10-beta7",
        "1.21-recommended": "1.9.10-beta7",
        "1.21.2-latest": "1.9.11-beta2",
        "1.21.2-recommended": "1.9.11-beta2",
        "1.21.3-latest": "1.10.1",
        "1.21.3-recommended": "1.10.1",
        "1.21.4-latest": "1.10.1",
        "1.21.4-recommended": "1.10.1",
        "1.21.5-latest": "1.10.1",
        "1.21.5-recommended": "1.10.1",
        "1.21.6-latest": "1.10-beta3",
        "1.21.6-recommended": "1.10-beta3",
        "1.21.7-latest": "1.10-beta1",
        "1.21.7-recommended": "1.10-beta1",
        "1.21.8-latest": "1.10.2.1",
        "1.21.8-recommended": "1.10.2.1",
        "26.1-latest": "1.10.1-beta1",
        "26.1-recommended": "1.10.1-beta1",
        "26.1.1-latest": "1.10.1-beta2",
        "26.1.1-recommended": "1.10.1-beta2",

        "1.20.1-latest": "1.10.2.1",
        "1.20.1-recommended": "1.10.2.1",
        "1.21.1-latest": "1.10.2.1",
        "1.21.1-recommended": "1.10.2.1",
        "1.21.10-latest": "1.10.2.1",
        "1.21.10-recommended": "1.10.2.1",
        "1.21.11-latest": "1.10.2.1",
        "1.21.11-recommended": "1.10.2.1",
        "26.1.2-latest": "1.10.2.1",
        "26.1.2-recommended": "1.10.2.1",
        "26.2-latest": "1.10.2.1",
        "26.2-recommended": "1.10.2.1"
    },
    "1.7.10": {
        "v1.8.13": "https://github.com/Geforce132/SecurityCraft/blob/eol/1.7.10/Changelog%20v1.8.x.md"
    },
    "1.8": {
        "v1.8.12": "https://github.com/Geforce132/SecurityCraft/blob/eol/1.8/Changelog%20v1.8.x.md"
    },
    "1.8.8": {
        "v1.8.12.1": "https://github.com/Geforce132/SecurityCraft/blob/eol/1.8.9/Changelog%20v1.8.x.md"
    },
    "1.8.9": {
        "v1.8.12.1": "https://github.com/Geforce132/SecurityCraft/blob/eol/1.8.9/Changelog%20v1.8.x.md"
    },
    "1.9.4": {
        "v1.8.12": "https://github.com/Geforce132/SecurityCraft/blob/eol/1.9.4/Changelog%20v1.8.x.md"
    },
    "1.10.2": {
        "v1.8.12": "https://github.com/Geforce132/SecurityCraft/blob/eol/1.10.2/Changelog%20v1.8.x.md"
    },
    "1.11.2": {
        "v1.8.12.1": "https://github.com/Geforce132/SecurityCraft/blob/eol/1.11.2/Changelog%20v1.8.x.md"
    },
    "1.12": {
        "v1.8.8.1": "https://github.com/Geforce132/SecurityCraft/blob/54061f84f188c33db291770e550c4c84a927194c/Changelog%20v1.8.x.md"
    },
    "1.12.1": {
        "v1.8.8.1": "https://github.com/Geforce132/SecurityCraft/blob/54061f84f188c33db291770e550c4c84a927194c/Changelog%20v1.8.x.md"
    },
    "1.12.2": {
        "v1.10.1": "https://github.com/Geforce132/SecurityCraft/blob/eol/1.12.2/Changelog.md"
    },
    "1.13.2": {
        "v1.8.13": "https://github.com/Geforce132/SecurityCraft/blob/eol/1.13.2/Changelog%20v1.8.x.md"
    },
    "1.14.3": {
        "v1.8.12-beta2": "https://github.com/Geforce132/SecurityCraft/blob/b20ce0945abdccb8f2b6abaea5d26c28d0a3b916/Changelog%20v1.8.x.md"
    },
    "1.14.4": {
        "v1.8.22.2": "https://github.com/Geforce132/SecurityCraft/blob/eol/1.14.4/Changelog%20v1.8.x.md"
    },
    "1.15.1": {
        "v1.8.15-beta2": "https://github.com/Geforce132/SecurityCraft/blob/04f414232af5250193ed610da93696a830584cc9/Changelog%20v1.8.x.md"
    },
    "1.15.2": {
        "v1.9.1": "https://github.com/Geforce132/SecurityCraft/blob/eol/1.15.2/Changelog.md"
    },
    "1.16.1": {
        "v1.8.19.3": "https://github.com/Geforce132/SecurityCraft/blob/eol/1.16.1/Changelog%20v1.8.x.md"
    },
    "1.16.2": {
        "v1.8.19.3": "https://github.com/Geforce132/SecurityCraft/blob/2c1c0868dd26f8870bae1b8c0d57041cab3ba897/Changelog%20v1.8.x.md"
    },
    "1.16.3": {
        "v1.8.21.1": "https://github.com/Geforce132/SecurityCraft/blob/44460188b9bf30b94f122ba362092cba5e76e0d2/Changelog%20v1.8.x.md"
    },
    "1.16.4": {
        "v1.8.21.1": "https://github.com/Geforce132/SecurityCraft/blob/44460188b9bf30b94f122ba362092cba5e76e0d2/Changelog%20v1.8.x.md"
    },
    "1.16.5": {
        "v1.10.1": "https://github.com/Geforce132/SecurityCraft/blob/eol/1.16.5/Changelog.md"
    },
    "1.17.1": {
        "1.9.5": "https://github.com/Geforce132/SecurityCraft/blob/eol/1.17.1/Changelog.md"
    },
    "1.18.1": {
        "1.9.0.2-beta1": "https://github.com/Geforce132/SecurityCraft/blob/eol/1.18.1/Changelog.md"
    },
    "1.18.2": {
        "1.10.1": "https://github.com/Geforce132/SecurityCraft/blob/eol/1.18.2/Changelog.md"
    },
    "1.19": {
        "1.9.3.1": "https://github.com/Geforce132/SecurityCraft/blob/eol/1.19/Changelog.md"
    },
    "1.19.1": {
        "1.9.3.1": "https://github.com/Geforce132/SecurityCraft/blob/c60edcc5881fc8ca4394bfeae3254ab0d693ab5e/Changelog.md"
    },
    "1.19.2": {
        "1.9.6.1": "https://github.com/Geforce132/SecurityCraft/blob/eol/1.19.2/Changelog.md"
    },
    "1.19.3": {
        "1.9.8": "https://github.com/Geforce132/SecurityCraft/blob/eol/1.19.3/Changelog.md"
    },
    "1.19.4": {
        "1.10.1": "https://github.com/Geforce132/SecurityCraft/blob/eol/1.19.4/Changelog.md"
    },
    "1.20": {
        "1.9.7-beta2": "https://github.com/Geforce132/SecurityCraft/blob/2e41d10948280cfdfe693e52c3580adf5f0cb18c/Changelog.md"
    },
    "1.20.2": {
        "1.9.9": "https://github.com/Geforce132/SecurityCraft/blob/eol/1.20.2/Changelog.md"
    },
    "1.20.4": {
        "1.10.1": "https://github.com/Geforce132/SecurityCraft/blob/eol/1.20.4/Changelog.md"
    },
    "1.20.6": {
        "1.10.1": "https://github.com/Geforce132/SecurityCraft/blob/eol/1.20.6/Changelog.md"
    },
    "1.21": {
        "1.9.10-beta7": "https://github.com/Geforce132/SecurityCraft/blob/a74d63ec9796e54c5bd8d22c18a320146560a753/Changelog.md"
    },
    "1.21.2": {
        "1.9.11-beta2": "https://github.com/Geforce132/SecurityCraft/blob/63c87ccbc661cecac0e75d54b81b571a3d17a29e/Changelog.md"
    },
    "1.21.3": {
        "1.10.1": "https://github.com/Geforce132/SecurityCraft/blob/eol/1.21.3/Changelog.md"
    },
    "1.21.4": {
        "1.10.1": "https://github.com/Geforce132/SecurityCraft/blob/eol/1.21.4/Changelog.md"
    },
    "1.21.5": {
        "1.10.1": "https://github.com/Geforce132/SecurityCraft/blob/eol/1.21.5/Changelog.md"
    },
    "1.21.6": {
        "1.10-beta3": "https://github.com/Geforce132/SecurityCraft/blob/eol/1.21.6/Changelog.md"
    },
    "1.21.7": {
        "1.10-beta1": "https://github.com/Geforce132/SecurityCraft/blob/eol/1.21.7/Changelog.md"
    },
    "1.21.8": {
        "1.10.2.1": "https://github.com/Geforce132/SecurityCraft/blob/1.21.8/Changelog.md"
    },
    "26.1": {
        "1.10.1-beta1": "https://github.com/Geforce132/SecurityCraft/blob/3530e3135264e6f50f5d80b66c18b62540250f2b/Changelog.md"
    },
    "26.1.1": {
        "1.10.1-beta2": "https://github.com/Geforce132/SecurityCraft/blob/fdc8e004b6dad213880d5b03d4562a5568b5c5f8/Changelog.md"
    },

    "1.20.1": {
        "1.10.2.1": "https://github.com/Geforce132/SecurityCraft/blob/1.20.1/Changelog.md"
    },
    "1.21.1": {
        "1.10.2.1": "https://github.com/Geforce132/SecurityCraft/blob/1.21.1/Changelog.md"
    },
    "1.21.10": {
        "1.10.2.1": "https://github.com/Geforce132/SecurityCraft/blob/1.21.10/Changelog.md"
    },
    "1.21.11": {
        "1.10.2.1": "https://github.com/Geforce132/SecurityCraft/blob/1.21.11/Changelog.md"
    },
    "26.1.2": {
        "1.10.2.1": "https://github.com/Geforce132/SecurityCraft/blob/26.1/Changelog.md"
    },
    "26.2": {
        "1.10.2.1": "https://github.com/Geforce132/SecurityCraft/blob/26.1/Changelog.md"
    }
}
[19Aug2026 16:50:53.658] [Forge Version Check/INFO] [net.minecraftforge.fml.VersionChecker/]: [securitycraft] Found status: OUTDATED Current: 1.9.8 Target: 1.10.2.1
[19Aug2026 16:50:53.659] [Forge Version Check/INFO] [net.minecraftforge.fml.VersionChecker/]: [mr_dungeons_andtaverns] Starting version check at https://api.modrinth.com/updates/tpehi7ww/forge_updates.json
[19Aug2026 16:50:53.756] [Forge Version Check/DEBUG] [net.minecraftforge.fml.VersionChecker/]: [mr_dungeons_andtaverns] Received version check data:
{"homepage":"https://modrinth.com/mod/tpehi7ww","promos":{"1.21.2-latest":"v4.5+mod","1.20.6-recommended":"3.2+mod","1.21.11-recommended":"v5.1.0+mod","1.21.2-recommended":"v4.5+mod","26.2-recommended":"5.3.0+mod","1.20.3-recommended":"3.1.1+mod","26.1.1-recommended":"5.2.0+mod","1.21.4-latest":"v4.6.3+mod","1.21-latest":"v4.4.4+mod","1.21.11-latest":"v5.1.0+mod","1.20.1-latest":"3.0.3.f+mod","1.19.3-recommended":"2.0.2+mod","1.21.9-recommended":"v5.0.4+mod","1.21.3-latest":"v4.5+mod","1.20-recommended":"3.0.3.f+mod","1.19.2-recommended":"2.0.2+mod","1.21.10-latest":"v5.0.4+mod","1.19.4-recommended":"2.0.2+mod","1.21.7-recommended":"v4.7.3+mod","1.21.8-recommended":"v4.7.3+mod","1.20-latest":"3.0.3.f+mod","1.21.6-recommended":"v4.7.3+mod","1.21.1-latest":"v4.4.4+mod","1.19.3-latest":"2.0.2+mod","26.1-latest":"5.2.0+mod","1.21.8-latest":"v4.7.3+mod","1.20.5-recommended":"3.2+mod","1.20.4-latest":"3.1.1+mod","1.19.4-latest":"2.0.2+mod","1.21.1-recommended":"v4.4.4+mod","1.21.10-recommended":"v5.0.4+mod","1.20.6-latest":"3.2+mod","26.2-latest":"5.3.0+mod","1.20.2-recommended":"3.0.3.f+mod","1.19.1-recommended":"2.0.2+mod","1.21.9-latest":"v5.0.4+mod","1.20.5-latest":"3.2+mod","1.21.3-recommended":"v4.5+mod","1.19-recommended":"2.0.2+mod","1.21.5-latest":"v4.7.3+mod","1.21.6-latest":"v4.7.3+mod","1.21.7-latest":"v4.7.3+mod","1.20.3-latest":"3.1.1+mod","1.21.10-rc1-latest":"v5.0.0+mod","1.20.1-recommended":"3.0.3.f+mod","26.1.2-recommended":"5.2.0+mod","1.21-recommended":"v4.4.4+mod","26.1-recommended":"5.2.0+mod","1.20.2-latest":"3.0.3.f+mod","26.1.2-latest":"5.2.0+mod","1.20.4-recommended":"3.1.1+mod","1.19.1-latest":"2.0.2+mod","26.1.1-latest":"5.2.0+mod","1.21.10-rc1-recommended":"v5.0.0+mod","1.19.2-latest":"2.0.2+mod","1.19-latest":"2.0.2+mod","1.21.4-recommended":"v4.6.3+mod","1.21.5-recommended":"v4.7.3+mod"}}
[19Aug2026 16:50:53.756] [Forge Version Check/INFO] [net.minecraftforge.fml.VersionChecker/]: [mr_dungeons_andtaverns] Found status: OUTDATED Current: 3.0.3.f Target: 3.0.3.f+mod
[19Aug2026 16:50:53.756] [Forge Version Check/INFO] [net.minecraftforge.fml.VersionChecker/]: [tombstone] Starting version check at https://raw.githubusercontent.com/Corail31/tombstone_lite/master/update.json
[19Aug2026 16:50:53.771] [Forge Version Check/DEBUG] [net.minecraftforge.fml.VersionChecker/]: [tombstone] Received version check data:
{
	"homepage": "https://modrinth.com/mod/corail-tombstone",
	"promos": {
		"26.2-latest": "9.9.3",
		"26.2-recommended": "9.9.3",
		"26.1.2-latest": "9.8.3",
		"26.1.2-recommended": "9.8.3",
		"1.21.11-latest": "9.7.1",
		"1.21.11-recommended": "9.7.1",
		"1.21.10-latest": "9.6.2",
		"1.21.10-recommended": "9.6.2",
		"1.21.9-latest": "9.6.2",
		"1.21.9-recommended": "9.6.2",
		"1.21.8-latest": "9.5.11",
		"1.21.8-recommended": "9.5.11",
		"1.21.7-latest": "9.5.11",
		"1.21.7-recommended": "9.5.11",
		"1.21.6-latest": "9.5.1",
		"1.21.6-recommended": "9.5.1",
		"1.21.5-latest": "9.4.3",
		"1.21.5-recommended": "9.4.3",
		"1.21.4-latest": "9.3.9",
		"1.21.4-recommended": "9.3.9",
		"1.21.3-latest": "9.2.4",
		"1.21.3-recommended": "9.2.4",
		"1.21.1-latest": "9.1.10",
		"1.21.1-recommended": "9.1.10",
		"1.20.4-latest": "8.6.4",
		"1.20.4-recommended": "8.6.4",
		"1.20.2-latest": "8.6.3",
		"1.20.2-recommended": "8.6.3",
		"1.20.1-latest": "9.1.4",
		"1.20.1-recommended": "9.1.4",
		"1.19.4-latest": "8.4.2",
		"1.19.4-recommended": "8.4.2",
		"1.19.3-latest": "8.3.2",
		"1.19.3-recommended": "8.3.2",
		"1.19.2-latest": "8.4.0",
		"1.19.2-recommended": "8.4.0",
		"1.19.1-latest": "8.1.0",
		"1.19.1-recommended": "8.1.0",
		"1.18.2-latest": "7.8.0",
		"1.18.2-recommended": "7.8.0",
		"1.18.1-latest": "7.4.1",
		"1.18.1-recommended": "7.4.1",
		"1.17.1-latest": "7.3.0",
		"1.17.1-recommended": "7.3.0",
		"1.16.5-latest": "7.0.0",
		"1.16.5-recommended": "7.0.0",
		"1.15.2-latest": "4.6.0",
		"1.15.2-recommended": "4.6.0",
		"1.14.4-latest": "4.3.6",
		"1.14.4-recommended": "4.3.6",
		"1.13.2-latest": "3.5.2",
		"1.13.2-recommended": "3.5.2",
		"1.12.2-latest": "4.8.0",
		"1.12.2-recommended": "4.8.0",
		"1.11.2-latest": "2.9.0.1",
		"1.11.2-recommended": "2.9.0.1",
		"1.10.2-latest": "2.9.4",
		"1.10.2-recommended": "2.9.4",
		"1.9.4-latest": "1.4.1",
		"1.9.4-recommended": "1.4.1",
		"1.8.9-latest": "1.4.1",
		"1.8.9-recommended": "1.4.1"
	},
	"26.2": {
		"9.9.3": "ritual flute interaction",
		"9.9.2": "new lore Nights of Nour",
		"9.9.1": "improvements",
		"9.9.0": "initial port"
	},
	"26.1.2": {
		"9.8.3": "new lore Nights of Nour",
		"9.8.2": "improvements"
	},
	"1.21.11": {
		"9.7.1": "final version"
	},
	"1.21.10": {
		"9.6.2": "final version"
	},
	"1.21.9": {
		"9.6.2": "final version"
	},
	"1.21.8": {
		"9.5.11": "final version"
	},
	"1.21.7": {
		"9.5.11": "final version"
	},
	"1.21.6": {
		"9.5.1": "final version"
	},
	"1.21.5": {
		"9.4.3": "final version"
	},
	"1.21.4": {
		"9.3.9": "final version"
	},
	"1.21.3": {
		"9.2.4": "final version"
	},
	"1.21.1": {
		"9.1.10": "final version"
	},
	"1.20.4": {
		"8.6.4": "final version"
	},
	"1.20.2": {
		"8.6.3": "final version"
	},
	"1.20.1": {
		"9.1.4": "ritual flute interaction",
		"9.1.3": "new lore Nights of Nour",
		"9.1.2": "data-driven trades",
		"9.1.1": "improvements"
	},
	"1.19.4": {
		"8.4.2": "final version"
	},
	"1.19.2": {
		"8.4.0": "final version"
	},
	"1.18.2": {
		"7.8.0": "final version"
	},
	"1.16.5": {
		"7.0.0": "final version"
	},
	"1.12.2": {
		"4.8.0": "final version"
	}
}
[19Aug2026 16:50:53.771] [Forge Version Check/INFO] [net.minecraftforge.fml.VersionChecker/]: [tombstone] Found status: OUTDATED Current: 9.0.9 Target: 9.1.4
[19Aug2026 16:50:53.771] [Forge Version Check/INFO] [net.minecraftforge.fml.VersionChecker/]: [puzzleslib] Starting version check at https://raw.githubusercontent.com/Fuzss/modresources/main/update/puzzleslib.json
[19Aug2026 16:50:53.778] [Forge Version Check/DEBUG] [net.minecraftforge.fml.VersionChecker/]: [puzzleslib] Received version check data:
{
    "homepage": "https://modrinth.com/mod/puzzles-lib",
    "promos": {
        "1.16.2-latest": "1.0.15",
        "1.16.2-recommended": "1.0.15",
        "1.16.3-latest": "1.0.15",
        "1.16.3-recommended": "1.0.15",
        "1.16.4-latest": "1.0.15",
        "1.16.4-recommended": "1.0.15",
        "1.16.5-latest": "1.0.15",
        "1.16.5-recommended": "1.0.15",
        "1.17.1-latest": "2.0.2",
        "1.17.1-recommended": "2.0.2",
        "1.18-latest": "3.2.1",
        "1.18-recommended": "3.2.1",
        "1.18.1-latest": "3.2.1",
        "1.18.1-recommended": "3.2.1",
        "1.18.2-latest": "3.5.10",
        "1.18.2-recommended": "3.5.10",
        "1.19-latest": "4.0.18",
        "1.19-recommended": "4.0.18",
        "1.19.1-latest": "4.2.4",
        "1.19.1-recommended": "4.2.4",
        "1.19.2-latest": "4.4.3",
        "1.19.2-recommended": "4.4.3",
        "1.19.3-latest": "5.0.33",
        "1.19.3-recommended": "5.0.33",
        "1.19.4-latest": "6.0.11",
        "1.19.4-recommended": "6.0.11",
        "1.20-latest": "7.0.9",
        "1.20-recommended": "7.0.9",
        "1.20.1-latest": "8.1.33",
        "1.20.1-recommended": "8.1.33",
        "1.20.4-latest": "20.4.53",
        "1.20.4-recommended": "20.4.53",
        "1.21-latest": "21.0.28",
        "1.21-recommended": "21.0.28",
        "1.21.1-latest": "21.1.52",
        "1.21.1-recommended": "21.1.52",
        "1.21.10-latest": "21.10.8",
        "1.21.10-recommended": "21.10.8",
        "1.21.11-latest": "21.11.1",
        "1.21.11-recommended": "21.11.1",
        "1.21.3-latest": "21.3.25",
        "1.21.3-recommended": "21.3.25",
        "1.21.4-latest": "21.4.14",
        "1.21.4-recommended": "21.4.14",
        "1.21.5-latest": "21.5.13",
        "1.21.5-recommended": "21.5.13",
        "1.21.6-latest": "21.6.6",
        "1.21.6-recommended": "21.6.6",
        "1.21.7-latest": "21.7.1",
        "1.21.7-recommended": "21.7.1",
        "1.21.8-latest": "21.8.9",
        "1.21.8-recommended": "21.8.9",
        "1.21.9-latest": "21.9.5",
        "1.21.9-recommended": "21.9.5"
    }
}
[19Aug2026 16:50:53.779] [Forge Version Check/INFO] [net.minecraftforge.fml.VersionChecker/]: [puzzleslib] Found status: UP_TO_DATE Current: 8.1.33 Target: null
[19Aug2026 16:50:53.843] [main/INFO] [com.mojang.authlib.yggdrasil.YggdrasilAuthenticationService/]: Environment: authHost='https://authserver.mojang.com', accountsHost='https://api.mojang.com', sessionHost='https://sessionserver.mojang.com', servicesHost='https://api.minecraftservices.com', name='PROD'
[19Aug2026 16:50:53.863] [main/DEBUG] [mixin/]: Mixing bugfix.removed_dimensions.LevelStorageSourceMixin from modernfix-modernfix.mixins.json into net.minecraft.world.level.storage.LevelStorageSource
[19Aug2026 16:50:54.216] [main/DEBUG] [mixin/]: Mixing perf.dynamic_dfu.DataFixTypesMixin from modernfix-modernfix.mixins.json into net.minecraft.util.datafix.DataFixTypes
[19Aug2026 16:50:54.242] [main/DEBUG] [mixin/]: Mixing VanillaPackResourcesAccessor from creativecore.mixins.json into net.minecraft.server.packs.VanillaPackResources
[19Aug2026 16:50:54.244] [main/WARN] [net.minecraft.server.packs.VanillaPackResourcesBuilder/]: Assets URL 'union:/workspaces/proyecto67/servidor_minecraft/libraries/net/minecraft/server/1.20.1-20230612.114412/server-1.20.1-20230612.114412-srg.jar%23217!/assets/.mcassetsroot' uses unexpected schema
[19Aug2026 16:50:54.245] [main/WARN] [net.minecraft.server.packs.VanillaPackResourcesBuilder/]: Assets URL 'union:/workspaces/proyecto67/servidor_minecraft/libraries/net/minecraft/server/1.20.1-20230612.114412/server-1.20.1-20230612.114412-srg.jar%23217!/data/.mcassetsroot' uses unexpected schema
[19Aug2026 16:50:54.270] [main/DEBUG] [mixin/]: Mixing WorldLoaderPackConfigMixin from blueprint.mixins.json into net.minecraft.server.WorldLoader$PackConfig
[19Aug2026 16:50:54.278] [main/DEBUG] [mixin/]: Mixing feature.measure_time.WorldLoaderMixin from modernfix-modernfix.mixins.json into net.minecraft.server.WorldLoader
[19Aug2026 16:50:54.278] [main/DEBUG] [mixin/]: Renaming synthetic method lambda$finishStopwatch$0(Lcom/google/common/base/Stopwatch;Ljava/lang/Object;Ljava/lang/Throwable;)V to md801402$lambda$finishStopwatch$0$0 in modernfix-modernfix.mixins.json:feature.measure_time.WorldLoaderMixin
[19Aug2026 16:50:54.279] [main/DEBUG] [mixin/]: Mixing core.WorldLoaderMixin from modernfix-modernfix.mixins.json into net.minecraft.server.WorldLoader
[19Aug2026 16:50:54.279] [main/DEBUG] [mixin/]: Renaming synthetic method lambda$trackEndReload$0(Ljava/lang/Object;)Ljava/lang/Object; to md801402$lambda$trackEndReload$0$1 in modernfix-modernfix.mixins.json:core.WorldLoaderMixin
[19Aug2026 16:50:54.279] [main/DEBUG] [mixin/]: Mixing WorldLoaderMixin from moonlight-common.mixins.json into net.minecraft.server.WorldLoader
[19Aug2026 16:50:54.295] [main/DEBUG] [mixin/]: Mixing perf.resourcepacks.ForgePathPackResourcesMixin from modernfix-modernfix.mixins.json into net.minecraftforge.resource.PathPackResources
[19Aug2026 16:50:54.295] [main/DEBUG] [mixin/]: Renaming synthetic method lambda$generateResourceCache$0(Lnet/minecraft/server/packs/PackType;)Ljava/nio/file/Path; to md801402$lambda$generateResourceCache$0$0 in modernfix-modernfix.mixins.json:perf.resourcepacks.ForgePathPackResourcesMixin
[19Aug2026 16:50:54.412] [main/DEBUG] [mixin/]: Mixing PathPackResourcesAccessor from creativecore.mixins.json into net.minecraft.server.packs.PathPackResources
[19Aug2026 16:50:54.418] [main/DEBUG] [net.minecraftforge.server.ServerLifecycleHooks/CORE]: Generating PackInfo named mod:kuma_api for mod file 
[19Aug2026 16:50:54.418] [main/DEBUG] [net.minecraftforge.server.ServerLifecycleHooks/CORE]: Generating PackInfo named mod:supermartijn642configlib for mod file /workspaces/proyecto67/servidor_minecraft/mods/supermartijn642configlib-1.1.8-forge-mc1.20.jar
[19Aug2026 16:50:54.418] [main/DEBUG] [net.minecraftforge.server.ServerLifecycleHooks/CORE]: Generating PackInfo named mod:trashslot for mod file /workspaces/proyecto67/servidor_minecraft/mods/trashslot-forge-1.20.1-15.1.5.jar
[19Aug2026 16:50:54.418] [main/DEBUG] [net.minecraftforge.server.ServerLifecycleHooks/CORE]: Generating PackInfo named mod:geckolib for mod file /workspaces/proyecto67/servidor_minecraft/mods/geckolib-forge-1.20.1-4.8.4.jar
[19Aug2026 16:50:54.419] [main/DEBUG] [net.minecraftforge.server.ServerLifecycleHooks/CORE]: Generating PackInfo named mod:playeranimator for mod file /workspaces/proyecto67/servidor_minecraft/mods/player-animation-lib-forge-1.0.2-rc1+1.20.jar
[19Aug2026 16:50:54.419] [main/DEBUG] [net.minecraftforge.server.ServerLifecycleHooks/CORE]: Generating PackInfo named mod:jei for mod file /workspaces/proyecto67/servidor_minecraft/mods/jei-1.20.1-forge-15.20.0.112.jar
[19Aug2026 16:50:54.419] [main/DEBUG] [net.minecraftforge.server.ServerLifecycleHooks/CORE]: Generating PackInfo named mod:xaerolib for mod file 
[19Aug2026 16:50:54.419] [main/DEBUG] [net.minecraftforge.server.ServerLifecycleHooks/CORE]: Generating PackInfo named mod:trender for mod file 
[19Aug2026 16:50:54.419] [main/DEBUG] [net.minecraftforge.server.ServerLifecycleHooks/CORE]: Generating PackInfo named mod:stalwart_dungeons for mod file /workspaces/proyecto67/servidor_minecraft/mods/stalwart-dungeons-1.20.1-1.2.8.jar
[19Aug2026 16:50:54.420] [main/DEBUG] [net.minecraftforge.server.ServerLifecycleHooks/CORE]: Generating PackInfo named mod:sophisticatedcore for mod file /workspaces/proyecto67/servidor_minecraft/mods/sophisticatedcore-1.20.1-1.3.74.2216.jar
[19Aug2026 16:50:54.420] [main/DEBUG] [net.minecraftforge.server.ServerLifecycleHooks/CORE]: Generating PackInfo named mod:ntgl for mod file /workspaces/proyecto67/servidor_minecraft/mods/ntgl-1.20.1-3.1.2.jar
[19Aug2026 16:50:54.420] [main/DEBUG] [net.minecraftforge.server.ServerLifecycleHooks/CORE]: Generating PackInfo named mod:waystones for mod file /workspaces/proyecto67/servidor_minecraft/mods/waystones-forge-1.20.1-14.1.20.jar
[19Aug2026 16:50:54.421] [main/DEBUG] [net.minecraftforge.server.ServerLifecycleHooks/CORE]: Generating PackInfo named mod:structureessentials for mod file /workspaces/proyecto67/servidor_minecraft/mods/structureessentials-1.20.1-5.0.jar
[19Aug2026 16:50:54.421] [main/DEBUG] [net.minecraftforge.server.ServerLifecycleHooks/CORE]: Generating PackInfo named mod:clumps for mod file /workspaces/proyecto67/servidor_minecraft/mods/Clumps-forge-1.20.1-12.0.0.4.jar
[19Aug2026 16:50:54.421] [main/DEBUG] [net.minecraftforge.server.ServerLifecycleHooks/CORE]: Generating PackInfo named mod:xaeroworldmap for mod file /workspaces/proyecto67/servidor_minecraft/mods/xaeroworldmap-forge-1.20.1-1.44.2.jar
[19Aug2026 16:50:54.421] [main/DEBUG] [net.minecraftforge.server.ServerLifecycleHooks/CORE]: Generating PackInfo named mod:placebo for mod file /workspaces/proyecto67/servidor_minecraft/mods/Placebo-1.20.1-8.6.3.jar
[19Aug2026 16:50:54.421] [main/DEBUG] [net.minecraftforge.server.ServerLifecycleHooks/CORE]: Generating PackInfo named mod:modernfix for mod file /workspaces/proyecto67/servidor_minecraft/mods/modernfix-forge-5.27.66+mc1.20.1.jar
[19Aug2026 16:50:54.421] [main/DEBUG] [net.minecraftforge.server.ServerLifecycleHooks/CORE]: Generating PackInfo named mod:citadel for mod file /workspaces/proyecto67/servidor_minecraft/mods/citadel-2.6.3-1.20.1.jar
[19Aug2026 16:50:54.422] [main/DEBUG] [net.minecraftforge.server.ServerLifecycleHooks/CORE]: Generating PackInfo named mod:alexsmobs for mod file /workspaces/proyecto67/servidor_minecraft/mods/alexsmobs-1.22.9.jar
[19Aug2026 16:50:54.422] [main/DEBUG] [net.minecraftforge.server.ServerLifecycleHooks/CORE]: Generating PackInfo named mod:naturescompass for mod file /workspaces/proyecto67/servidor_minecraft/mods/NaturesCompass-1.20.1-1.12.0-forge.jar
[19Aug2026 16:50:54.422] [main/DEBUG] [net.minecraftforge.server.ServerLifecycleHooks/CORE]: Generating PackInfo named mod:artifacts for mod file /workspaces/proyecto67/servidor_minecraft/mods/artifacts-forge-9.5.19.jar
[19Aug2026 16:50:54.422] [main/DEBUG] [net.minecraftforge.server.ServerLifecycleHooks/CORE]: Generating PackInfo named mod:sophisticatedbackpacks for mod file /workspaces/proyecto67/servidor_minecraft/mods/sophisticatedbackpacks-1.20.1-3.24.62.2017.jar
[19Aug2026 16:50:54.423] [main/DEBUG] [net.minecraftforge.server.ServerLifecycleHooks/CORE]: Generating PackInfo named mod:iceandfire for mod file /workspaces/proyecto67/servidor_minecraft/mods/iceandfire-2.1.13-1.20.1-beta-5.jar
[19Aug2026 16:50:54.423] [main/DEBUG] [net.minecraftforge.server.ServerLifecycleHooks/CORE]: Generating PackInfo named mod:bygonenether for mod file /workspaces/proyecto67/servidor_minecraft/mods/bygonenether-1.3.2-1.20.x.jar
[19Aug2026 16:50:54.423] [main/DEBUG] [net.minecraftforge.server.ServerLifecycleHooks/CORE]: Generating PackInfo named mod:balm for mod file /workspaces/proyecto67/servidor_minecraft/mods/balm-forge-1.20.1-7.3.42.jar
[19Aug2026 16:50:54.424] [main/DEBUG] [net.minecraftforge.server.ServerLifecycleHooks/CORE]: Generating PackInfo named mod:blueprint for mod file /workspaces/proyecto67/servidor_minecraft/mods/blueprint-1.20.1-7.1.4.jar
[19Aug2026 16:50:54.424] [main/DEBUG] [net.minecraftforge.server.ServerLifecycleHooks/CORE]: Generating PackInfo named mod:carryon for mod file /workspaces/proyecto67/servidor_minecraft/mods/carryon-forge-1.20.1-2.1.2.7.jar
[19Aug2026 16:50:54.424] [main/DEBUG] [net.minecraftforge.server.ServerLifecycleHooks/CORE]: Generating PackInfo named mod:puzzlesaccessapi for mod file 
[19Aug2026 16:50:54.424] [main/DEBUG] [net.minecraftforge.server.ServerLifecycleHooks/CORE]: Generating PackInfo named mod:cloth_config for mod file /workspaces/proyecto67/servidor_minecraft/mods/cloth-config-11.1.136-forge.jar
[19Aug2026 16:50:54.424] [main/DEBUG] [net.minecraftforge.server.ServerLifecycleHooks/CORE]: Generating PackInfo named mod:sound_physics_remastered for mod file /workspaces/proyecto67/servidor_minecraft/mods/sound-physics-remastered-forge-1.20.1-1.5.1.jar
[19Aug2026 16:50:54.425] [main/DEBUG] [net.minecraftforge.server.ServerLifecycleHooks/CORE]: Generating PackInfo named mod:forge for mod file /workspaces/proyecto67/servidor_minecraft/libraries/net/minecraftforge/forge/1.20.1-47.3.7/forge-1.20.1-47.3.7-universal.jar
[19Aug2026 16:50:54.425] [main/DEBUG] [net.minecraftforge.server.ServerLifecycleHooks/CORE]: Generating PackInfo named mod:ironchest for mod file /workspaces/proyecto67/servidor_minecraft/mods/ironchest-1.20.1-14.4.4.jar
[19Aug2026 16:50:54.425] [main/DEBUG] [net.minecraftforge.server.ServerLifecycleHooks/CORE]: Generating PackInfo named mod:endergetic for mod file /workspaces/proyecto67/servidor_minecraft/mods/endergetic-1.20.1-5.0.1.jar
[19Aug2026 16:50:54.425] [main/DEBUG] [net.minecraftforge.server.ServerLifecycleHooks/CORE]: Generating PackInfo named mod:alexscaves for mod file /workspaces/proyecto67/servidor_minecraft/mods/alexscaves-2.0.2.jar
[19Aug2026 16:50:54.425] [main/DEBUG] [net.minecraftforge.server.ServerLifecycleHooks/CORE]: Generating PackInfo named mod:littleframes for mod file /workspaces/proyecto67/servidor_minecraft/mods/LittleFrames_FORGE_v1.4.3_mc1.20.1.jar
[19Aug2026 16:50:54.425] [main/DEBUG] [net.minecraftforge.server.ServerLifecycleHooks/CORE]: Generating PackInfo named mod:terrablender for mod file /workspaces/proyecto67/servidor_minecraft/mods/TerraBlender-forge-1.20.1-3.0.1.10.jar
[19Aug2026 16:50:54.425] [main/DEBUG] [net.minecraftforge.server.ServerLifecycleHooks/CORE]: Generating PackInfo named mod:moonlight for mod file /workspaces/proyecto67/servidor_minecraft/mods/moonlight-1.20-2.16.34-forge.jar
[19Aug2026 16:50:54.460] [main/DEBUG] [net.minecraftforge.server.ServerLifecycleHooks/CORE]: Generating PackInfo named mod:biomesoplenty for mod file /workspaces/proyecto67/servidor_minecraft/mods/BiomesOPlenty-1.20.1-18.0.0.592.jar
[19Aug2026 16:50:54.460] [main/DEBUG] [net.minecraftforge.server.ServerLifecycleHooks/CORE]: Generating PackInfo named mod:mixinsquared for mod file 
[19Aug2026 16:50:54.460] [main/DEBUG] [net.minecraftforge.server.ServerLifecycleHooks/CORE]: Generating PackInfo named mod:jade for mod file /workspaces/proyecto67/servidor_minecraft/mods/Jade-1.20.1-Forge-11.13.3.jar
[19Aug2026 16:50:54.460] [main/DEBUG] [net.minecraftforge.server.ServerLifecycleHooks/CORE]: Generating PackInfo named mod:endrem for mod file /workspaces/proyecto67/servidor_minecraft/mods/endrem_forge-5.3.3-R-1.20.1.jar
[19Aug2026 16:50:54.460] [main/DEBUG] [net.minecraftforge.server.ServerLifecycleHooks/CORE]: Generating PackInfo named mod:creativecore for mod file /workspaces/proyecto67/servidor_minecraft/mods/CreativeCore_FORGE_v2.12.39_mc1.20.1.jar
[19Aug2026 16:50:54.461] [main/DEBUG] [net.minecraftforge.server.ServerLifecycleHooks/CORE]: Generating PackInfo named mod:chunky for mod file /workspaces/proyecto67/servidor_minecraft/mods/Chunky-1.3.146.jar
[19Aug2026 16:50:54.461] [main/DEBUG] [net.minecraftforge.server.ServerLifecycleHooks/CORE]: Generating PackInfo named mod:spectrelib for mod file 
[19Aug2026 16:50:54.461] [main/DEBUG] [net.minecraftforge.server.ServerLifecycleHooks/CORE]: Generating PackInfo named mod:supermartijn642corelib for mod file /workspaces/proyecto67/servidor_minecraft/mods/supermartijn642corelib-1.1.22-forge-mc1.20.1.jar
[19Aug2026 16:50:54.461] [main/DEBUG] [net.minecraftforge.server.ServerLifecycleHooks/CORE]: Generating PackInfo named mod:lionfishapi for mod file /workspaces/proyecto67/servidor_minecraft/mods/lionfishapi-3.0.jar
[19Aug2026 16:50:54.461] [main/DEBUG] [net.minecraftforge.server.ServerLifecycleHooks/CORE]: Generating PackInfo named mod:kotlinforforge for mod file 
[19Aug2026 16:50:54.461] [main/DEBUG] [net.minecraftforge.server.ServerLifecycleHooks/CORE]: Generating PackInfo named mod:cataclysm for mod file /workspaces/proyecto67/servidor_minecraft/mods/L_Enders_Cataclysm-3.31.jar
[19Aug2026 16:50:54.461] [main/DEBUG] [net.minecraftforge.server.ServerLifecycleHooks/CORE]: Generating PackInfo named mod:curios for mod file /workspaces/proyecto67/servidor_minecraft/mods/curios-forge-5.14.1+1.20.1.jar
[19Aug2026 16:50:54.461] [main/DEBUG] [net.minecraftforge.server.ServerLifecycleHooks/CORE]: Generating PackInfo named mod:patchouli for mod file /workspaces/proyecto67/servidor_minecraft/mods/Patchouli-1.20.1-85-FORGE.jar
[19Aug2026 16:50:54.461] [main/DEBUG] [net.minecraftforge.server.ServerLifecycleHooks/CORE]: Generating PackInfo named mod:xaerominimap for mod file /workspaces/proyecto67/servidor_minecraft/mods/xaerominimap-forge-1.20.1-26.4.2.jar
[19Aug2026 16:50:54.462] [main/DEBUG] [net.minecraftforge.server.ServerLifecycleHooks/CORE]: Generating PackInfo named mod:betterbiomeblend for mod file /workspaces/proyecto67/servidor_minecraft/mods/betterbiomeblend-forge-1.20.1-1.4.0.jar
[19Aug2026 16:50:54.462] [main/DEBUG] [net.minecraftforge.server.ServerLifecycleHooks/CORE]: Generating PackInfo named mod:polymorph for mod file /workspaces/proyecto67/servidor_minecraft/mods/polymorph-forge-0.49.10+1.20.1.jar
[19Aug2026 16:50:54.462] [main/DEBUG] [net.minecraftforge.server.ServerLifecycleHooks/CORE]: Generating PackInfo named mod:securitycraft for mod file /workspaces/proyecto67/servidor_minecraft/mods/[1.20.1] SecurityCraft v1.9.8.jar
[19Aug2026 16:50:54.463] [main/DEBUG] [net.minecraftforge.server.ServerLifecycleHooks/CORE]: Generating PackInfo named mod:mr_dungeons_andtaverns for mod file /workspaces/proyecto67/servidor_minecraft/mods/dungeons-and-taverns-3.0.3.f[Forge].jar
[19Aug2026 16:50:54.463] [main/DEBUG] [net.minecraftforge.server.ServerLifecycleHooks/CORE]: Generating PackInfo named mod:entityculling for mod file /workspaces/proyecto67/servidor_minecraft/mods/entityculling-forge-1.10.5-mc1.20.1.jar
[19Aug2026 16:50:54.463] [main/DEBUG] [net.minecraftforge.server.ServerLifecycleHooks/CORE]: Generating PackInfo named mod:tombstone for mod file /workspaces/proyecto67/servidor_minecraft/mods/tombstone-1.20.1-9.0.9.jar
[19Aug2026 16:50:54.464] [main/DEBUG] [net.minecraftforge.server.ServerLifecycleHooks/CORE]: Generating PackInfo named mod:immediatelyfast for mod file /workspaces/proyecto67/servidor_minecraft/mods/ImmediatelyFast-Forge-1.5.5+1.20.4.jar
[19Aug2026 16:50:54.464] [main/DEBUG] [net.minecraftforge.server.ServerLifecycleHooks/CORE]: Generating PackInfo named mod:coroutil for mod file /workspaces/proyecto67/servidor_minecraft/mods/coroutil-forge-1.20.1-1.3.7.jar
[19Aug2026 16:50:54.465] [main/DEBUG] [net.minecraftforge.server.ServerLifecycleHooks/CORE]: Generating PackInfo named mod:fastfurnace for mod file /workspaces/proyecto67/servidor_minecraft/mods/FastFurnace-1.20.1-8.0.2.jar
[19Aug2026 16:50:54.465] [main/DEBUG] [net.minecraftforge.server.ServerLifecycleHooks/CORE]: Generating PackInfo named mod:architectury for mod file /workspaces/proyecto67/servidor_minecraft/mods/architectury-9.2.14-forge.jar
[19Aug2026 16:50:54.469] [main/DEBUG] [net.minecraftforge.server.ServerLifecycleHooks/CORE]: Generating PackInfo named mod:skin_changer for mod file /workspaces/proyecto67/servidor_minecraft/mods/skin_changer-forge-1.20.1-0.6.6.jar
[19Aug2026 16:50:54.469] [main/DEBUG] [net.minecraftforge.server.ServerLifecycleHooks/CORE]: Generating PackInfo named mod:ferritecore for mod file /workspaces/proyecto67/servidor_minecraft/mods/ferritecore-6.0.1-forge.jar
[19Aug2026 16:50:54.469] [main/DEBUG] [net.minecraftforge.server.ServerLifecycleHooks/CORE]: Generating PackInfo named mod:cupboard for mod file /workspaces/proyecto67/servidor_minecraft/mods/cupboard-1.20.1-3.9.jar
[19Aug2026 16:50:54.469] [main/DEBUG] [net.minecraftforge.server.ServerLifecycleHooks/CORE]: Generating PackInfo named mod:transition for mod file 
[19Aug2026 16:50:54.470] [main/DEBUG] [net.minecraftforge.server.ServerLifecycleHooks/CORE]: Generating PackInfo named mod:refurbished_furniture for mod file /workspaces/proyecto67/servidor_minecraft/mods/refurbished_furniture-forge-1.20.1-1.0.20.jar
[19Aug2026 16:50:54.470] [main/DEBUG] [net.minecraftforge.server.ServerLifecycleHooks/CORE]: Generating PackInfo named mod:puzzleslib for mod file /workspaces/proyecto67/servidor_minecraft/mods/PuzzlesLib-v8.1.33-1.20.1-Forge.jar
[19Aug2026 16:50:54.470] [main/DEBUG] [net.minecraftforge.server.ServerLifecycleHooks/CORE]: Generating PackInfo named mod:framework for mod file /workspaces/proyecto67/servidor_minecraft/mods/framework-forge-1.20.1-0.8.0.jar
[19Aug2026 16:50:54.470] [main/DEBUG] [net.minecraftforge.server.ServerLifecycleHooks/CORE]: Generating PackInfo named mod:expandability for mod file 
[19Aug2026 16:50:54.532] [main/DEBUG] [ModernFix/]: Generated cache for /assets in 21.68 ms
[19Aug2026 16:50:54.534] [main/DEBUG] [ModernFix/]: Generated cache for /assets in 1.806 ms
[19Aug2026 16:50:54.549] [main/DEBUG] [ModernFix/]: Generated cache for /assets in 113.6 μs
[19Aug2026 16:50:54.555] [main/DEBUG] [ModernFix/]: Generated cache for /assets in 322.6 μs
[19Aug2026 16:50:54.641] [main/DEBUG] [ModernFix/]: Generated cache for /assets in 86.45 ms
[19Aug2026 16:50:54.659] [main/DEBUG] [ModernFix/]: Generated cache for /assets in 1.629 ms
[19Aug2026 16:50:54.660] [main/DEBUG] [ModernFix/]: Generated cache for /assets in 907.3 μs
[19Aug2026 16:50:54.661] [main/DEBUG] [ModernFix/]: Generated cache for /assets in 580.2 μs
[19Aug2026 16:50:54.663] [main/DEBUG] [ModernFix/]: Generated cache for /assets in 948.4 μs
[19Aug2026 16:50:54.669] [main/DEBUG] [ModernFix/]: Generated cache for /assets in 4.932 ms
[19Aug2026 16:50:54.670] [main/DEBUG] [ModernFix/]: Generated cache for /assets in 640.3 μs
[19Aug2026 16:50:54.674] [main/DEBUG] [ModernFix/]: Generated cache for /assets in 4.394 ms
[19Aug2026 16:50:54.679] [main/DEBUG] [ModernFix/]: Generated cache for /assets in 4.152 ms
[19Aug2026 16:50:54.742] [main/DEBUG] [ModernFix/]: Generated cache for /assets in 62.57 ms
[19Aug2026 16:50:54.743] [main/DEBUG] [ModernFix/]: Generated cache for /assets in 185.2 μs
[19Aug2026 16:50:54.747] [main/DEBUG] [ModernFix/]: Generated cache for /assets in 3.871 ms
[19Aug2026 16:50:54.748] [main/DEBUG] [ModernFix/]: Generated cache for /assets in 255.0 μs
[19Aug2026 16:50:54.749] [main/DEBUG] [ModernFix/]: Generated cache for /assets in 378.9 μs
[19Aug2026 16:50:54.749] [main/DEBUG] [ModernFix/]: Generated cache for /assets in 148.8 μs
[19Aug2026 16:50:54.750] [main/DEBUG] [ModernFix/]: Generated cache for /assets in 534.1 μs
[19Aug2026 16:50:54.755] [main/DEBUG] [ModernFix/]: Generated cache for /assets in 4.510 ms
[19Aug2026 16:50:54.758] [main/DEBUG] [ModernFix/]: Generated cache for /assets in 3.142 ms
[19Aug2026 16:50:54.786] [main/DEBUG] [ModernFix/]: Generated cache for /assets in 28.22 ms
[19Aug2026 16:50:54.792] [main/DEBUG] [ModernFix/]: Generated cache for /assets in 5.202 ms
[19Aug2026 16:50:54.832] [main/DEBUG] [ModernFix/]: Generated cache for /assets in 39.35 ms
[19Aug2026 16:50:54.853] [main/DEBUG] [ModernFix/]: Generated cache for /assets in 20.25 ms
[19Aug2026 16:50:54.853] [main/DEBUG] [ModernFix/]: Generated cache for /assets in 90.08 μs
[19Aug2026 16:50:54.854] [main/DEBUG] [ModernFix/]: Generated cache for /assets in 404.6 μs
[19Aug2026 16:50:54.854] [main/DEBUG] [ModernFix/]: Generated cache for /assets in 177.3 μs
[19Aug2026 16:50:54.861] [main/DEBUG] [ModernFix/]: Generated cache for /assets in 6.546 ms
[19Aug2026 16:50:54.908] [main/DEBUG] [ModernFix/]: Generated cache for /assets in 46.40 ms
[19Aug2026 16:50:54.915] [main/DEBUG] [ModernFix/]: Generated cache for /assets in 7.055 ms
[19Aug2026 16:50:54.917] [main/DEBUG] [ModernFix/]: Generated cache for /assets in 1.292 ms
[19Aug2026 16:50:54.919] [main/DEBUG] [ModernFix/]: Generated cache for /assets in 1.886 ms
[19Aug2026 16:50:54.920] [main/DEBUG] [ModernFix/]: Generated cache for /assets in 395.6 μs
[19Aug2026 16:50:54.921] [main/DEBUG] [ModernFix/]: Generated cache for /assets in 799.5 μs
[19Aug2026 16:50:54.922] [main/DEBUG] [ModernFix/]: Generated cache for /assets in 319.5 μs
[19Aug2026 16:50:54.923] [main/DEBUG] [ModernFix/]: Generated cache for /assets in 559.3 μs
[19Aug2026 16:50:54.967] [main/DEBUG] [ModernFix/]: Generated cache for /assets in 44.48 ms
[19Aug2026 16:50:54.987] [main/DEBUG] [ModernFix/]: Generated cache for /assets in 19.64 ms
[19Aug2026 16:50:54.988] [main/DEBUG] [ModernFix/]: Generated cache for /assets in 269.6 μs
[19Aug2026 16:50:54.989] [main/DEBUG] [ModernFix/]: Generated cache for /assets in 835.8 μs
[19Aug2026 16:50:54.990] [main/DEBUG] [ModernFix/]: Generated cache for /assets in 193.7 μs
[19Aug2026 16:50:54.990] [main/DEBUG] [ModernFix/]: Generated cache for /assets in 90.91 μs
[19Aug2026 16:50:54.991] [main/DEBUG] [ModernFix/]: Generated cache for /assets in 532.2 μs
[19Aug2026 16:50:54.992] [main/DEBUG] [ModernFix/]: Generated cache for /assets in 867.8 μs
[19Aug2026 16:50:54.992] [main/DEBUG] [ModernFix/]: Generated cache for /assets in 115.1 μs
[19Aug2026 16:50:54.993] [main/DEBUG] [ModernFix/]: Generated cache for /assets in 574.1 μs
[19Aug2026 16:50:54.993] [main/DEBUG] [ModernFix/]: Generated cache for /assets in 214.2 μs
[19Aug2026 16:50:54.994] [main/DEBUG] [ModernFix/]: Generated cache for /assets in 146.4 μs
[19Aug2026 16:50:54.994] [main/DEBUG] [ModernFix/]: Generated cache for /assets in 38.75 μs
[19Aug2026 16:50:54.994] [main/DEBUG] [ModernFix/]: Generated cache for /assets in 54.50 μs
[19Aug2026 16:50:54.994] [main/DEBUG] [ModernFix/]: Generated cache for /assets in 89.05 μs
[19Aug2026 16:50:54.995] [main/INFO] [com.teamabnormals.blueprint.core.Blueprint/]: Successfully loaded 0 data remolders!
[19Aug2026 16:50:55.661] [main/DEBUG] [mixin/]: Mixing ModifyStructureSettingsMixin from structureessentials.mixins.json into net.minecraftforge.common.world.ModifiableStructureInfo
[19Aug2026 16:50:56.125] [main/DEBUG] [mixin/]: Mixing bugfix.registry_ops_cme.RegistryOpsMemoizedMixin from modernfix-modernfix.mixins.json into net.minecraft.resources.RegistryOps$1
[19Aug2026 16:50:56.151] [main/DEBUG] [mixin/]: Mixing PrimaryLevelDataMixin from citadel.mixins.json into net.minecraft.world.level.storage.PrimaryLevelData
[19Aug2026 16:50:56.152] [main/DEBUG] [mixin/]: Mixing MixinPrimaryLevelData from terrablender.mixins.json into net.minecraft.world.level.storage.PrimaryLevelData
[19Aug2026 16:50:56.256] [main/DEBUG] [mixin/]: Mixing LocateCommandMixin from structureessentials.mixins.json into net.minecraft.server.commands.LocateCommand
[19Aug2026 16:50:56.392] [main/DEBUG] [net.minecraftforge.coremod.transformer.CoreModBaseTransformer/COREMOD]: Transforming net/minecraft/server/commands/SummonCommand
[19Aug2026 16:50:56.548] [main/DEBUG] [mixin/]: Mixing perf.potential_spawns_alloc.ForgeEventFactoryMixin from modernfix-modernfix.mixins.json into net.minecraftforge.event.ForgeEventFactory
[19Aug2026 16:50:56.548] [main/DEBUG] [mixin/]: Mixing ForgeEventFactoryMixin from blueprint.mixins.json into net.minecraftforge.event.ForgeEventFactory
[19Aug2026 16:50:56.634] [main/DEBUG] [mixin/]: Mixing debug.TagLoaderMixin from mixins.artifacts.common.json into net.minecraft.tags.TagLoader
[19Aug2026 16:50:56.635] [main/DEBUG] [mixin/]: Mixing TagLoaderMixin from supermartijn642corelib.mixins.json into net.minecraft.tags.TagLoader
[19Aug2026 16:50:56.654] [main/DEBUG] [mixin/]: Mixing feature.measure_time.AddReloadListenerEventWrapperMixin from modernfix-modernfix.mixins.json into net.minecraftforge.event.AddReloadListenerEvent$WrappedStateAwareListener
[19Aug2026 16:50:56.659] [main/INFO] [com.github.alexthe666.alexsmobs.AlexsMobs/]: Adding datapack listener capsid_recipes
[19Aug2026 16:50:56.676] [main/DEBUG] [mixin/]: Mixing feature.measure_time.SimpleReloadInstanceMixin from modernfix-modernfix.mixins.json into net.minecraft.server.packs.resources.SimpleReloadInstance
[19Aug2026 16:50:56.677] [main/DEBUG] [mixin/]: Mixing SimpleReloadInstanceMixin from blueprint.mixins.json into net.minecraft.server.packs.resources.SimpleReloadInstance
[19Aug2026 16:50:56.814] [Worker-Main-3/WARN] [artifacts.Artifacts/]: Tag entries for curios:tags/items/magic_book.json cleared by tombstone-1.20.1-9.0.9.jar
[19Aug2026 16:50:56.890] [Worker-Main-3/ERROR] [net.minecraft.tags.TagLoader/]: Couldn't load tag quark:vertical_slab as it is missing following references: bygonenether:withered_blackstone_vertical_slab (from bygonenether-1.3.2-1.20.x.jar), 
	bygonenether:cracked_withered_blackstone_vertical_slab (from bygonenether-1.3.2-1.20.x.jar), 
	bygonenether:warped_nether_brick_vertical_slab (from bygonenether-1.3.2-1.20.x.jar)
[19Aug2026 16:50:56.901] [Worker-Main-1/ERROR] [net.minecraft.tags.TagLoader/]: Couldn't load tag quark:wraith_spawnable as it is missing following references: quark:soul_stone (from bygonenether-1.3.2-1.20.x.jar)
[19Aug2026 16:50:56.902] [Worker-Main-1/ERROR] [net.minecraft.tags.TagLoader/]: Couldn't load tag quark:vertical_slab as it is missing following references: bygonenether:withered_blackstone_vertical_slab (from bygonenether-1.3.2-1.20.x.jar), 
	bygonenether:cracked_withered_blackstone_vertical_slab (from bygonenether-1.3.2-1.20.x.jar), 
	bygonenether:warped_nether_brick_vertical_slab (from bygonenether-1.3.2-1.20.x.jar)
[19Aug2026 16:50:57.382] [Worker-Main-2/DEBUG] [mixin/]: Mixing MixinNbtPredicate from curios.mixins.json into net.minecraft.advancements.critereon.NbtPredicate
[19Aug2026 16:50:57.398] [Worker-Main-2/DEBUG] [net.minecraftforge.coremod.transformer.CoreModBaseTransformer/COREMOD]: Transforming net/minecraft/world/entity/raid/Raid
[19Aug2026 16:50:57.498] [Worker-Main-2/DEBUG] [mixin/]: Mixing MapDecorationTypeMixin from alexscaves.mixins.json into net.minecraft.world.level.saveddata.maps.MapDecoration$Type
[19Aug2026 16:50:57.499] [Worker-Main-2/DEBUG] [mixin/]: Renaming @Invoker method ac_invokeInit(Ljava/lang/String;IZIZ)Lnet/minecraft/world/level/saveddata/maps/MapDecoration$Type; to ac_invokeInit_$md$801402$0 in alexscaves.mixins.json:MapDecorationTypeMixin
[19Aug2026 16:50:57.751] [Worker-Main-2/ERROR] [net.minecraftforge.common.ForgeHooks/]: Couldn't parse element loot_tables:bygonenether:blocks/withered_blackstone_vertical_slab
java.lang.IllegalArgumentException: Can't find block bygonenether:withered_blackstone_vertical_slab
	at net.minecraft.world.level.storage.loot.predicates.LootItemBlockStatePropertyCondition$Serializer.m_81802_(LootItemBlockStatePropertyCondition.java:79) ~[server-1.20.1-20230612.114412-srg.jar%23217!/:?]
	at java.util.Optional.orElseThrow(Optional.java:403) ~[?:?]
	at net.minecraft.world.level.storage.loot.predicates.LootItemBlockStatePropertyCondition$Serializer.m_7561_(LootItemBlockStatePropertyCondition.java:79) ~[server-1.20.1-20230612.114412-srg.jar%23217!/:?]
	at net.minecraft.world.level.storage.loot.predicates.LootItemBlockStatePropertyCondition$Serializer.m_7561_(LootItemBlockStatePropertyCondition.java:68) ~[server-1.20.1-20230612.114412-srg.jar%23217!/:?]
	at net.minecraft.world.level.storage.loot.GsonAdapterFactory$JsonAdapter.deserialize(GsonAdapterFactory.java:102) ~[server-1.20.1-20230612.114412-srg.jar%23217!/:?]
	at com.google.gson.internal.bind.TreeTypeAdapter.read(TreeTypeAdapter.java:76) ~[gson-2.10.jar%2370!/:?]
	at com.google.gson.internal.bind.TypeAdapterRuntimeTypeWrapper.read(TypeAdapterRuntimeTypeWrapper.java:40) ~[gson-2.10.jar%2370!/:?]
	at com.google.gson.internal.bind.ArrayTypeAdapter.read(ArrayTypeAdapter.java:72) ~[gson-2.10.jar%2370!/:?]
	at com.google.gson.Gson.fromJson(Gson.java:1214) ~[gson-2.10.jar%2370!/:?]
	at com.google.gson.Gson.fromJson(Gson.java:1319) ~[gson-2.10.jar%2370!/:?]
	at com.google.gson.Gson.fromJson(Gson.java:1290) ~[gson-2.10.jar%2370!/:?]
	at com.google.gson.internal.bind.TreeTypeAdapter$GsonContextImpl.deserialize(TreeTypeAdapter.java:179) ~[gson-2.10.jar%2370!/:?]
	at net.minecraft.util.GsonHelper.m_13808_(GsonHelper.java:463) ~[server-1.20.1-20230612.114412-srg.jar%23217!/:?]
	at net.minecraft.util.GsonHelper.m_13845_(GsonHelper.java:481) ~[server-1.20.1-20230612.114412-srg.jar%23217!/:?]
	at net.minecraft.world.level.storage.loot.functions.LootItemConditionalFunction$Serializer.m_7561_(LootItemConditionalFunction.java:98) ~[server-1.20.1-20230612.114412-srg.jar%23217!/:?]
	at net.minecraft.world.level.storage.loot.functions.LootItemConditionalFunction$Serializer.m_7561_(LootItemConditionalFunction.java:88) ~[server-1.20.1-20230612.114412-srg.jar%23217!/:?]
	at net.minecraft.world.level.storage.loot.GsonAdapterFactory$JsonAdapter.deserialize(GsonAdapterFactory.java:102) ~[server-1.20.1-20230612.114412-srg.jar%23217!/:?]
	at com.google.gson.internal.bind.TreeTypeAdapter.read(TreeTypeAdapter.java:76) ~[gson-2.10.jar%2370!/:?]
	at com.google.gson.internal.bind.TypeAdapterRuntimeTypeWrapper.read(TypeAdapterRuntimeTypeWrapper.java:40) ~[gson-2.10.jar%2370!/:?]
	at com.google.gson.internal.bind.ArrayTypeAdapter.read(ArrayTypeAdapter.java:72) ~[gson-2.10.jar%2370!/:?]
	at com.google.gson.Gson.fromJson(Gson.java:1214) ~[gson-2.10.jar%2370!/:?]
	at com.google.gson.Gson.fromJson(Gson.java:1319) ~[gson-2.10.jar%2370!/:?]
	at com.google.gson.Gson.fromJson(Gson.java:1290) ~[gson-2.10.jar%2370!/:?]
	at com.google.gson.internal.bind.TreeTypeAdapter$GsonContextImpl.deserialize(TreeTypeAdapter.java:179) ~[gson-2.10.jar%2370!/:?]
	at net.minecraft.util.GsonHelper.m_13808_(GsonHelper.java:463) ~[server-1.20.1-20230612.114412-srg.jar%23217!/:?]
	at net.minecraft.util.GsonHelper.m_13845_(GsonHelper.java:481) ~[server-1.20.1-20230612.114412-srg.jar%23217!/:?]
	at net.minecraft.world.level.storage.loot.entries.LootPoolSingletonContainer$Serializer.m_5921_(LootPoolSingletonContainer.java:149) ~[server-1.20.1-20230612.114412-srg.jar%23217!/:?]
	at net.minecraft.world.level.storage.loot.entries.LootPoolSingletonContainer$Serializer.m_5921_(LootPoolSingletonContainer.java:129) ~[server-1.20.1-20230612.114412-srg.jar%23217!/:?]
	at net.minecraft.world.level.storage.loot.entries.LootPoolEntryContainer$Serializer.m_7561_(LootPoolEntryContainer.java:86) ~[server-1.20.1-20230612.114412-srg.jar%23217!/:?]
	at net.minecraft.world.level.storage.loot.entries.LootPoolEntryContainer$Serializer.m_7561_(LootPoolEntryContainer.java:74) ~[server-1.20.1-20230612.114412-srg.jar%23217!/:?]
	at net.minecraft.world.level.storage.loot.GsonAdapterFactory$JsonAdapter.deserialize(GsonAdapterFactory.java:102) ~[server-1.20.1-20230612.114412-srg.jar%23217!/:?]
	at com.google.gson.internal.bind.TreeTypeAdapter.read(TreeTypeAdapter.java:76) ~[gson-2.10.jar%2370!/:?]
	at com.google.gson.internal.bind.TypeAdapterRuntimeTypeWrapper.read(TypeAdapterRuntimeTypeWrapper.java:40) ~[gson-2.10.jar%2370!/:?]
	at com.google.gson.internal.bind.ArrayTypeAdapter.read(ArrayTypeAdapter.java:72) ~[gson-2.10.jar%2370!/:?]
	at com.google.gson.Gson.fromJson(Gson.java:1214) ~[gson-2.10.jar%2370!/:?]
	at com.google.gson.Gson.fromJson(Gson.java:1319) ~[gson-2.10.jar%2370!/:?]
	at com.google.gson.Gson.fromJson(Gson.java:1290) ~[gson-2.10.jar%2370!/:?]
	at com.google.gson.internal.bind.TreeTypeAdapter$GsonContextImpl.deserialize(TreeTypeAdapter.java:179) ~[gson-2.10.jar%2370!/:?]
	at net.minecraft.util.GsonHelper.m_13808_(GsonHelper.java:463) ~[server-1.20.1-20230612.114412-srg.jar%23217!/:?]
	at net.minecraft.util.GsonHelper.m_13836_(GsonHelper.java:471) ~[server-1.20.1-20230612.114412-srg.jar%23217!/:?]
	at net.minecraft.world.level.storage.loot.LootPool$Serializer.deserialize(LootPool.java:192) ~[server-1.20.1-20230612.114412-srg.jar%23217!/:?]
	at net.minecraft.world.level.storage.loot.LootPool$Serializer.deserialize(LootPool.java:189) ~[server-1.20.1-20230612.114412-srg.jar%23217!/:?]
	at com.google.gson.internal.bind.TreeTypeAdapter.read(TreeTypeAdapter.java:76) ~[gson-2.10.jar%2370!/:?]
	at com.google.gson.internal.bind.TypeAdapterRuntimeTypeWrapper.read(TypeAdapterRuntimeTypeWrapper.java:40) ~[gson-2.10.jar%2370!/:?]
	at com.google.gson.internal.bind.ArrayTypeAdapter.read(ArrayTypeAdapter.java:72) ~[gson-2.10.jar%2370!/:?]
	at com.google.gson.Gson.fromJson(Gson.java:1214) ~[gson-2.10.jar%2370!/:?]
	at com.google.gson.Gson.fromJson(Gson.java:1319) ~[gson-2.10.jar%2370!/:?]
	at com.google.gson.Gson.fromJson(Gson.java:1290) ~[gson-2.10.jar%2370!/:?]
	at com.google.gson.internal.bind.TreeTypeAdapter$GsonContextImpl.deserialize(TreeTypeAdapter.java:179) ~[gson-2.10.jar%2370!/:?]
	at net.minecraft.util.GsonHelper.m_13808_(GsonHelper.java:463) ~[server-1.20.1-20230612.114412-srg.jar%23217!/:?]
	at net.minecraft.util.GsonHelper.m_13845_(GsonHelper.java:481) ~[server-1.20.1-20230612.114412-srg.jar%23217!/:?]
	at net.minecraft.world.level.storage.loot.LootTable$Serializer.deserialize(LootTable.java:294) ~[server-1.20.1-20230612.114412-srg.jar%23217!/:?]
	at net.minecraft.world.level.storage.loot.LootTable$Serializer.deserialize(LootTable.java:291) ~[server-1.20.1-20230612.114412-srg.jar%23217!/:?]
	at com.google.gson.internal.bind.TreeTypeAdapter.read(TreeTypeAdapter.java:76) ~[gson-2.10.jar%2370!/:?]
	at com.google.gson.Gson.fromJson(Gson.java:1214) ~[gson-2.10.jar%2370!/:?]
	at com.google.gson.Gson.fromJson(Gson.java:1319) ~[gson-2.10.jar%2370!/:?]
	at com.google.gson.Gson.fromJson(Gson.java:1261) ~[gson-2.10.jar%2370!/:?]
	at net.minecraftforge.common.ForgeHooks.loadLootTable(ForgeHooks.java:871) ~[forge-1.20.1-47.3.7-universal.jar%23222!/:?]
	at net.minecraftforge.common.ForgeHooks.lambda$getLootTableDeserializer$3(ForgeHooks.java:848) ~[forge-1.20.1-47.3.7-universal.jar%23222!/:?]
	at net.minecraft.world.level.storage.loot.LootDataType.deserialize(LootDataType.java:45) ~[server-1.20.1-20230612.114412-srg.jar%23217!/:?]
	at net.minecraft.world.level.storage.loot.LootDataManager.lambda$scheduleElementParse$4(LootDataManager.java:56) ~[server-1.20.1-20230612.114412-srg.jar%23217!/:?]
	at java.util.HashMap.forEach(HashMap.java:1421) ~[?:?]
	at net.minecraft.world.level.storage.loot.LootDataManager.m_278660_(LootDataManager.java:55) ~[server-1.20.1-20230612.114412-srg.jar%23217!/:?]
	at java.util.concurrent.CompletableFuture$AsyncRun.run(CompletableFuture.java:1804) ~[?:?]
	at java.util.concurrent.CompletableFuture$AsyncRun.exec(CompletableFuture.java:1796) ~[?:?]
	at java.util.concurrent.ForkJoinTask.doExec(ForkJoinTask.java:373) ~[?:?]
	at java.util.concurrent.ForkJoinPool$WorkQueue.topLevelExec(ForkJoinPool.java:1182) ~[?:?]
	at java.util.concurrent.ForkJoinPool.scan(ForkJoinPool.java:1655) ~[?:?]
	at java.util.concurrent.ForkJoinPool.runWorker(ForkJoinPool.java:1622) ~[?:?]
	at java.util.concurrent.ForkJoinWorkerThread.run(ForkJoinWorkerThread.java:165) ~[?:?]
[19Aug2026 16:50:57.823] [Worker-Main-2/ERROR] [net.minecraftforge.common.ForgeHooks/]: Couldn't parse element loot_tables:bygonenether:blocks/cracked_withered_blackstone_vertical_slab
com.google.gson.JsonSyntaxException: Expected name to be an item, was unknown string 'bygonenether:cracked_withered_blackstone_vertical_slab'
	at net.minecraft.util.GsonHelper.m_13866_(GsonHelper.java:145) ~[server-1.20.1-20230612.114412-srg.jar%23217!/:?]
	at java.util.Optional.orElseThrow(Optional.java:403) ~[?:?]
	at net.minecraft.util.GsonHelper.m_13874_(GsonHelper.java:145) ~[server-1.20.1-20230612.114412-srg.jar%23217!/:?]
	at net.minecraft.util.GsonHelper.m_13909_(GsonHelper.java:153) ~[server-1.20.1-20230612.114412-srg.jar%23217!/:?]
	at net.minecraft.world.level.storage.loot.entries.LootItem$Serializer.m_7267_(LootItem.java:55) ~[server-1.20.1-20230612.114412-srg.jar%23217!/:?]
	at net.minecraft.world.level.storage.loot.entries.LootItem$Serializer.m_7267_(LootItem.java:40) ~[server-1.20.1-20230612.114412-srg.jar%23217!/:?]
	at net.minecraft.world.level.storage.loot.entries.LootPoolSingletonContainer$Serializer.m_5921_(LootPoolSingletonContainer.java:151) ~[server-1.20.1-20230612.114412-srg.jar%23217!/:?]
	at net.minecraft.world.level.storage.loot.entries.LootPoolSingletonContainer$Serializer.m_5921_(LootPoolSingletonContainer.java:129) ~[server-1.20.1-20230612.114412-srg.jar%23217!/:?]
	at net.minecraft.world.level.storage.loot.entries.LootPoolEntryContainer$Serializer.m_7561_(LootPoolEntryContainer.java:86) ~[server-1.20.1-20230612.114412-srg.jar%23217!/:?]
	at net.minecraft.world.level.storage.loot.entries.LootPoolEntryContainer$Serializer.m_7561_(LootPoolEntryContainer.java:74) ~[server-1.20.1-20230612.114412-srg.jar%23217!/:?]
	at net.minecraft.world.level.storage.loot.GsonAdapterFactory$JsonAdapter.deserialize(GsonAdapterFactory.java:102) ~[server-1.20.1-20230612.114412-srg.jar%23217!/:?]
	at com.google.gson.internal.bind.TreeTypeAdapter.read(TreeTypeAdapter.java:76) ~[gson-2.10.jar%2370!/:?]
	at com.google.gson.internal.bind.TypeAdapterRuntimeTypeWrapper.read(TypeAdapterRuntimeTypeWrapper.java:40) ~[gson-2.10.jar%2370!/:?]
	at com.google.gson.internal.bind.ArrayTypeAdapter.read(ArrayTypeAdapter.java:72) ~[gson-2.10.jar%2370!/:?]
	at com.google.gson.Gson.fromJson(Gson.java:1214) ~[gson-2.10.jar%2370!/:?]
	at com.google.gson.Gson.fromJson(Gson.java:1319) ~[gson-2.10.jar%2370!/:?]
	at com.google.gson.Gson.fromJson(Gson.java:1290) ~[gson-2.10.jar%2370!/:?]
	at com.google.gson.internal.bind.TreeTypeAdapter$GsonContextImpl.deserialize(TreeTypeAdapter.java:179) ~[gson-2.10.jar%2370!/:?]
	at net.minecraft.util.GsonHelper.m_13808_(GsonHelper.java:463) ~[server-1.20.1-20230612.114412-srg.jar%23217!/:?]
	at net.minecraft.util.GsonHelper.m_13836_(GsonHelper.java:471) ~[server-1.20.1-20230612.114412-srg.jar%23217!/:?]
	at net.minecraft.world.level.storage.loot.LootPool$Serializer.deserialize(LootPool.java:192) ~[server-1.20.1-20230612.114412-srg.jar%23217!/:?]
	at net.minecraft.world.level.storage.loot.LootPool$Serializer.deserialize(LootPool.java:189) ~[server-1.20.1-20230612.114412-srg.jar%23217!/:?]
	at com.google.gson.internal.bind.TreeTypeAdapter.read(TreeTypeAdapter.java:76) ~[gson-2.10.jar%2370!/:?]
	at com.google.gson.internal.bind.TypeAdapterRuntimeTypeWrapper.read(TypeAdapterRuntimeTypeWrapper.java:40) ~[gson-2.10.jar%2370!/:?]
	at com.google.gson.internal.bind.ArrayTypeAdapter.read(ArrayTypeAdapter.java:72) ~[gson-2.10.jar%2370!/:?]
	at com.google.gson.Gson.fromJson(Gson.java:1214) ~[gson-2.10.jar%2370!/:?]
	at com.google.gson.Gson.fromJson(Gson.java:1319) ~[gson-2.10.jar%2370!/:?]
	at com.google.gson.Gson.fromJson(Gson.java:1290) ~[gson-2.10.jar%2370!/:?]
	at com.google.gson.internal.bind.TreeTypeAdapter$GsonContextImpl.deserialize(TreeTypeAdapter.java:179) ~[gson-2.10.jar%2370!/:?]
	at net.minecraft.util.GsonHelper.m_13808_(GsonHelper.java:463) ~[server-1.20.1-20230612.114412-srg.jar%23217!/:?]
	at net.minecraft.util.GsonHelper.m_13845_(GsonHelper.java:481) ~[server-1.20.1-20230612.114412-srg.jar%23217!/:?]
	at net.minecraft.world.level.storage.loot.LootTable$Serializer.deserialize(LootTable.java:294) ~[server-1.20.1-20230612.114412-srg.jar%23217!/:?]
	at net.minecraft.world.level.storage.loot.LootTable$Serializer.deserialize(LootTable.java:291) ~[server-1.20.1-20230612.114412-srg.jar%23217!/:?]
	at com.google.gson.internal.bind.TreeTypeAdapter.read(TreeTypeAdapter.java:76) ~[gson-2.10.jar%2370!/:?]
	at com.google.gson.Gson.fromJson(Gson.java:1214) ~[gson-2.10.jar%2370!/:?]
	at com.google.gson.Gson.fromJson(Gson.java:1319) ~[gson-2.10.jar%2370!/:?]
	at com.google.gson.Gson.fromJson(Gson.java:1261) ~[gson-2.10.jar%2370!/:?]
	at net.minecraftforge.common.ForgeHooks.loadLootTable(ForgeHooks.java:871) ~[forge-1.20.1-47.3.7-universal.jar%23222!/:?]
	at net.minecraftforge.common.ForgeHooks.lambda$getLootTableDeserializer$3(ForgeHooks.java:848) ~[forge-1.20.1-47.3.7-universal.jar%23222!/:?]
	at net.minecraft.world.level.storage.loot.LootDataType.deserialize(LootDataType.java:45) ~[server-1.20.1-20230612.114412-srg.jar%23217!/:?]
	at net.minecraft.world.level.storage.loot.LootDataManager.lambda$scheduleElementParse$4(LootDataManager.java:56) ~[server-1.20.1-20230612.114412-srg.jar%23217!/:?]
	at java.util.HashMap.forEach(HashMap.java:1421) ~[?:?]
	at net.minecraft.world.level.storage.loot.LootDataManager.m_278660_(LootDataManager.java:55) ~[server-1.20.1-20230612.114412-srg.jar%23217!/:?]
	at java.util.concurrent.CompletableFuture$AsyncRun.run(CompletableFuture.java:1804) ~[?:?]
	at java.util.concurrent.CompletableFuture$AsyncRun.exec(CompletableFuture.java:1796) ~[?:?]
	at java.util.concurrent.ForkJoinTask.doExec(ForkJoinTask.java:373) ~[?:?]
	at java.util.concurrent.ForkJoinPool$WorkQueue.topLevelExec(ForkJoinPool.java:1182) ~[?:?]
	at java.util.concurrent.ForkJoinPool.scan(ForkJoinPool.java:1655) ~[?:?]
	at java.util.concurrent.ForkJoinPool.runWorker(ForkJoinPool.java:1622) ~[?:?]
	at java.util.concurrent.ForkJoinWorkerThread.run(ForkJoinWorkerThread.java:165) ~[?:?]
[19Aug2026 16:50:57.958] [Worker-Main-2/DEBUG] [tombstone/]: Updating LootTables
[19Aug2026 16:50:57.985] [Worker-Main-2/ERROR] [net.minecraftforge.common.ForgeHooks/]: Couldn't parse element loot_tables:bygonenether:blocks/warped_nether_brick_vertical_slab
java.lang.IllegalArgumentException: Can't find block bygonenether:warped_nether_brick_vertical_slab
	at net.minecraft.world.level.storage.loot.predicates.LootItemBlockStatePropertyCondition$Serializer.m_81802_(LootItemBlockStatePropertyCondition.java:79) ~[server-1.20.1-20230612.114412-srg.jar%23217!/:?]
	at java.util.Optional.orElseThrow(Optional.java:403) ~[?:?]
	at net.minecraft.world.level.storage.loot.predicates.LootItemBlockStatePropertyCondition$Serializer.m_7561_(LootItemBlockStatePropertyCondition.java:79) ~[server-1.20.1-20230612.114412-srg.jar%23217!/:?]
	at net.minecraft.world.level.storage.loot.predicates.LootItemBlockStatePropertyCondition$Serializer.m_7561_(LootItemBlockStatePropertyCondition.java:68) ~[server-1.20.1-20230612.114412-srg.jar%23217!/:?]
	at net.minecraft.world.level.storage.loot.GsonAdapterFactory$JsonAdapter.deserialize(GsonAdapterFactory.java:102) ~[server-1.20.1-20230612.114412-srg.jar%23217!/:?]
	at com.google.gson.internal.bind.TreeTypeAdapter.read(TreeTypeAdapter.java:76) ~[gson-2.10.jar%2370!/:?]
	at com.google.gson.internal.bind.TypeAdapterRuntimeTypeWrapper.read(TypeAdapterRuntimeTypeWrapper.java:40) ~[gson-2.10.jar%2370!/:?]
	at com.google.gson.internal.bind.ArrayTypeAdapter.read(ArrayTypeAdapter.java:72) ~[gson-2.10.jar%2370!/:?]
	at com.google.gson.Gson.fromJson(Gson.java:1214) ~[gson-2.10.jar%2370!/:?]
	at com.google.gson.Gson.fromJson(Gson.java:1319) ~[gson-2.10.jar%2370!/:?]
	at com.google.gson.Gson.fromJson(Gson.java:1290) ~[gson-2.10.jar%2370!/:?]
	at com.google.gson.internal.bind.TreeTypeAdapter$GsonContextImpl.deserialize(TreeTypeAdapter.java:179) ~[gson-2.10.jar%2370!/:?]
	at net.minecraft.util.GsonHelper.m_13808_(GsonHelper.java:463) ~[server-1.20.1-20230612.114412-srg.jar%23217!/:?]
	at net.minecraft.util.GsonHelper.m_13845_(GsonHelper.java:481) ~[server-1.20.1-20230612.114412-srg.jar%23217!/:?]
	at net.minecraft.world.level.storage.loot.functions.LootItemConditionalFunction$Serializer.m_7561_(LootItemConditionalFunction.java:98) ~[server-1.20.1-20230612.114412-srg.jar%23217!/:?]
	at net.minecraft.world.level.storage.loot.functions.LootItemConditionalFunction$Serializer.m_7561_(LootItemConditionalFunction.java:88) ~[server-1.20.1-20230612.114412-srg.jar%23217!/:?]
	at net.minecraft.world.level.storage.loot.GsonAdapterFactory$JsonAdapter.deserialize(GsonAdapterFactory.java:102) ~[server-1.20.1-20230612.114412-srg.jar%23217!/:?]
	at com.google.gson.internal.bind.TreeTypeAdapter.read(TreeTypeAdapter.java:76) ~[gson-2.10.jar%2370!/:?]
	at com.google.gson.internal.bind.TypeAdapterRuntimeTypeWrapper.read(TypeAdapterRuntimeTypeWrapper.java:40) ~[gson-2.10.jar%2370!/:?]
	at com.google.gson.internal.bind.ArrayTypeAdapter.read(ArrayTypeAdapter.java:72) ~[gson-2.10.jar%2370!/:?]
	at com.google.gson.Gson.fromJson(Gson.java:1214) ~[gson-2.10.jar%2370!/:?]
	at com.google.gson.Gson.fromJson(Gson.java:1319) ~[gson-2.10.jar%2370!/:?]
	at com.google.gson.Gson.fromJson(Gson.java:1290) ~[gson-2.10.jar%2370!/:?]
	at com.google.gson.internal.bind.TreeTypeAdapter$GsonContextImpl.deserialize(TreeTypeAdapter.java:179) ~[gson-2.10.jar%2370!/:?]
	at net.minecraft.util.GsonHelper.m_13808_(GsonHelper.java:463) ~[server-1.20.1-20230612.114412-srg.jar%23217!/:?]
	at net.minecraft.util.GsonHelper.m_13845_(GsonHelper.java:481) ~[server-1.20.1-20230612.114412-srg.jar%23217!/:?]
	at net.minecraft.world.level.storage.loot.entries.LootPoolSingletonContainer$Serializer.m_5921_(LootPoolSingletonContainer.java:149) ~[server-1.20.1-20230612.114412-srg.jar%23217!/:?]
	at net.minecraft.world.level.storage.loot.entries.LootPoolSingletonContainer$Serializer.m_5921_(LootPoolSingletonContainer.java:129) ~[server-1.20.1-20230612.114412-srg.jar%23217!/:?]
	at net.minecraft.world.level.storage.loot.entries.LootPoolEntryContainer$Serializer.m_7561_(LootPoolEntryContainer.java:86) ~[server-1.20.1-20230612.114412-srg.jar%23217!/:?]
	at net.minecraft.world.level.storage.loot.entries.LootPoolEntryContainer$Serializer.m_7561_(LootPoolEntryContainer.java:74) ~[server-1.20.1-20230612.114412-srg.jar%23217!/:?]
	at net.minecraft.world.level.storage.loot.GsonAdapterFactory$JsonAdapter.deserialize(GsonAdapterFactory.java:102) ~[server-1.20.1-20230612.114412-srg.jar%23217!/:?]
	at com.google.gson.internal.bind.TreeTypeAdapter.read(TreeTypeAdapter.java:76) ~[gson-2.10.jar%2370!/:?]
	at com.google.gson.internal.bind.TypeAdapterRuntimeTypeWrapper.read(TypeAdapterRuntimeTypeWrapper.java:40) ~[gson-2.10.jar%2370!/:?]
	at com.google.gson.internal.bind.ArrayTypeAdapter.read(ArrayTypeAdapter.java:72) ~[gson-2.10.jar%2370!/:?]
	at com.google.gson.Gson.fromJson(Gson.java:1214) ~[gson-2.10.jar%2370!/:?]
	at com.google.gson.Gson.fromJson(Gson.java:1319) ~[gson-2.10.jar%2370!/:?]
	at com.google.gson.Gson.fromJson(Gson.java:1290) ~[gson-2.10.jar%2370!/:?]
	at com.google.gson.internal.bind.TreeTypeAdapter$GsonContextImpl.deserialize(TreeTypeAdapter.java:179) ~[gson-2.10.jar%2370!/:?]
	at net.minecraft.util.GsonHelper.m_13808_(GsonHelper.java:463) ~[server-1.20.1-20230612.114412-srg.jar%23217!/:?]
	at net.minecraft.util.GsonHelper.m_13836_(GsonHelper.java:471) ~[server-1.20.1-20230612.114412-srg.jar%23217!/:?]
	at net.minecraft.world.level.storage.loot.LootPool$Serializer.deserialize(LootPool.java:192) ~[server-1.20.1-20230612.114412-srg.jar%23217!/:?]
	at net.minecraft.world.level.storage.loot.LootPool$Serializer.deserialize(LootPool.java:189) ~[server-1.20.1-20230612.114412-srg.jar%23217!/:?]
	at com.google.gson.internal.bind.TreeTypeAdapter.read(TreeTypeAdapter.java:76) ~[gson-2.10.jar%2370!/:?]
	at com.google.gson.internal.bind.TypeAdapterRuntimeTypeWrapper.read(TypeAdapterRuntimeTypeWrapper.java:40) ~[gson-2.10.jar%2370!/:?]
	at com.google.gson.internal.bind.ArrayTypeAdapter.read(ArrayTypeAdapter.java:72) ~[gson-2.10.jar%2370!/:?]
	at com.google.gson.Gson.fromJson(Gson.java:1214) ~[gson-2.10.jar%2370!/:?]
	at com.google.gson.Gson.fromJson(Gson.java:1319) ~[gson-2.10.jar%2370!/:?]
	at com.google.gson.Gson.fromJson(Gson.java:1290) ~[gson-2.10.jar%2370!/:?]
	at com.google.gson.internal.bind.TreeTypeAdapter$GsonContextImpl.deserialize(TreeTypeAdapter.java:179) ~[gson-2.10.jar%2370!/:?]
	at net.minecraft.util.GsonHelper.m_13808_(GsonHelper.java:463) ~[server-1.20.1-20230612.114412-srg.jar%23217!/:?]
	at net.minecraft.util.GsonHelper.m_13845_(GsonHelper.java:481) ~[server-1.20.1-20230612.114412-srg.jar%23217!/:?]
	at net.minecraft.world.level.storage.loot.LootTable$Serializer.deserialize(LootTable.java:294) ~[server-1.20.1-20230612.114412-srg.jar%23217!/:?]
	at net.minecraft.world.level.storage.loot.LootTable$Serializer.deserialize(LootTable.java:291) ~[server-1.20.1-20230612.114412-srg.jar%23217!/:?]
	at com.google.gson.internal.bind.TreeTypeAdapter.read(TreeTypeAdapter.java:76) ~[gson-2.10.jar%2370!/:?]
	at com.google.gson.Gson.fromJson(Gson.java:1214) ~[gson-2.10.jar%2370!/:?]
	at com.google.gson.Gson.fromJson(Gson.java:1319) ~[gson-2.10.jar%2370!/:?]
	at com.google.gson.Gson.fromJson(Gson.java:1261) ~[gson-2.10.jar%2370!/:?]
	at net.minecraftforge.common.ForgeHooks.loadLootTable(ForgeHooks.java:871) ~[forge-1.20.1-47.3.7-universal.jar%23222!/:?]
	at net.minecraftforge.common.ForgeHooks.lambda$getLootTableDeserializer$3(ForgeHooks.java:848) ~[forge-1.20.1-47.3.7-universal.jar%23222!/:?]
	at net.minecraft.world.level.storage.loot.LootDataType.deserialize(LootDataType.java:45) ~[server-1.20.1-20230612.114412-srg.jar%23217!/:?]
	at net.minecraft.world.level.storage.loot.LootDataManager.lambda$scheduleElementParse$4(LootDataManager.java:56) ~[server-1.20.1-20230612.114412-srg.jar%23217!/:?]
	at java.util.HashMap.forEach(HashMap.java:1421) ~[?:?]
	at net.minecraft.world.level.storage.loot.LootDataManager.m_278660_(LootDataManager.java:55) ~[server-1.20.1-20230612.114412-srg.jar%23217!/:?]
	at java.util.concurrent.CompletableFuture$AsyncRun.run(CompletableFuture.java:1804) ~[?:?]
	at java.util.concurrent.CompletableFuture$AsyncRun.exec(CompletableFuture.java:1796) ~[?:?]
	at java.util.concurrent.ForkJoinTask.doExec(ForkJoinTask.java:373) ~[?:?]
	at java.util.concurrent.ForkJoinPool$WorkQueue.topLevelExec(ForkJoinPool.java:1182) ~[?:?]
	at java.util.concurrent.ForkJoinPool.scan(ForkJoinPool.java:1655) ~[?:?]
	at java.util.concurrent.ForkJoinPool.runWorker(ForkJoinPool.java:1622) ~[?:?]
	at java.util.concurrent.ForkJoinWorkerThread.run(ForkJoinWorkerThread.java:165) ~[?:?]
[19Aug2026 16:50:58.002] [Worker-Main-1/ERROR] [com.nukateam.ntgl.Ntgl/]: Missing required properties for ntgl:cc/equipment/t45/t45_body.json
[19Aug2026 16:50:58.003] [Worker-Main-1/INFO] [STDERR/]: [com.nukateam.chassis_core.modules.config.utils.ConfigUtils:lambda$getConfigMap$2:74]: java.io.InvalidObjectException: Missing required property: id
[19Aug2026 16:50:58.003] [Worker-Main-1/INFO] [STDERR/]: [com.nukateam.chassis_core.modules.config.utils.ConfigUtils:lambda$getConfigMap$2:74]: 	at TRANSFORMER/ntgl@3.1.2/com.nukateam.chassis_core.modules.config.annotation.Validator.isValidObject(Validator.java:30)
[19Aug2026 16:50:58.004] [Worker-Main-1/INFO] [STDERR/]: [com.nukateam.chassis_core.modules.config.utils.ConfigUtils:lambda$getConfigMap$2:74]: 	at TRANSFORMER/ntgl@3.1.2/com.nukateam.chassis_core.modules.config.utils.ConfigUtils.lambda$getConfigMap$2(ConfigUtils.java:64)
[19Aug2026 16:50:58.004] [Worker-Main-1/INFO] [STDERR/]: [com.nukateam.chassis_core.modules.config.utils.ConfigUtils:lambda$getConfigMap$2:74]: 	at java.base/java.util.Optional.ifPresent(Optional.java:178)
[19Aug2026 16:50:58.004] [Worker-Main-1/INFO] [STDERR/]: [com.nukateam.chassis_core.modules.config.utils.ConfigUtils:lambda$getConfigMap$2:74]: 	at TRANSFORMER/ntgl@3.1.2/com.nukateam.chassis_core.modules.config.utils.ConfigUtils.lambda$getConfigMap$3(ConfigUtils.java:59)
[19Aug2026 16:50:58.007] [Worker-Main-1/INFO] [STDERR/]: [com.nukateam.chassis_core.modules.config.utils.ConfigUtils:lambda$getConfigMap$2:74]: 	at java.base/java.util.ArrayList.forEach(ArrayList.java:1511)
[19Aug2026 16:50:58.007] [Worker-Main-1/INFO] [STDERR/]: [com.nukateam.chassis_core.modules.config.utils.ConfigUtils:lambda$getConfigMap$2:74]: 	at TRANSFORMER/ntgl@3.1.2/com.nukateam.chassis_core.modules.config.utils.ConfigUtils.lambda$getConfigMap$4(ConfigUtils.java:46)
[19Aug2026 16:50:58.007] [Worker-Main-1/INFO] [STDERR/]: [com.nukateam.chassis_core.modules.config.utils.ConfigUtils:lambda$getConfigMap$2:74]: 	at java.base/java.util.stream.ForEachOps$ForEachOp$OfRef.accept(ForEachOps.java:183)
[19Aug2026 16:50:58.007] [Worker-Main-1/INFO] [STDERR/]: [com.nukateam.chassis_core.modules.config.utils.ConfigUtils:lambda$getConfigMap$2:74]: 	at java.base/java.util.stream.ReferencePipeline$2$1.accept(ReferencePipeline.java:179)
[19Aug2026 16:50:58.008] [Worker-Main-1/INFO] [STDERR/]: [com.nukateam.chassis_core.modules.config.utils.ConfigUtils:lambda$getConfigMap$2:74]: 	at java.base/java.util.Iterator.forEachRemaining(Iterator.java:133)
[19Aug2026 16:50:58.008] [Worker-Main-1/INFO] [STDERR/]: [com.nukateam.chassis_core.modules.config.utils.ConfigUtils:lambda$getConfigMap$2:74]: 	at java.base/java.util.Spliterators$IteratorSpliterator.forEachRemaining(Spliterators.java:1845)
[19Aug2026 16:50:58.008] [Worker-Main-1/INFO] [STDERR/]: [com.nukateam.chassis_core.modules.config.utils.ConfigUtils:lambda$getConfigMap$2:74]: 	at java.base/java.util.stream.AbstractPipeline.copyInto(AbstractPipeline.java:509)
[19Aug2026 16:50:58.009] [Worker-Main-1/INFO] [STDERR/]: [com.nukateam.chassis_core.modules.config.utils.ConfigUtils:lambda$getConfigMap$2:74]: 	at java.base/java.util.stream.AbstractPipeline.wrapAndCopyInto(AbstractPipeline.java:499)
[19Aug2026 16:50:58.009] [Worker-Main-1/INFO] [STDERR/]: [com.nukateam.chassis_core.modules.config.utils.ConfigUtils:lambda$getConfigMap$2:74]: 	at java.base/java.util.stream.ForEachOps$ForEachOp.evaluateSequential(ForEachOps.java:150)
[19Aug2026 16:50:58.009] [Worker-Main-1/INFO] [STDERR/]: [com.nukateam.chassis_core.modules.config.utils.ConfigUtils:lambda$getConfigMap$2:74]: 	at java.base/java.util.stream.ForEachOps$ForEachOp$OfRef.evaluateSequential(ForEachOps.java:173)
[19Aug2026 16:50:58.009] [Worker-Main-1/INFO] [STDERR/]: [com.nukateam.chassis_core.modules.config.utils.ConfigUtils:lambda$getConfigMap$2:74]: 	at java.base/java.util.stream.AbstractPipeline.evaluate(AbstractPipeline.java:234)
[19Aug2026 16:50:58.009] [Worker-Main-1/INFO] [STDERR/]: [com.nukateam.chassis_core.modules.config.utils.ConfigUtils:lambda$getConfigMap$2:74]: 	at java.base/java.util.stream.ReferencePipeline.forEach(ReferencePipeline.java:596)
[19Aug2026 16:50:58.010] [Worker-Main-1/INFO] [STDERR/]: [com.nukateam.chassis_core.modules.config.utils.ConfigUtils:lambda$getConfigMap$2:74]: 	at TRANSFORMER/ntgl@3.1.2/com.nukateam.chassis_core.modules.config.utils.ConfigUtils.getConfigMap(ConfigUtils.java:34)
[19Aug2026 16:50:58.010] [Worker-Main-1/INFO] [STDERR/]: [com.nukateam.chassis_core.modules.config.utils.ConfigUtils:lambda$getConfigMap$2:74]: 	at TRANSFORMER/ntgl@3.1.2/com.nukateam.ntgl.modules.datapack.managers.NetworkEquipmentManager.prepare(NetworkEquipmentManager.java:46)
[19Aug2026 16:50:58.011] [Worker-Main-1/INFO] [STDERR/]: [com.nukateam.chassis_core.modules.config.utils.ConfigUtils:lambda$getConfigMap$2:74]: 	at TRANSFORMER/ntgl@3.1.2/com.nukateam.ntgl.modules.datapack.managers.NetworkEquipmentManager.m_5944_(NetworkEquipmentManager.java:29)
[19Aug2026 16:50:58.012] [Worker-Main-1/INFO] [STDERR/]: [com.nukateam.chassis_core.modules.config.utils.ConfigUtils:lambda$getConfigMap$2:74]: 	at TRANSFORMER/minecraft@1.20.1/net.minecraft.server.packs.resources.SimplePreparableReloadListener.m_10786_(SimplePreparableReloadListener.java:11)
[19Aug2026 16:50:58.012] [Worker-Main-1/INFO] [STDERR/]: [com.nukateam.chassis_core.modules.config.utils.ConfigUtils:lambda$getConfigMap$2:74]: 	at java.base/java.util.concurrent.CompletableFuture$AsyncSupply.run(CompletableFuture.java:1768)
[19Aug2026 16:50:58.013] [Worker-Main-1/INFO] [STDERR/]: [com.nukateam.chassis_core.modules.config.utils.ConfigUtils:lambda$getConfigMap$2:74]: 	at java.base/java.util.concurrent.CompletableFuture$AsyncSupply.exec(CompletableFuture.java:1760)
[19Aug2026 16:50:58.013] [Worker-Main-1/INFO] [STDERR/]: [com.nukateam.chassis_core.modules.config.utils.ConfigUtils:lambda$getConfigMap$2:74]: 	at java.base/java.util.concurrent.ForkJoinTask.doExec(ForkJoinTask.java:373)
[19Aug2026 16:50:58.013] [Worker-Main-1/INFO] [STDERR/]: [com.nukateam.chassis_core.modules.config.utils.ConfigUtils:lambda$getConfigMap$2:74]: 	at java.base/java.util.concurrent.ForkJoinPool$WorkQueue.topLevelExec(ForkJoinPool.java:1182)
[19Aug2026 16:50:58.013] [Worker-Main-1/INFO] [STDERR/]: [com.nukateam.chassis_core.modules.config.utils.ConfigUtils:lambda$getConfigMap$2:74]: 	at java.base/java.util.concurrent.ForkJoinPool.scan(ForkJoinPool.java:1655)
[19Aug2026 16:50:58.013] [Worker-Main-1/INFO] [STDERR/]: [com.nukateam.chassis_core.modules.config.utils.ConfigUtils:lambda$getConfigMap$2:74]: 	at java.base/java.util.concurrent.ForkJoinPool.runWorker(ForkJoinPool.java:1622)
[19Aug2026 16:50:58.013] [Worker-Main-1/INFO] [STDERR/]: [com.nukateam.chassis_core.modules.config.utils.ConfigUtils:lambda$getConfigMap$2:74]: 	at java.base/java.util.concurrent.ForkJoinWorkerThread.run(ForkJoinWorkerThread.java:165)
[19Aug2026 16:50:58.014] [Worker-Main-1/ERROR] [com.nukateam.ntgl.Ntgl/]: Missing required properties for ntgl:cc/equipment/t45/t45_helmet.json
[19Aug2026 16:50:58.014] [Worker-Main-1/INFO] [STDERR/]: [com.nukateam.chassis_core.modules.config.utils.ConfigUtils:lambda$getConfigMap$2:74]: java.io.InvalidObjectException: Missing required property: id
[19Aug2026 16:50:58.014] [Worker-Main-1/INFO] [STDERR/]: [com.nukateam.chassis_core.modules.config.utils.ConfigUtils:lambda$getConfigMap$2:74]: 	at TRANSFORMER/ntgl@3.1.2/com.nukateam.chassis_core.modules.config.annotation.Validator.isValidObject(Validator.java:30)
[19Aug2026 16:50:58.014] [Worker-Main-1/INFO] [STDERR/]: [com.nukateam.chassis_core.modules.config.utils.ConfigUtils:lambda$getConfigMap$2:74]: 	at TRANSFORMER/ntgl@3.1.2/com.nukateam.chassis_core.modules.config.utils.ConfigUtils.lambda$getConfigMap$2(ConfigUtils.java:64)
[19Aug2026 16:50:58.014] [Worker-Main-1/INFO] [STDERR/]: [com.nukateam.chassis_core.modules.config.utils.ConfigUtils:lambda$getConfigMap$2:74]: 	at java.base/java.util.Optional.ifPresent(Optional.java:178)
[19Aug2026 16:50:58.015] [Worker-Main-1/INFO] [STDERR/]: [com.nukateam.chassis_core.modules.config.utils.ConfigUtils:lambda$getConfigMap$2:74]: 	at TRANSFORMER/ntgl@3.1.2/com.nukateam.chassis_core.modules.config.utils.ConfigUtils.lambda$getConfigMap$3(ConfigUtils.java:59)
[19Aug2026 16:50:58.015] [Worker-Main-1/INFO] [STDERR/]: [com.nukateam.chassis_core.modules.config.utils.ConfigUtils:lambda$getConfigMap$2:74]: 	at java.base/java.util.ArrayList.forEach(ArrayList.java:1511)
[19Aug2026 16:50:58.015] [Worker-Main-1/INFO] [STDERR/]: [com.nukateam.chassis_core.modules.config.utils.ConfigUtils:lambda$getConfigMap$2:74]: 	at TRANSFORMER/ntgl@3.1.2/com.nukateam.chassis_core.modules.config.utils.ConfigUtils.lambda$getConfigMap$4(ConfigUtils.java:46)
[19Aug2026 16:50:58.015] [Worker-Main-1/INFO] [STDERR/]: [com.nukateam.chassis_core.modules.config.utils.ConfigUtils:lambda$getConfigMap$2:74]: 	at java.base/java.util.stream.ForEachOps$ForEachOp$OfRef.accept(ForEachOps.java:183)
[19Aug2026 16:50:58.017] [Worker-Main-1/INFO] [STDERR/]: [com.nukateam.chassis_core.modules.config.utils.ConfigUtils:lambda$getConfigMap$2:74]: 	at java.base/java.util.stream.ReferencePipeline$2$1.accept(ReferencePipeline.java:179)
[19Aug2026 16:50:58.017] [Worker-Main-1/INFO] [STDERR/]: [com.nukateam.chassis_core.modules.config.utils.ConfigUtils:lambda$getConfigMap$2:74]: 	at java.base/java.util.Iterator.forEachRemaining(Iterator.java:133)
[19Aug2026 16:50:58.018] [Worker-Main-1/INFO] [STDERR/]: [com.nukateam.chassis_core.modules.config.utils.ConfigUtils:lambda$getConfigMap$2:74]: 	at java.base/java.util.Spliterators$IteratorSpliterator.forEachRemaining(Spliterators.java:1845)
[19Aug2026 16:50:58.018] [Worker-Main-1/INFO] [STDERR/]: [com.nukateam.chassis_core.modules.config.utils.ConfigUtils:lambda$getConfigMap$2:74]: 	at java.base/java.util.stream.AbstractPipeline.copyInto(AbstractPipeline.java:509)
[19Aug2026 16:50:58.018] [Worker-Main-1/INFO] [STDERR/]: [com.nukateam.chassis_core.modules.config.utils.ConfigUtils:lambda$getConfigMap$2:74]: 	at java.base/java.util.stream.AbstractPipeline.wrapAndCopyInto(AbstractPipeline.java:499)
[19Aug2026 16:50:58.018] [Worker-Main-1/INFO] [STDERR/]: [com.nukateam.chassis_core.modules.config.utils.ConfigUtils:lambda$getConfigMap$2:74]: 	at java.base/java.util.stream.ForEachOps$ForEachOp.evaluateSequential(ForEachOps.java:150)
[19Aug2026 16:50:58.018] [Worker-Main-1/INFO] [STDERR/]: [com.nukateam.chassis_core.modules.config.utils.ConfigUtils:lambda$getConfigMap$2:74]: 	at java.base/java.util.stream.ForEachOps$ForEachOp$OfRef.evaluateSequential(ForEachOps.java:173)
[19Aug2026 16:50:58.018] [Worker-Main-1/INFO] [STDERR/]: [com.nukateam.chassis_core.modules.config.utils.ConfigUtils:lambda$getConfigMap$2:74]: 	at java.base/java.util.stream.AbstractPipeline.evaluate(AbstractPipeline.java:234)
[19Aug2026 16:50:58.019] [Worker-Main-1/INFO] [STDERR/]: [com.nukateam.chassis_core.modules.config.utils.ConfigUtils:lambda$getConfigMap$2:74]: 	at java.base/java.util.stream.ReferencePipeline.forEach(ReferencePipeline.java:596)
[19Aug2026 16:50:58.019] [Worker-Main-1/INFO] [STDERR/]: [com.nukateam.chassis_core.modules.config.utils.ConfigUtils:lambda$getConfigMap$2:74]: 	at TRANSFORMER/ntgl@3.1.2/com.nukateam.chassis_core.modules.config.utils.ConfigUtils.getConfigMap(ConfigUtils.java:34)
[19Aug2026 16:50:58.019] [Worker-Main-1/INFO] [STDERR/]: [com.nukateam.chassis_core.modules.config.utils.ConfigUtils:lambda$getConfigMap$2:74]: 	at TRANSFORMER/ntgl@3.1.2/com.nukateam.ntgl.modules.datapack.managers.NetworkEquipmentManager.prepare(NetworkEquipmentManager.java:46)
[19Aug2026 16:50:58.019] [Worker-Main-1/INFO] [STDERR/]: [com.nukateam.chassis_core.modules.config.utils.ConfigUtils:lambda$getConfigMap$2:74]: 	at TRANSFORMER/ntgl@3.1.2/com.nukateam.ntgl.modules.datapack.managers.NetworkEquipmentManager.m_5944_(NetworkEquipmentManager.java:29)
[19Aug2026 16:50:58.019] [Worker-Main-1/INFO] [STDERR/]: [com.nukateam.chassis_core.modules.config.utils.ConfigUtils:lambda$getConfigMap$2:74]: 	at TRANSFORMER/minecraft@1.20.1/net.minecraft.server.packs.resources.SimplePreparableReloadListener.m_10786_(SimplePreparableReloadListener.java:11)
[19Aug2026 16:50:58.019] [Worker-Main-1/INFO] [STDERR/]: [com.nukateam.chassis_core.modules.config.utils.ConfigUtils:lambda$getConfigMap$2:74]: 	at java.base/java.util.concurrent.CompletableFuture$AsyncSupply.run(CompletableFuture.java:1768)
[19Aug2026 16:50:58.019] [Worker-Main-1/INFO] [STDERR/]: [com.nukateam.chassis_core.modules.config.utils.ConfigUtils:lambda$getConfigMap$2:74]: 	at java.base/java.util.concurrent.CompletableFuture$AsyncSupply.exec(CompletableFuture.java:1760)
[19Aug2026 16:50:58.019] [Worker-Main-1/INFO] [STDERR/]: [com.nukateam.chassis_core.modules.config.utils.ConfigUtils:lambda$getConfigMap$2:74]: 	at java.base/java.util.concurrent.ForkJoinTask.doExec(ForkJoinTask.java:373)
[19Aug2026 16:50:58.020] [Worker-Main-1/INFO] [STDERR/]: [com.nukateam.chassis_core.modules.config.utils.ConfigUtils:lambda$getConfigMap$2:74]: 	at java.base/java.util.concurrent.ForkJoinPool$WorkQueue.topLevelExec(ForkJoinPool.java:1182)
[19Aug2026 16:50:58.020] [Worker-Main-1/INFO] [STDERR/]: [com.nukateam.chassis_core.modules.config.utils.ConfigUtils:lambda$getConfigMap$2:74]: 	at java.base/java.util.concurrent.ForkJoinPool.scan(ForkJoinPool.java:1655)
[19Aug2026 16:50:58.020] [Worker-Main-1/INFO] [STDERR/]: [com.nukateam.chassis_core.modules.config.utils.ConfigUtils:lambda$getConfigMap$2:74]: 	at java.base/java.util.concurrent.ForkJoinPool.runWorker(ForkJoinPool.java:1622)
[19Aug2026 16:50:58.021] [Worker-Main-1/INFO] [STDERR/]: [com.nukateam.chassis_core.modules.config.utils.ConfigUtils:lambda$getConfigMap$2:74]: 	at java.base/java.util.concurrent.ForkJoinWorkerThread.run(ForkJoinWorkerThread.java:165)
[19Aug2026 16:50:58.021] [Worker-Main-1/ERROR] [com.nukateam.ntgl.Ntgl/]: Missing required properties for ntgl:cc/equipment/t45/t45_left_arm.json
[19Aug2026 16:50:58.022] [Worker-Main-1/INFO] [STDERR/]: [com.nukateam.chassis_core.modules.config.utils.ConfigUtils:lambda$getConfigMap$2:74]: java.io.InvalidObjectException: Missing required property: id
[19Aug2026 16:50:58.022] [Worker-Main-1/INFO] [STDERR/]: [com.nukateam.chassis_core.modules.config.utils.ConfigUtils:lambda$getConfigMap$2:74]: 	at TRANSFORMER/ntgl@3.1.2/com.nukateam.chassis_core.modules.config.annotation.Validator.isValidObject(Validator.java:30)
[19Aug2026 16:50:58.023] [Worker-Main-1/INFO] [STDERR/]: [com.nukateam.chassis_core.modules.config.utils.ConfigUtils:lambda$getConfigMap$2:74]: 	at TRANSFORMER/ntgl@3.1.2/com.nukateam.chassis_core.modules.config.utils.ConfigUtils.lambda$getConfigMap$2(ConfigUtils.java:64)
[19Aug2026 16:50:58.023] [Worker-Main-1/INFO] [STDERR/]: [com.nukateam.chassis_core.modules.config.utils.ConfigUtils:lambda$getConfigMap$2:74]: 	at java.base/java.util.Optional.ifPresent(Optional.java:178)
[19Aug2026 16:50:58.023] [Worker-Main-1/INFO] [STDERR/]: [com.nukateam.chassis_core.modules.config.utils.ConfigUtils:lambda$getConfigMap$2:74]: 	at TRANSFORMER/ntgl@3.1.2/com.nukateam.chassis_core.modules.config.utils.ConfigUtils.lambda$getConfigMap$3(ConfigUtils.java:59)
[19Aug2026 16:50:58.024] [Worker-Main-1/INFO] [STDERR/]: [com.nukateam.chassis_core.modules.config.utils.ConfigUtils:lambda$getConfigMap$2:74]: 	at java.base/java.util.ArrayList.forEach(ArrayList.java:1511)
[19Aug2026 16:50:58.025] [Worker-Main-1/INFO] [STDERR/]: [com.nukateam.chassis_core.modules.config.utils.ConfigUtils:lambda$getConfigMap$2:74]: 	at TRANSFORMER/ntgl@3.1.2/com.nukateam.chassis_core.modules.config.utils.ConfigUtils.lambda$getConfigMap$4(ConfigUtils.java:46)
[19Aug2026 16:50:58.026] [Worker-Main-1/INFO] [STDERR/]: [com.nukateam.chassis_core.modules.config.utils.ConfigUtils:lambda$getConfigMap$2:74]: 	at java.base/java.util.stream.ForEachOps$ForEachOp$OfRef.accept(ForEachOps.java:183)
[19Aug2026 16:50:58.026] [Worker-Main-1/INFO] [STDERR/]: [com.nukateam.chassis_core.modules.config.utils.ConfigUtils:lambda$getConfigMap$2:74]: 	at java.base/java.util.stream.ReferencePipeline$2$1.accept(ReferencePipeline.java:179)
[19Aug2026 16:50:58.026] [Worker-Main-1/INFO] [STDERR/]: [com.nukateam.chassis_core.modules.config.utils.ConfigUtils:lambda$getConfigMap$2:74]: 	at java.base/java.util.Iterator.forEachRemaining(Iterator.java:133)
[19Aug2026 16:50:58.027] [Worker-Main-1/INFO] [STDERR/]: [com.nukateam.chassis_core.modules.config.utils.ConfigUtils:lambda$getConfigMap$2:74]: 	at java.base/java.util.Spliterators$IteratorSpliterator.forEachRemaining(Spliterators.java:1845)
[19Aug2026 16:50:58.027] [Worker-Main-1/INFO] [STDERR/]: [com.nukateam.chassis_core.modules.config.utils.ConfigUtils:lambda$getConfigMap$2:74]: 	at java.base/java.util.stream.AbstractPipeline.copyInto(AbstractPipeline.java:509)
[19Aug2026 16:50:58.027] [Worker-Main-1/INFO] [STDERR/]: [com.nukateam.chassis_core.modules.config.utils.ConfigUtils:lambda$getConfigMap$2:74]: 	at java.base/java.util.stream.AbstractPipeline.wrapAndCopyInto(AbstractPipeline.java:499)
[19Aug2026 16:50:58.027] [Worker-Main-1/INFO] [STDERR/]: [com.nukateam.chassis_core.modules.config.utils.ConfigUtils:lambda$getConfigMap$2:74]: 	at java.base/java.util.stream.ForEachOps$ForEachOp.evaluateSequential(ForEachOps.java:150)
[19Aug2026 16:50:58.027] [Worker-Main-1/INFO] [STDERR/]: [com.nukateam.chassis_core.modules.config.utils.ConfigUtils:lambda$getConfigMap$2:74]: 	at java.base/java.util.stream.ForEachOps$ForEachOp$OfRef.evaluateSequential(ForEachOps.java:173)
[19Aug2026 16:50:58.027] [Worker-Main-1/INFO] [STDERR/]: [com.nukateam.chassis_core.modules.config.utils.ConfigUtils:lambda$getConfigMap$2:74]: 	at java.base/java.util.stream.AbstractPipeline.evaluate(AbstractPipeline.java:234)
[19Aug2026 16:50:58.027] [Worker-Main-1/INFO] [STDERR/]: [com.nukateam.chassis_core.modules.config.utils.ConfigUtils:lambda$getConfigMap$2:74]: 	at java.base/java.util.stream.ReferencePipeline.forEach(ReferencePipeline.java:596)
[19Aug2026 16:50:58.027] [Worker-Main-1/INFO] [STDERR/]: [com.nukateam.chassis_core.modules.config.utils.ConfigUtils:lambda$getConfigMap$2:74]: 	at TRANSFORMER/ntgl@3.1.2/com.nukateam.chassis_core.modules.config.utils.ConfigUtils.getConfigMap(ConfigUtils.java:34)
[19Aug2026 16:50:58.028] [Worker-Main-1/INFO] [STDERR/]: [com.nukateam.chassis_core.modules.config.utils.ConfigUtils:lambda$getConfigMap$2:74]: 	at TRANSFORMER/ntgl@3.1.2/com.nukateam.ntgl.modules.datapack.managers.NetworkEquipmentManager.prepare(NetworkEquipmentManager.java:46)
[19Aug2026 16:50:58.028] [Worker-Main-1/INFO] [STDERR/]: [com.nukateam.chassis_core.modules.config.utils.ConfigUtils:lambda$getConfigMap$2:74]: 	at TRANSFORMER/ntgl@3.1.2/com.nukateam.ntgl.modules.datapack.managers.NetworkEquipmentManager.m_5944_(NetworkEquipmentManager.java:29)
[19Aug2026 16:50:58.028] [Worker-Main-1/INFO] [STDERR/]: [com.nukateam.chassis_core.modules.config.utils.ConfigUtils:lambda$getConfigMap$2:74]: 	at TRANSFORMER/minecraft@1.20.1/net.minecraft.server.packs.resources.SimplePreparableReloadListener.m_10786_(SimplePreparableReloadListener.java:11)
[19Aug2026 16:50:58.028] [Worker-Main-1/INFO] [STDERR/]: [com.nukateam.chassis_core.modules.config.utils.ConfigUtils:lambda$getConfigMap$2:74]: 	at java.base/java.util.concurrent.CompletableFuture$AsyncSupply.run(CompletableFuture.java:1768)
[19Aug2026 16:50:58.028] [Worker-Main-1/INFO] [STDERR/]: [com.nukateam.chassis_core.modules.config.utils.ConfigUtils:lambda$getConfigMap$2:74]: 	at java.base/java.util.concurrent.CompletableFuture$AsyncSupply.exec(CompletableFuture.java:1760)
[19Aug2026 16:50:58.029] [Worker-Main-1/INFO] [STDERR/]: [com.nukateam.chassis_core.modules.config.utils.ConfigUtils:lambda$getConfigMap$2:74]: 	at java.base/java.util.concurrent.ForkJoinTask.doExec(ForkJoinTask.java:373)
[19Aug2026 16:50:58.029] [Worker-Main-1/INFO] [STDERR/]: [com.nukateam.chassis_core.modules.config.utils.ConfigUtils:lambda$getConfigMap$2:74]: 	at java.base/java.util.concurrent.ForkJoinPool$WorkQueue.topLevelExec(ForkJoinPool.java:1182)
[19Aug2026 16:50:58.029] [Worker-Main-1/INFO] [STDERR/]: [com.nukateam.chassis_core.modules.config.utils.ConfigUtils:lambda$getConfigMap$2:74]: 	at java.base/java.util.concurrent.ForkJoinPool.scan(ForkJoinPool.java:1655)
[19Aug2026 16:50:58.029] [Worker-Main-1/INFO] [STDERR/]: [com.nukateam.chassis_core.modules.config.utils.ConfigUtils:lambda$getConfigMap$2:74]: 	at java.base/java.util.concurrent.ForkJoinPool.runWorker(ForkJoinPool.java:1622)
[19Aug2026 16:50:58.030] [Worker-Main-1/INFO] [STDERR/]: [com.nukateam.chassis_core.modules.config.utils.ConfigUtils:lambda$getConfigMap$2:74]: 	at java.base/java.util.concurrent.ForkJoinWorkerThread.run(ForkJoinWorkerThread.java:165)
[19Aug2026 16:50:58.030] [Worker-Main-1/ERROR] [com.nukateam.ntgl.Ntgl/]: Missing required properties for ntgl:cc/equipment/t45/t45_left_leg.json
[19Aug2026 16:50:58.030] [Worker-Main-1/INFO] [STDERR/]: [com.nukateam.chassis_core.modules.config.utils.ConfigUtils:lambda$getConfigMap$2:74]: java.io.InvalidObjectException: Missing required property: id
[19Aug2026 16:50:58.030] [Worker-Main-1/INFO] [STDERR/]: [com.nukateam.chassis_core.modules.config.utils.ConfigUtils:lambda$getConfigMap$2:74]: 	at TRANSFORMER/ntgl@3.1.2/com.nukateam.chassis_core.modules.config.annotation.Validator.isValidObject(Validator.java:30)
[19Aug2026 16:50:58.030] [Worker-Main-1/INFO] [STDERR/]: [com.nukateam.chassis_core.modules.config.utils.ConfigUtils:lambda$getConfigMap$2:74]: 	at TRANSFORMER/ntgl@3.1.2/com.nukateam.chassis_core.modules.config.utils.ConfigUtils.lambda$getConfigMap$2(ConfigUtils.java:64)
[19Aug2026 16:50:58.031] [Worker-Main-1/INFO] [STDERR/]: [com.nukateam.chassis_core.modules.config.utils.ConfigUtils:lambda$getConfigMap$2:74]: 	at java.base/java.util.Optional.ifPresent(Optional.java:178)
[19Aug2026 16:50:58.031] [Worker-Main-1/INFO] [STDERR/]: [com.nukateam.chassis_core.modules.config.utils.ConfigUtils:lambda$getConfigMap$2:74]: 	at TRANSFORMER/ntgl@3.1.2/com.nukateam.chassis_core.modules.config.utils.ConfigUtils.lambda$getConfigMap$3(ConfigUtils.java:59)
[19Aug2026 16:50:58.031] [Worker-Main-1/INFO] [STDERR/]: [com.nukateam.chassis_core.modules.config.utils.ConfigUtils:lambda$getConfigMap$2:74]: 	at java.base/java.util.ArrayList.forEach(ArrayList.java:1511)
[19Aug2026 16:50:58.031] [Worker-Main-1/INFO] [STDERR/]: [com.nukateam.chassis_core.modules.config.utils.ConfigUtils:lambda$getConfigMap$2:74]: 	at TRANSFORMER/ntgl@3.1.2/com.nukateam.chassis_core.modules.config.utils.ConfigUtils.lambda$getConfigMap$4(ConfigUtils.java:46)
[19Aug2026 16:50:58.032] [Worker-Main-1/INFO] [STDERR/]: [com.nukateam.chassis_core.modules.config.utils.ConfigUtils:lambda$getConfigMap$2:74]: 	at java.base/java.util.stream.ForEachOps$ForEachOp$OfRef.accept(ForEachOps.java:183)
[19Aug2026 16:50:58.032] [Worker-Main-1/INFO] [STDERR/]: [com.nukateam.chassis_core.modules.config.utils.ConfigUtils:lambda$getConfigMap$2:74]: 	at java.base/java.util.stream.ReferencePipeline$2$1.accept(ReferencePipeline.java:179)
[19Aug2026 16:50:58.032] [Worker-Main-1/INFO] [STDERR/]: [com.nukateam.chassis_core.modules.config.utils.ConfigUtils:lambda$getConfigMap$2:74]: 	at java.base/java.util.Iterator.forEachRemaining(Iterator.java:133)
[19Aug2026 16:50:58.032] [Worker-Main-1/INFO] [STDERR/]: [com.nukateam.chassis_core.modules.config.utils.ConfigUtils:lambda$getConfigMap$2:74]: 	at java.base/java.util.Spliterators$IteratorSpliterator.forEachRemaining(Spliterators.java:1845)
[19Aug2026 16:50:58.032] [Worker-Main-1/INFO] [STDERR/]: [com.nukateam.chassis_core.modules.config.utils.ConfigUtils:lambda$getConfigMap$2:74]: 	at java.base/java.util.stream.AbstractPipeline.copyInto(AbstractPipeline.java:509)
[19Aug2026 16:50:58.033] [Worker-Main-1/INFO] [STDERR/]: [com.nukateam.chassis_core.modules.config.utils.ConfigUtils:lambda$getConfigMap$2:74]: 	at java.base/java.util.stream.AbstractPipeline.wrapAndCopyInto(AbstractPipeline.java:499)
[19Aug2026 16:50:58.033] [Worker-Main-1/INFO] [STDERR/]: [com.nukateam.chassis_core.modules.config.utils.ConfigUtils:lambda$getConfigMap$2:74]: 	at java.base/java.util.stream.ForEachOps$ForEachOp.evaluateSequential(ForEachOps.java:150)
[19Aug2026 16:50:58.034] [Worker-Main-1/INFO] [STDERR/]: [com.nukateam.chassis_core.modules.config.utils.ConfigUtils:lambda$getConfigMap$2:74]: 	at java.base/java.util.stream.ForEachOps$ForEachOp$OfRef.evaluateSequential(ForEachOps.java:173)
[19Aug2026 16:50:58.034] [Worker-Main-1/INFO] [STDERR/]: [com.nukateam.chassis_core.modules.config.utils.ConfigUtils:lambda$getConfigMap$2:74]: 	at java.base/java.util.stream.AbstractPipeline.evaluate(AbstractPipeline.java:234)
[19Aug2026 16:50:58.035] [Worker-Main-1/INFO] [STDERR/]: [com.nukateam.chassis_core.modules.config.utils.ConfigUtils:lambda$getConfigMap$2:74]: 	at java.base/java.util.stream.ReferencePipeline.forEach(ReferencePipeline.java:596)
[19Aug2026 16:50:58.035] [Worker-Main-1/INFO] [STDERR/]: [com.nukateam.chassis_core.modules.config.utils.ConfigUtils:lambda$getConfigMap$2:74]: 	at TRANSFORMER/ntgl@3.1.2/com.nukateam.chassis_core.modules.config.utils.ConfigUtils.getConfigMap(ConfigUtils.java:34)
[19Aug2026 16:50:58.035] [Worker-Main-1/INFO] [STDERR/]: [com.nukateam.chassis_core.modules.config.utils.ConfigUtils:lambda$getConfigMap$2:74]: 	at TRANSFORMER/ntgl@3.1.2/com.nukateam.ntgl.modules.datapack.managers.NetworkEquipmentManager.prepare(NetworkEquipmentManager.java:46)
[19Aug2026 16:50:58.035] [Worker-Main-1/INFO] [STDERR/]: [com.nukateam.chassis_core.modules.config.utils.ConfigUtils:lambda$getConfigMap$2:74]: 	at TRANSFORMER/ntgl@3.1.2/com.nukateam.ntgl.modules.datapack.managers.NetworkEquipmentManager.m_5944_(NetworkEquipmentManager.java:29)
[19Aug2026 16:50:58.035] [Worker-Main-1/INFO] [STDERR/]: [com.nukateam.chassis_core.modules.config.utils.ConfigUtils:lambda$getConfigMap$2:74]: 	at TRANSFORMER/minecraft@1.20.1/net.minecraft.server.packs.resources.SimplePreparableReloadListener.m_10786_(SimplePreparableReloadListener.java:11)
[19Aug2026 16:50:58.036] [Worker-Main-1/INFO] [STDERR/]: [com.nukateam.chassis_core.modules.config.utils.ConfigUtils:lambda$getConfigMap$2:74]: 	at java.base/java.util.concurrent.CompletableFuture$AsyncSupply.run(CompletableFuture.java:1768)
[19Aug2026 16:50:58.036] [Worker-Main-1/INFO] [STDERR/]: [com.nukateam.chassis_core.modules.config.utils.ConfigUtils:lambda$getConfigMap$2:74]: 	at java.base/java.util.concurrent.CompletableFuture$AsyncSupply.exec(CompletableFuture.java:1760)
[19Aug2026 16:50:58.036] [Worker-Main-1/INFO] [STDERR/]: [com.nukateam.chassis_core.modules.config.utils.ConfigUtils:lambda$getConfigMap$2:74]: 	at java.base/java.util.concurrent.ForkJoinTask.doExec(ForkJoinTask.java:373)
[19Aug2026 16:50:58.036] [Worker-Main-1/INFO] [STDERR/]: [com.nukateam.chassis_core.modules.config.utils.ConfigUtils:lambda$getConfigMap$2:74]: 	at java.base/java.util.concurrent.ForkJoinPool$WorkQueue.topLevelExec(ForkJoinPool.java:1182)
[19Aug2026 16:50:58.036] [Worker-Main-1/INFO] [STDERR/]: [com.nukateam.chassis_core.modules.config.utils.ConfigUtils:lambda$getConfigMap$2:74]: 	at java.base/java.util.concurrent.ForkJoinPool.scan(ForkJoinPool.java:1655)
[19Aug2026 16:50:58.037] [Worker-Main-1/INFO] [STDERR/]: [com.nukateam.chassis_core.modules.config.utils.ConfigUtils:lambda$getConfigMap$2:74]: 	at java.base/java.util.concurrent.ForkJoinPool.runWorker(ForkJoinPool.java:1622)
[19Aug2026 16:50:58.037] [Worker-Main-1/INFO] [STDERR/]: [com.nukateam.chassis_core.modules.config.utils.ConfigUtils:lambda$getConfigMap$2:74]: 	at java.base/java.util.concurrent.ForkJoinWorkerThread.run(ForkJoinWorkerThread.java:165)
[19Aug2026 16:50:58.038] [Worker-Main-1/ERROR] [com.nukateam.ntgl.Ntgl/]: Missing required properties for ntgl:cc/equipment/t45/t45_right_arm.json
[19Aug2026 16:50:58.038] [Worker-Main-1/INFO] [STDERR/]: [com.nukateam.chassis_core.modules.config.utils.ConfigUtils:lambda$getConfigMap$2:74]: java.io.InvalidObjectException: Missing required property: id
[19Aug2026 16:50:58.038] [Worker-Main-1/INFO] [STDERR/]: [com.nukateam.chassis_core.modules.config.utils.ConfigUtils:lambda$getConfigMap$2:74]: 	at TRANSFORMER/ntgl@3.1.2/com.nukateam.chassis_core.modules.config.annotation.Validator.isValidObject(Validator.java:30)
[19Aug2026 16:50:58.038] [Worker-Main-1/INFO] [STDERR/]: [com.nukateam.chassis_core.modules.config.utils.ConfigUtils:lambda$getConfigMap$2:74]: 	at TRANSFORMER/ntgl@3.1.2/com.nukateam.chassis_core.modules.config.utils.ConfigUtils.lambda$getConfigMap$2(ConfigUtils.java:64)
[19Aug2026 16:50:58.039] [Worker-Main-1/INFO] [STDERR/]: [com.nukateam.chassis_core.modules.config.utils.ConfigUtils:lambda$getConfigMap$2:74]: 	at java.base/java.util.Optional.ifPresent(Optional.java:178)
[19Aug2026 16:50:58.039] [Worker-Main-1/INFO] [STDERR/]: [com.nukateam.chassis_core.modules.config.utils.ConfigUtils:lambda$getConfigMap$2:74]: 	at TRANSFORMER/ntgl@3.1.2/com.nukateam.chassis_core.modules.config.utils.ConfigUtils.lambda$getConfigMap$3(ConfigUtils.java:59)
[19Aug2026 16:50:58.039] [Worker-Main-1/INFO] [STDERR/]: [com.nukateam.chassis_core.modules.config.utils.ConfigUtils:lambda$getConfigMap$2:74]: 	at java.base/java.util.ArrayList.forEach(ArrayList.java:1511)
[19Aug2026 16:50:58.039] [Worker-Main-1/INFO] [STDERR/]: [com.nukateam.chassis_core.modules.config.utils.ConfigUtils:lambda$getConfigMap$2:74]: 	at TRANSFORMER/ntgl@3.1.2/com.nukateam.chassis_core.modules.config.utils.ConfigUtils.lambda$getConfigMap$4(ConfigUtils.java:46)
[19Aug2026 16:50:58.040] [Worker-Main-1/INFO] [STDERR/]: [com.nukateam.chassis_core.modules.config.utils.ConfigUtils:lambda$getConfigMap$2:74]: 	at java.base/java.util.stream.ForEachOps$ForEachOp$OfRef.accept(ForEachOps.java:183)
[19Aug2026 16:50:58.040] [Worker-Main-1/INFO] [STDERR/]: [com.nukateam.chassis_core.modules.config.utils.ConfigUtils:lambda$getConfigMap$2:74]: 	at java.base/java.util.stream.ReferencePipeline$2$1.accept(ReferencePipeline.java:179)
[19Aug2026 16:50:58.041] [Worker-Main-1/INFO] [STDERR/]: [com.nukateam.chassis_core.modules.config.utils.ConfigUtils:lambda$getConfigMap$2:74]: 	at java.base/java.util.Iterator.forEachRemaining(Iterator.java:133)
[19Aug2026 16:50:58.041] [Worker-Main-1/INFO] [STDERR/]: [com.nukateam.chassis_core.modules.config.utils.ConfigUtils:lambda$getConfigMap$2:74]: 	at java.base/java.util.Spliterators$IteratorSpliterator.forEachRemaining(Spliterators.java:1845)
[19Aug2026 16:50:58.041] [Worker-Main-1/INFO] [STDERR/]: [com.nukateam.chassis_core.modules.config.utils.ConfigUtils:lambda$getConfigMap$2:74]: 	at java.base/java.util.stream.AbstractPipeline.copyInto(AbstractPipeline.java:509)
[19Aug2026 16:50:58.041] [Worker-Main-1/INFO] [STDERR/]: [com.nukateam.chassis_core.modules.config.utils.ConfigUtils:lambda$getConfigMap$2:74]: 	at java.base/java.util.stream.AbstractPipeline.wrapAndCopyInto(AbstractPipeline.java:499)
[19Aug2026 16:50:58.041] [Worker-Main-1/INFO] [STDERR/]: [com.nukateam.chassis_core.modules.config.utils.ConfigUtils:lambda$getConfigMap$2:74]: 	at java.base/java.util.stream.ForEachOps$ForEachOp.evaluateSequential(ForEachOps.java:150)
[19Aug2026 16:50:58.041] [Worker-Main-1/INFO] [STDERR/]: [com.nukateam.chassis_core.modules.config.utils.ConfigUtils:lambda$getConfigMap$2:74]: 	at java.base/java.util.stream.ForEachOps$ForEachOp$OfRef.evaluateSequential(ForEachOps.java:173)
[19Aug2026 16:50:58.041] [Worker-Main-1/INFO] [STDERR/]: [com.nukateam.chassis_core.modules.config.utils.ConfigUtils:lambda$getConfigMap$2:74]: 	at java.base/java.util.stream.AbstractPipeline.evaluate(AbstractPipeline.java:234)
[19Aug2026 16:50:58.042] [Worker-Main-1/INFO] [STDERR/]: [com.nukateam.chassis_core.modules.config.utils.ConfigUtils:lambda$getConfigMap$2:74]: 	at java.base/java.util.stream.ReferencePipeline.forEach(ReferencePipeline.java:596)
[19Aug2026 16:50:58.042] [Worker-Main-1/INFO] [STDERR/]: [com.nukateam.chassis_core.modules.config.utils.ConfigUtils:lambda$getConfigMap$2:74]: 	at TRANSFORMER/ntgl@3.1.2/com.nukateam.chassis_core.modules.config.utils.ConfigUtils.getConfigMap(ConfigUtils.java:34)
[19Aug2026 16:50:58.042] [Worker-Main-1/INFO] [STDERR/]: [com.nukateam.chassis_core.modules.config.utils.ConfigUtils:lambda$getConfigMap$2:74]: 	at TRANSFORMER/ntgl@3.1.2/com.nukateam.ntgl.modules.datapack.managers.NetworkEquipmentManager.prepare(NetworkEquipmentManager.java:46)
[19Aug2026 16:50:58.042] [Worker-Main-1/INFO] [STDERR/]: [com.nukateam.chassis_core.modules.config.utils.ConfigUtils:lambda$getConfigMap$2:74]: 	at TRANSFORMER/ntgl@3.1.2/com.nukateam.ntgl.modules.datapack.managers.NetworkEquipmentManager.m_5944_(NetworkEquipmentManager.java:29)
[19Aug2026 16:50:58.042] [Worker-Main-1/INFO] [STDERR/]: [com.nukateam.chassis_core.modules.config.utils.ConfigUtils:lambda$getConfigMap$2:74]: 	at TRANSFORMER/minecraft@1.20.1/net.minecraft.server.packs.resources.SimplePreparableReloadListener.m_10786_(SimplePreparableReloadListener.java:11)
[19Aug2026 16:50:58.042] [Worker-Main-1/INFO] [STDERR/]: [com.nukateam.chassis_core.modules.config.utils.ConfigUtils:lambda$getConfigMap$2:74]: 	at java.base/java.util.concurrent.CompletableFuture$AsyncSupply.run(CompletableFuture.java:1768)
[19Aug2026 16:50:58.042] [Worker-Main-1/INFO] [STDERR/]: [com.nukateam.chassis_core.modules.config.utils.ConfigUtils:lambda$getConfigMap$2:74]: 	at java.base/java.util.concurrent.CompletableFuture$AsyncSupply.exec(CompletableFuture.java:1760)
[19Aug2026 16:50:58.042] [Worker-Main-1/INFO] [STDERR/]: [com.nukateam.chassis_core.modules.config.utils.ConfigUtils:lambda$getConfigMap$2:74]: 	at java.base/java.util.concurrent.ForkJoinTask.doExec(ForkJoinTask.java:373)
[19Aug2026 16:50:58.043] [Worker-Main-1/INFO] [STDERR/]: [com.nukateam.chassis_core.modules.config.utils.ConfigUtils:lambda$getConfigMap$2:74]: 	at java.base/java.util.concurrent.ForkJoinPool$WorkQueue.topLevelExec(ForkJoinPool.java:1182)
[19Aug2026 16:50:58.043] [Worker-Main-1/INFO] [STDERR/]: [com.nukateam.chassis_core.modules.config.utils.ConfigUtils:lambda$getConfigMap$2:74]: 	at java.base/java.util.concurrent.ForkJoinPool.scan(ForkJoinPool.java:1655)
[19Aug2026 16:50:58.043] [Worker-Main-1/INFO] [STDERR/]: [com.nukateam.chassis_core.modules.config.utils.ConfigUtils:lambda$getConfigMap$2:74]: 	at java.base/java.util.concurrent.ForkJoinPool.runWorker(ForkJoinPool.java:1622)
[19Aug2026 16:50:58.043] [Worker-Main-1/INFO] [STDERR/]: [com.nukateam.chassis_core.modules.config.utils.ConfigUtils:lambda$getConfigMap$2:74]: 	at java.base/java.util.concurrent.ForkJoinWorkerThread.run(ForkJoinWorkerThread.java:165)
[19Aug2026 16:50:58.046] [Worker-Main-1/ERROR] [com.nukateam.ntgl.Ntgl/]: Missing required properties for ntgl:cc/equipment/t45/t45_right_leg.json
[19Aug2026 16:50:58.047] [Worker-Main-1/INFO] [STDERR/]: [com.nukateam.chassis_core.modules.config.utils.ConfigUtils:lambda$getConfigMap$2:74]: java.io.InvalidObjectException: Missing required property: id
[19Aug2026 16:50:58.047] [Worker-Main-1/INFO] [STDERR/]: [com.nukateam.chassis_core.modules.config.utils.ConfigUtils:lambda$getConfigMap$2:74]: 	at TRANSFORMER/ntgl@3.1.2/com.nukateam.chassis_core.modules.config.annotation.Validator.isValidObject(Validator.java:30)
[19Aug2026 16:50:58.048] [Worker-Main-1/INFO] [STDERR/]: [com.nukateam.chassis_core.modules.config.utils.ConfigUtils:lambda$getConfigMap$2:74]: 	at TRANSFORMER/ntgl@3.1.2/com.nukateam.chassis_core.modules.config.utils.ConfigUtils.lambda$getConfigMap$2(ConfigUtils.java:64)
[19Aug2026 16:50:58.048] [Worker-Main-1/INFO] [STDERR/]: [com.nukateam.chassis_core.modules.config.utils.ConfigUtils:lambda$getConfigMap$2:74]: 	at java.base/java.util.Optional.ifPresent(Optional.java:178)
[19Aug2026 16:50:58.048] [Worker-Main-1/INFO] [STDERR/]: [com.nukateam.chassis_core.modules.config.utils.ConfigUtils:lambda$getConfigMap$2:74]: 	at TRANSFORMER/ntgl@3.1.2/com.nukateam.chassis_core.modules.config.utils.ConfigUtils.lambda$getConfigMap$3(ConfigUtils.java:59)
[19Aug2026 16:50:58.049] [Worker-Main-1/INFO] [STDERR/]: [com.nukateam.chassis_core.modules.config.utils.ConfigUtils:lambda$getConfigMap$2:74]: 	at java.base/java.util.ArrayList.forEach(ArrayList.java:1511)
[19Aug2026 16:50:58.049] [Worker-Main-1/INFO] [STDERR/]: [com.nukateam.chassis_core.modules.config.utils.ConfigUtils:lambda$getConfigMap$2:74]: 	at TRANSFORMER/ntgl@3.1.2/com.nukateam.chassis_core.modules.config.utils.ConfigUtils.lambda$getConfigMap$4(ConfigUtils.java:46)
[19Aug2026 16:50:58.049] [Worker-Main-1/INFO] [STDERR/]: [com.nukateam.chassis_core.modules.config.utils.ConfigUtils:lambda$getConfigMap$2:74]: 	at java.base/java.util.stream.ForEachOps$ForEachOp$OfRef.accept(ForEachOps.java:183)
[19Aug2026 16:50:58.049] [Worker-Main-1/INFO] [STDERR/]: [com.nukateam.chassis_core.modules.config.utils.ConfigUtils:lambda$getConfigMap$2:74]: 	at java.base/java.util.stream.ReferencePipeline$2$1.accept(ReferencePipeline.java:179)
[19Aug2026 16:50:58.049] [Worker-Main-1/INFO] [STDERR/]: [com.nukateam.chassis_core.modules.config.utils.ConfigUtils:lambda$getConfigMap$2:74]: 	at java.base/java.util.Iterator.forEachRemaining(Iterator.java:133)
[19Aug2026 16:50:58.049] [Worker-Main-1/INFO] [STDERR/]: [com.nukateam.chassis_core.modules.config.utils.ConfigUtils:lambda$getConfigMap$2:74]: 	at java.base/java.util.Spliterators$IteratorSpliterator.forEachRemaining(Spliterators.java:1845)
[19Aug2026 16:50:58.049] [Worker-Main-1/INFO] [STDERR/]: [com.nukateam.chassis_core.modules.config.utils.ConfigUtils:lambda$getConfigMap$2:74]: 	at java.base/java.util.stream.AbstractPipeline.copyInto(AbstractPipeline.java:509)
[19Aug2026 16:50:58.050] [Worker-Main-1/INFO] [STDERR/]: [com.nukateam.chassis_core.modules.config.utils.ConfigUtils:lambda$getConfigMap$2:74]: 	at java.base/java.util.stream.AbstractPipeline.wrapAndCopyInto(AbstractPipeline.java:499)
[19Aug2026 16:50:58.050] [Worker-Main-1/INFO] [STDERR/]: [com.nukateam.chassis_core.modules.config.utils.ConfigUtils:lambda$getConfigMap$2:74]: 	at java.base/java.util.stream.ForEachOps$ForEachOp.evaluateSequential(ForEachOps.java:150)
[19Aug2026 16:50:58.050] [Worker-Main-1/INFO] [STDERR/]: [com.nukateam.chassis_core.modules.config.utils.ConfigUtils:lambda$getConfigMap$2:74]: 	at java.base/java.util.stream.ForEachOps$ForEachOp$OfRef.evaluateSequential(ForEachOps.java:173)
[19Aug2026 16:50:58.050] [Worker-Main-1/INFO] [STDERR/]: [com.nukateam.chassis_core.modules.config.utils.ConfigUtils:lambda$getConfigMap$2:74]: 	at java.base/java.util.stream.AbstractPipeline.evaluate(AbstractPipeline.java:234)
[19Aug2026 16:50:58.051] [Worker-Main-1/INFO] [STDERR/]: [com.nukateam.chassis_core.modules.config.utils.ConfigUtils:lambda$getConfigMap$2:74]: 	at java.base/java.util.stream.ReferencePipeline.forEach(ReferencePipeline.java:596)
[19Aug2026 16:50:58.051] [Worker-Main-1/INFO] [STDERR/]: [com.nukateam.chassis_core.modules.config.utils.ConfigUtils:lambda$getConfigMap$2:74]: 	at TRANSFORMER/ntgl@3.1.2/com.nukateam.chassis_core.modules.config.utils.ConfigUtils.getConfigMap(ConfigUtils.java:34)
[19Aug2026 16:50:58.051] [Worker-Main-1/INFO] [STDERR/]: [com.nukateam.chassis_core.modules.config.utils.ConfigUtils:lambda$getConfigMap$2:74]: 	at TRANSFORMER/ntgl@3.1.2/com.nukateam.ntgl.modules.datapack.managers.NetworkEquipmentManager.prepare(NetworkEquipmentManager.java:46)
[19Aug2026 16:50:58.051] [Worker-Main-1/INFO] [STDERR/]: [com.nukateam.chassis_core.modules.config.utils.ConfigUtils:lambda$getConfigMap$2:74]: 	at TRANSFORMER/ntgl@3.1.2/com.nukateam.ntgl.modules.datapack.managers.NetworkEquipmentManager.m_5944_(NetworkEquipmentManager.java:29)
[19Aug2026 16:50:58.051] [Worker-Main-1/INFO] [STDERR/]: [com.nukateam.chassis_core.modules.config.utils.ConfigUtils:lambda$getConfigMap$2:74]: 	at TRANSFORMER/minecraft@1.20.1/net.minecraft.server.packs.resources.SimplePreparableReloadListener.m_10786_(SimplePreparableReloadListener.java:11)
[19Aug2026 16:50:58.051] [Worker-Main-1/INFO] [STDERR/]: [com.nukateam.chassis_core.modules.config.utils.ConfigUtils:lambda$getConfigMap$2:74]: 	at java.base/java.util.concurrent.CompletableFuture$AsyncSupply.run(CompletableFuture.java:1768)
[19Aug2026 16:50:58.052] [Worker-Main-1/INFO] [STDERR/]: [com.nukateam.chassis_core.modules.config.utils.ConfigUtils:lambda$getConfigMap$2:74]: 	at java.base/java.util.concurrent.CompletableFuture$AsyncSupply.exec(CompletableFuture.java:1760)
[19Aug2026 16:50:58.052] [Worker-Main-1/INFO] [STDERR/]: [com.nukateam.chassis_core.modules.config.utils.ConfigUtils:lambda$getConfigMap$2:74]: 	at java.base/java.util.concurrent.ForkJoinTask.doExec(ForkJoinTask.java:373)
[19Aug2026 16:50:58.052] [Worker-Main-1/INFO] [STDERR/]: [com.nukateam.chassis_core.modules.config.utils.ConfigUtils:lambda$getConfigMap$2:74]: 	at java.base/java.util.concurrent.ForkJoinPool$WorkQueue.topLevelExec(ForkJoinPool.java:1182)
[19Aug2026 16:50:58.052] [Worker-Main-1/INFO] [STDERR/]: [com.nukateam.chassis_core.modules.config.utils.ConfigUtils:lambda$getConfigMap$2:74]: 	at java.base/java.util.concurrent.ForkJoinPool.scan(ForkJoinPool.java:1655)
[19Aug2026 16:50:58.052] [Worker-Main-1/INFO] [STDERR/]: [com.nukateam.chassis_core.modules.config.utils.ConfigUtils:lambda$getConfigMap$2:74]: 	at java.base/java.util.concurrent.ForkJoinPool.runWorker(ForkJoinPool.java:1622)
[19Aug2026 16:50:58.053] [Worker-Main-1/INFO] [STDERR/]: [com.nukateam.chassis_core.modules.config.utils.ConfigUtils:lambda$getConfigMap$2:74]: 	at java.base/java.util.concurrent.ForkJoinWorkerThread.run(ForkJoinWorkerThread.java:165)
[19Aug2026 16:50:58.146] [main/INFO] [com.teamabnormals.blueprint.core.Blueprint/]: Loot Modification Manager has loaded 1 modifier groups
[19Aug2026 16:50:58.227] [main/WARN] [net.minecraft.world.level.storage.loot.LootDataManager/]: Found loot table element validation problem in {loot_tables:alexsmobs:gameplay/seal_reward}.pools[0].entries[0]->{minecraft:gameplay/fishing/junk}.pools[1].condition[1]: Parameters [<parameter minecraft:origin>] are not provided in this context
[19Aug2026 16:50:58.244] [main/DEBUG] [mixin/]: Mixing AccessorSmithingTrimRecipe from patchouli_xplat.mixins.json into net.minecraft.world.item.crafting.SmithingTrimRecipe
[19Aug2026 16:50:58.244] [main/DEBUG] [mixin/]: Mixing AccessorSmithingTrimRecipe from polymorph.mixins.json into net.minecraft.world.item.crafting.SmithingTrimRecipe
[19Aug2026 16:50:58.245] [main/DEBUG] [mixin/]: Unexpected: Registered method getBase()Lnet/minecraft/world/item/crafting/Ingredient; in net.minecraft.world.item.crafting.SmithingTrimRecipe was not merged
[19Aug2026 16:50:58.245] [main/DEBUG] [mixin/]: Unexpected: Registered method getAddition()Lnet/minecraft/world/item/crafting/Ingredient; in net.minecraft.world.item.crafting.SmithingTrimRecipe was not merged
[19Aug2026 16:50:58.245] [main/DEBUG] [mixin/]: Unexpected: Registered method getTemplate()Lnet/minecraft/world/item/crafting/Ingredient; in net.minecraft.world.item.crafting.SmithingTrimRecipe was not merged
[19Aug2026 16:50:58.250] [main/INFO] [net.minecraft.world.item.crafting.RecipeManager/]: Skipping loading recipe endergetic:poise_slab_from_poise_stems_sawing as it's serializer returned null
[19Aug2026 16:50:58.252] [main/INFO] [net.minecraft.world.item.crafting.RecipeManager/]: Skipping loading recipe endergetic:poise_fence_from_poise_planks_sawing as it's serializer returned null
[19Aug2026 16:50:58.265] [main/INFO] [net.minecraft.world.item.crafting.RecipeManager/]: Skipping loading recipe endergetic:poise_beehive as it's serializer returned null
[19Aug2026 16:50:58.267] [main/INFO] [net.minecraft.world.item.crafting.RecipeManager/]: Skipping loading recipe endergetic:cracked_purpur_block_from_baking as it's serializer returned null
[19Aug2026 16:50:58.271] [main/INFO] [net.minecraft.world.item.crafting.RecipeManager/]: Skipping loading recipe endergetic:poise_button_from_poise_stems_sawing as it's serializer returned null
[19Aug2026 16:50:58.289] [main/INFO] [net.minecraft.world.item.crafting.RecipeManager/]: Skipping loading recipe endergetic:poise_trapdoor_from_poise_stems_sawing as it's serializer returned null
[19Aug2026 16:50:58.294] [main/INFO] [net.minecraft.world.item.crafting.RecipeManager/]: Skipping loading recipe endergetic:poise_furnace_boat as it's serializer returned null
[19Aug2026 16:50:58.298] [main/INFO] [net.minecraft.world.item.crafting.RecipeManager/]: Skipping loading recipe endergetic:poise_slab_from_poise_planks_sawing as it's serializer returned null
[19Aug2026 16:50:58.300] [main/INFO] [net.minecraft.world.item.crafting.RecipeManager/]: Skipping loading recipe endergetic:chiseled_poise_bookshelf as it's serializer returned null
[19Aug2026 16:50:58.301] [main/INFO] [net.minecraft.world.item.crafting.RecipeManager/]: Skipping loading recipe endergetic:poise_planks_from_poise_stems_sawing as it's serializer returned null
[19Aug2026 16:50:58.303] [main/INFO] [net.minecraft.world.item.crafting.RecipeManager/]: Skipping loading recipe endergetic:eumus_brick_from_baking as it's serializer returned null
[19Aug2026 16:50:58.323] [main/INFO] [net.minecraft.world.item.crafting.RecipeManager/]: Skipping loading recipe endergetic:poise_fence_gate_from_poise_stems_sawing as it's serializer returned null
[19Aug2026 16:50:58.325] [main/INFO] [net.minecraft.world.item.crafting.RecipeManager/]: Skipping loading recipe endergetic:poise_ladder as it's serializer returned null
[19Aug2026 16:50:58.326] [main/INFO] [net.minecraft.world.item.crafting.RecipeManager/]: Skipping loading recipe endergetic:poise_door_from_poise_stems_sawing as it's serializer returned null
[19Aug2026 16:50:58.327] [main/INFO] [net.minecraft.world.item.crafting.RecipeManager/]: Skipping loading recipe endergetic:trapped_poise_chest as it's serializer returned null
[19Aug2026 16:50:58.331] [main/INFO] [net.minecraft.world.item.crafting.RecipeManager/]: Skipping loading recipe endergetic:cracked_eumus_bricks_from_baking as it's serializer returned null
[19Aug2026 16:50:58.333] [main/INFO] [net.minecraft.world.item.crafting.RecipeManager/]: Skipping loading recipe endergetic:poise_boards as it's serializer returned null
[19Aug2026 16:50:58.335] [main/INFO] [net.minecraft.world.item.crafting.RecipeManager/]: Skipping loading recipe endergetic:poise_sign_from_poise_stems_sawing as it's serializer returned null
[19Aug2026 16:50:58.339] [main/INFO] [net.minecraft.world.item.crafting.RecipeManager/]: Skipping loading recipe endergetic:poise_boards_from_poise_stems_sawing as it's serializer returned null
[19Aug2026 16:50:58.342] [main/INFO] [net.minecraft.world.item.crafting.RecipeManager/]: Skipping loading recipe endergetic:poise_stairs_from_poise_stems_sawing as it's serializer returned null
[19Aug2026 16:50:58.347] [main/INFO] [net.minecraft.world.item.crafting.RecipeManager/]: Skipping loading recipe endergetic:poise_button_from_poise_planks_sawing as it's serializer returned null
[19Aug2026 16:50:58.348] [main/INFO] [net.minecraft.world.item.crafting.RecipeManager/]: Skipping loading recipe endergetic:poise_bookshelf as it's serializer returned null
[19Aug2026 16:50:58.351] [main/INFO] [net.minecraft.world.item.crafting.RecipeManager/]: Skipping loading recipe endergetic:poise_boards_from_poise_planks_sawing as it's serializer returned null
[19Aug2026 16:50:58.360] [main/INFO] [net.minecraft.world.item.crafting.RecipeManager/]: Skipping loading recipe endergetic:poise_pressure_plate_from_poise_stems_sawing as it's serializer returned null
[19Aug2026 16:50:58.363] [main/INFO] [net.minecraft.world.item.crafting.RecipeManager/]: Skipping loading recipe endergetic:poise_fence_from_poise_stems_sawing as it's serializer returned null
[19Aug2026 16:50:58.364] [main/INFO] [net.minecraft.world.item.crafting.RecipeManager/]: Skipping loading recipe endergetic:large_poise_boat as it's serializer returned null
[19Aug2026 16:50:58.368] [main/INFO] [net.minecraft.world.item.crafting.RecipeManager/]: Skipping loading recipe endergetic:poise_stairs_from_poise_planks_sawing as it's serializer returned null
[19Aug2026 16:50:58.370] [main/INFO] [net.minecraft.world.item.crafting.RecipeManager/]: Skipping loading recipe endergetic:poise_ladder_from_poise_planks_sawing as it's serializer returned null
[19Aug2026 16:50:58.371] [main/INFO] [net.minecraft.world.item.crafting.RecipeManager/]: Skipping loading recipe endergetic:cracked_end_stone_bricks_from_baking as it's serializer returned null
[19Aug2026 16:50:58.374] [main/INFO] [net.minecraft.world.item.crafting.RecipeManager/]: Skipping loading recipe endergetic:poise_ladder_from_poise_stems_sawing as it's serializer returned null
[19Aug2026 16:50:58.374] [main/INFO] [net.minecraft.world.item.crafting.RecipeManager/]: Skipping loading recipe endergetic:poise_chest as it's serializer returned null
[19Aug2026 16:50:58.378] [main/INFO] [net.minecraft.world.item.crafting.RecipeManager/]: Loaded 19 recipes
[19Aug2026 16:50:58.383] [main/DEBUG] [mixin/]: Mixing AdvancementBuilderMixin from blueprint.mixins.json into net.minecraft.advancements.Advancement$Builder
[19Aug2026 16:50:58.390] [main/INFO] [com.teamabnormals.blueprint.core.Blueprint/]: Advancement Modification Manager has loaded 5 modifier groups
[19Aug2026 16:50:58.590] [main/INFO] [net.minecraft.advancements.AdvancementList/]: Loaded 3955 advancements
[19Aug2026 16:50:58.596] [main/INFO] [placebo/]: Registered 0 additional recipes.
[19Aug2026 16:50:58.602] [main/DEBUG] [sophisticatedbackpacks/]: Started loading registry data from sophisticatedbackpacks:compat/woot/block_tools 
[19Aug2026 16:50:58.602] [main/DEBUG] [sophisticatedbackpacks/]: Started loading registry data from sophisticatedbackpacks:compat/fluxnetworks/block_tools 
[19Aug2026 16:50:58.602] [main/DEBUG] [sophisticatedbackpacks/]: Started loading registry data from sophisticatedbackpacks:compat/mob_grinding_utils/entity_tools 
[19Aug2026 16:50:58.602] [main/DEBUG] [sophisticatedbackpacks/]: Started loading registry data from sophisticatedbackpacks:compat/astralsorcery/block_tools 
[19Aug2026 16:50:58.602] [main/DEBUG] [sophisticatedbackpacks/]: Started loading registry data from sophisticatedbackpacks:compat/immersivepetroleum/block_tools 
[19Aug2026 16:50:58.602] [main/DEBUG] [sophisticatedbackpacks/]: Started loading registry data from sophisticatedbackpacks:compat/immersiveengineering/block_tools 
[19Aug2026 16:50:58.602] [main/DEBUG] [sophisticatedbackpacks/]: Started loading registry data from sophisticatedbackpacks:compat/pedestals/block_tools 
[19Aug2026 16:50:58.602] [main/DEBUG] [sophisticatedbackpacks/]: Started loading registry data from sophisticatedbackpacks:compat/platforms/block_tools 
[19Aug2026 16:50:58.602] [main/DEBUG] [sophisticatedbackpacks/]: Started loading registry data from sophisticatedbackpacks:compat/rftoolsutility/entity_tools 
[19Aug2026 16:50:58.602] [main/DEBUG] [sophisticatedbackpacks/]: Started loading registry data from sophisticatedbackpacks:compat/compactmachines/block_tools 
[19Aug2026 16:50:58.602] [main/DEBUG] [sophisticatedbackpacks/]: Started loading registry data from sophisticatedbackpacks:compat/mcwwindows/block_tools 
[19Aug2026 16:50:58.602] [main/DEBUG] [sophisticatedbackpacks/]: Started loading registry data from sophisticatedbackpacks:compat/integrateddynamics/block_tools 
[19Aug2026 16:50:58.602] [main/DEBUG] [sophisticatedbackpacks/]: Started loading registry data from sophisticatedbackpacks:entity_tools 
[19Aug2026 16:50:58.605] [main/DEBUG] [sophisticatedbackpacks/]: Finished loading registry data for sophisticatedbackpacks:entity_tools
[19Aug2026 16:50:58.605] [main/DEBUG] [sophisticatedbackpacks/]: Started loading registry data from sophisticatedbackpacks:compat/mekanism/block_tools 
[19Aug2026 16:50:58.605] [main/DEBUG] [sophisticatedbackpacks/]: Started loading registry data from sophisticatedbackpacks:compat/powah/block_tools 
[19Aug2026 16:50:58.605] [main/DEBUG] [sophisticatedbackpacks/]: Started loading registry data from sophisticatedbackpacks:compat/apotheosis/entity_tools 
[19Aug2026 16:50:58.605] [main/DEBUG] [sophisticatedbackpacks/]: Started loading registry data from sophisticatedbackpacks:compat/bloodmagic/block_tools 
[19Aug2026 16:50:58.605] [main/DEBUG] [sophisticatedbackpacks/]: Started loading registry data from sophisticatedbackpacks:compat/immersiveposts/block_tools 
[19Aug2026 16:50:58.605] [main/DEBUG] [sophisticatedbackpacks/]: Started loading registry data from sophisticatedbackpacks:compat/rats/entity_tools 
[19Aug2026 16:50:58.606] [main/DEBUG] [sophisticatedbackpacks/]: Started loading registry data from sophisticatedbackpacks:compat/framedcompactdrawers/block_tools 
[19Aug2026 16:50:58.606] [main/DEBUG] [sophisticatedbackpacks/]: Started loading registry data from sophisticatedbackpacks:compat/iceandfire/entity_tools 
[19Aug2026 16:50:58.606] [main/DEBUG] [sophisticatedbackpacks/]: Finished loading registry data for sophisticatedbackpacks:compat/iceandfire/entity_tools
[19Aug2026 16:50:58.606] [main/DEBUG] [sophisticatedbackpacks/]: Started loading registry data from sophisticatedbackpacks:compat/storagedrawers/block_tools 
[19Aug2026 16:50:58.606] [main/DEBUG] [sophisticatedbackpacks/]: Started loading registry data from sophisticatedbackpacks:compat/mcwroofs/block_tools 
[19Aug2026 16:50:58.606] [main/DEBUG] [sophisticatedbackpacks/]: Started loading registry data from sophisticatedbackpacks:compat/morphtool/block_tools 
[19Aug2026 16:50:58.606] [main/DEBUG] [sophisticatedbackpacks/]: Started loading registry data from sophisticatedbackpacks:compat/botania/block_tools 
[19Aug2026 16:50:58.606] [main/DEBUG] [sophisticatedbackpacks/]: Started loading registry data from sophisticatedbackpacks:compat/pneumaticraft/block_tools 
[19Aug2026 16:50:58.607] [main/DEBUG] [sophisticatedbackpacks/]: Started loading registry data from sophisticatedbackpacks:compat/shrink/entity_tools 
[19Aug2026 16:50:58.607] [main/DEBUG] [sophisticatedbackpacks/]: Started loading registry data from sophisticatedbackpacks:compat/blockcarpentry/block_tools 
[19Aug2026 16:50:58.607] [main/DEBUG] [sophisticatedbackpacks/]: Started loading registry data from sophisticatedbackpacks:compat/pipez/block_tools 
[19Aug2026 16:50:58.607] [main/DEBUG] [sophisticatedbackpacks/]: Started loading registry data from sophisticatedbackpacks:compat/transport/block_tools 
[19Aug2026 16:50:58.607] [main/DEBUG] [sophisticatedbackpacks/]: Started loading registry data from sophisticatedbackpacks:compat/thermal/block_tools 
[19Aug2026 16:50:58.607] [main/DEBUG] [sophisticatedbackpacks/]: Started loading registry data from sophisticatedbackpacks:block_tools 
[19Aug2026 16:50:58.607] [main/DEBUG] [sophisticatedbackpacks/]: Finished loading registry data for sophisticatedbackpacks:block_tools
[19Aug2026 16:50:58.607] [main/DEBUG] [sophisticatedbackpacks/]: Started loading registry data from sophisticatedbackpacks:compat/create/block_tools 
[19Aug2026 16:50:58.607] [main/DEBUG] [sophisticatedbackpacks/]: Started loading registry data from sophisticatedbackpacks:compat/farmersdelight/entity_tools 
[19Aug2026 16:50:58.607] [main/DEBUG] [sophisticatedbackpacks/]: Started loading registry data from sophisticatedbackpacks:compat/refinedstorage/block_tools 
[19Aug2026 16:50:58.607] [main/DEBUG] [sophisticatedbackpacks/]: Started loading registry data from sophisticatedbackpacks:compat/chiselsandbits/block_tools 
[19Aug2026 16:50:58.607] [main/DEBUG] [sophisticatedbackpacks/]: Started loading registry data from sophisticatedbackpacks:compat/farmersdelight/block_tools 
[19Aug2026 16:50:58.607] [main/DEBUG] [sophisticatedbackpacks/]: Started loading registry data from sophisticatedbackpacks:compat/resourcefulbees/entity_tools 
[19Aug2026 16:50:58.607] [main/DEBUG] [sophisticatedbackpacks/]: Started loading registry data from sophisticatedbackpacks:compat/tetra/swords 
[19Aug2026 16:50:58.607] [main/DEBUG] [sophisticatedbackpacks/]: Started loading registry data from sophisticatedbackpacks:swords 
[19Aug2026 16:50:58.607] [main/DEBUG] [sophisticatedbackpacks/]: Finished loading registry data for sophisticatedbackpacks:swords
[19Aug2026 16:50:58.607] [main/DEBUG] [sophisticatedbackpacks/]: Started loading registry data from sophisticatedbackpacks:compat/mythicbotany/block_tools 
[19Aug2026 16:50:58.607] [main/DEBUG] [sophisticatedbackpacks/]: Started loading registry data from sophisticatedbackpacks:compat/resourcefulbees/block_tools 
[19Aug2026 16:50:58.608] [main/DEBUG] [sophisticatedbackpacks/]: Started loading registry data from sophisticatedbackpacks:compat/syp/entity_tools 
[19Aug2026 16:50:58.608] [main/DEBUG] [sophisticatedbackpacks/]: Started loading registry data from sophisticatedbackpacks:compat/eidolon/block_tools 
[19Aug2026 16:50:58.608] [main/DEBUG] [sophisticatedbackpacks/]: Started loading registry data from sophisticatedbackpacks:compat/rftoolsbase/block_tools 
[19Aug2026 16:50:58.614] [main/WARN] [net.minecraftforge.common.loot.LootModifierManager/]: Could not decode GlobalLootModifier with json id bygonenether:soul_stone_from_block - error: Unknown registry key in ResourceKey[minecraft:root / forge:global_loot_modifier_serializers]: bygonenether:replace_item
[19Aug2026 16:50:58.614] [main/WARN] [net.minecraftforge.common.loot.LootModifierManager/]: Could not decode GlobalLootModifier with json id bygonenether:soul_stone_in_catacombs - error: Unknown registry key in ResourceKey[minecraft:root / forge:global_loot_modifier_serializers]: bygonenether:replace_item
[19Aug2026 16:50:58.617] [main/INFO] [com.teamabnormals.blueprint.core.Blueprint/]: Chunk Generator Modification Manager has loaded 1 modifier groups
[19Aug2026 16:50:58.630] [main/INFO] [top.theillusivec4.curios.Curios/]: Loaded 16 curio slots
[19Aug2026 16:50:58.633] [main/INFO] [top.theillusivec4.curios.Curios/]: Loaded 11 curio entities
[19Aug2026 16:50:58.633] [main/INFO] [placebo/]: Registered 0 gear_sets.
[19Aug2026 16:50:58.691] [main/WARN] [ModernFix/]: Initial datapack load took 4.406 s
[19Aug2026 16:50:58.703] [main/DEBUG] [net.minecraftforge.common.ForgeHooks/WP]: Gathering id map for writing to world save world
[19Aug2026 16:50:58.757] [main/DEBUG] [net.minecraftforge.common.ForgeHooks/WP]: ID Map collection complete world
[19Aug2026 16:50:58.814] [main/DEBUG] [mixin/]: Mixing feature.mcfunction_profiling.ServerFunctionManagerMixin from modernfix-modernfix.mixins.json into net.minecraft.server.ServerFunctionManager
[19Aug2026 16:50:58.814] [main/DEBUG] [mixin/]: Renaming synthetic method lambda$mfix$getProfilingResults$2(Ljava/util/Map$Entry;)Ljava/time/Duration; to md801402$lambda$mfix$getProfilingResults$2$0 in modernfix-modernfix.mixins.json:feature.mcfunction_profiling.ServerFunctionManagerMixin
[19Aug2026 16:50:58.814] [main/DEBUG] [mixin/]: Renaming synthetic method lambda$pruneUnusedWatches$1(Lcom/google/common/base/Stopwatch;)Z to md801402$lambda$pruneUnusedWatches$1$1 in modernfix-modernfix.mixins.json:feature.mcfunction_profiling.ServerFunctionManagerMixin
[19Aug2026 16:50:58.814] [main/DEBUG] [mixin/]: Renaming synthetic method lambda$startWatch$0(Lnet/minecraft/resources/ResourceLocation;)Lcom/google/common/base/Stopwatch; to md801402$lambda$startWatch$0$2 in modernfix-modernfix.mixins.json:feature.mcfunction_profiling.ServerFunctionManagerMixin
[19Aug2026 16:50:58.830] [Server thread/INFO] [net.minecraft.server.dedicated.DedicatedServer/]: Starting minecraft server version 1.20.1
[19Aug2026 16:50:58.830] [Server thread/INFO] [net.minecraft.server.dedicated.DedicatedServer/]: Loading properties
[19Aug2026 16:50:58.831] [Server thread/INFO] [net.minecraft.server.dedicated.DedicatedServer/]: Default game type: SURVIVAL
[19Aug2026 16:50:58.831] [Server thread/INFO] [net.minecraft.server.MinecraftServer/]: Generating keypair
[19Aug2026 16:50:59.003] [Server thread/INFO] [net.minecraft.server.dedicated.DedicatedServer/]: Starting Minecraft server on *:25565
[19Aug2026 16:50:59.004] [Server thread/DEBUG] [net.minecraftforge.network.DualStackUtils/]: Detected IPv6 address: "0:0:0:0:0:0:0:0"
[19Aug2026 16:50:59.013] [Server thread/DEBUG] [io.netty.util.internal.NativeLibraryLoader/]: -Dio.netty.native.workdir: /tmp (io.netty.tmpdir)
[19Aug2026 16:50:59.013] [Server thread/DEBUG] [io.netty.util.internal.NativeLibraryLoader/]: -Dio.netty.native.deleteLibAfterLoading: true
[19Aug2026 16:50:59.013] [Server thread/DEBUG] [io.netty.util.internal.NativeLibraryLoader/]: -Dio.netty.native.tryPatchShadedId: true
[19Aug2026 16:50:59.013] [Server thread/DEBUG] [io.netty.util.internal.NativeLibraryLoader/]: -Dio.netty.native.detectNativeLibraryDuplicates: true
[19Aug2026 16:50:59.023] [Server thread/DEBUG] [io.netty.util.internal.NativeLibraryLoader/]: Successfully loaded the library /tmp/libnetty_transport_native_epoll_x86_642641418979531767384.so
[19Aug2026 16:50:59.026] [Server thread/DEBUG] [io.netty.util.NetUtil/]: -Djava.net.preferIPv4Stack: false
[19Aug2026 16:50:59.026] [Server thread/DEBUG] [io.netty.util.NetUtil/]: -Djava.net.preferIPv6Addresses: true
[19Aug2026 16:50:59.027] [Server thread/DEBUG] [io.netty.util.NetUtilInitializations/]: Loopback interface: lo (lo, 0:0:0:0:0:0:0:1%lo)
[19Aug2026 16:50:59.028] [Server thread/DEBUG] [io.netty.util.NetUtil/]: /proc/sys/net/core/somaxconn: 4096
[19Aug2026 16:50:59.032] [Server thread/INFO] [net.minecraft.server.network.ServerConnectionListener/]: Using epoll channel type
[19Aug2026 16:50:59.046] [Server thread/DEBUG] [io.netty.channel.MultithreadEventLoopGroup/]: -Dio.netty.eventLoopThreads: 8
[19Aug2026 16:50:59.067] [Server thread/DEBUG] [io.netty.util.internal.PlatformDependent/]: org.jctools-core.MpscChunkedArrayQueue: available
[19Aug2026 16:50:59.076] [Server thread/DEBUG] [io.netty.channel.DefaultChannelId/]: -Dio.netty.processId: 4960 (auto-detected)
[19Aug2026 16:50:59.078] [Server thread/DEBUG] [io.netty.channel.DefaultChannelId/]: -Dio.netty.machineId: 70:a8:a5:ff:fe:8e:c7:94 (auto-detected)
[19Aug2026 16:50:59.101] [Server thread/DEBUG] [io.netty.buffer.PooledByteBufAllocator/]: -Dio.netty.allocator.numHeapArenas: 8
[19Aug2026 16:50:59.101] [Server thread/DEBUG] [io.netty.buffer.PooledByteBufAllocator/]: -Dio.netty.allocator.numDirectArenas: 8
[19Aug2026 16:50:59.101] [Server thread/DEBUG] [io.netty.buffer.PooledByteBufAllocator/]: -Dio.netty.allocator.pageSize: 8192
[19Aug2026 16:50:59.101] [Server thread/DEBUG] [io.netty.buffer.PooledByteBufAllocator/]: -Dio.netty.allocator.maxOrder: 9
[19Aug2026 16:50:59.101] [Server thread/DEBUG] [io.netty.buffer.PooledByteBufAllocator/]: -Dio.netty.allocator.chunkSize: 4194304
[19Aug2026 16:50:59.101] [Server thread/DEBUG] [io.netty.buffer.PooledByteBufAllocator/]: -Dio.netty.allocator.smallCacheSize: 256
[19Aug2026 16:50:59.101] [Server thread/DEBUG] [io.netty.buffer.PooledByteBufAllocator/]: -Dio.netty.allocator.normalCacheSize: 64
[19Aug2026 16:50:59.101] [Server thread/DEBUG] [io.netty.buffer.PooledByteBufAllocator/]: -Dio.netty.allocator.maxCachedBufferCapacity: 32768
[19Aug2026 16:50:59.101] [Server thread/DEBUG] [io.netty.buffer.PooledByteBufAllocator/]: -Dio.netty.allocator.cacheTrimInterval: 8192
[19Aug2026 16:50:59.102] [Server thread/DEBUG] [io.netty.buffer.PooledByteBufAllocator/]: -Dio.netty.allocator.cacheTrimIntervalMillis: 0
[19Aug2026 16:50:59.102] [Server thread/DEBUG] [io.netty.buffer.PooledByteBufAllocator/]: -Dio.netty.allocator.useCacheForAllThreads: false
[19Aug2026 16:50:59.102] [Server thread/DEBUG] [io.netty.buffer.PooledByteBufAllocator/]: -Dio.netty.allocator.maxCachedByteBuffersPerChunk: 1023
[19Aug2026 16:50:59.108] [Server thread/DEBUG] [io.netty.buffer.ByteBufUtil/]: -Dio.netty.allocator.type: pooled
[19Aug2026 16:50:59.108] [Server thread/DEBUG] [io.netty.buffer.ByteBufUtil/]: -Dio.netty.threadLocalDirectBufferSize: 0
[19Aug2026 16:50:59.108] [Server thread/DEBUG] [io.netty.buffer.ByteBufUtil/]: -Dio.netty.maxThreadLocalCharBufferSize: 16384
[19Aug2026 16:50:59.115] [Server thread/WARN] [net.minecraft.server.dedicated.DedicatedServer/]: **** SERVER IS RUNNING IN OFFLINE/INSECURE MODE!
[19Aug2026 16:50:59.115] [Server thread/WARN] [net.minecraft.server.dedicated.DedicatedServer/]: The server will make no attempt to authenticate usernames. Beware.
[19Aug2026 16:50:59.116] [Server thread/WARN] [net.minecraft.server.dedicated.DedicatedServer/]: While this makes the game possible to play without internet access, it also opens up the ability for hackers to connect with any username they choose.
[19Aug2026 16:50:59.116] [Server thread/WARN] [net.minecraft.server.dedicated.DedicatedServer/]: To change this, set "online-mode" to "true" in the server.properties file.
[19Aug2026 16:50:59.128] [Server thread/DEBUG] [net.minecraftforge.fml.config.ConfigTracker/CONFIG]: Loading configs type SERVER
[19Aug2026 16:50:59.128] [Server thread/DEBUG] [net.minecraftforge.fml.config.ConfigFileTypeHandler/CONFIG]: Built TOML config for ./world/serverconfig/jei-server.toml
[19Aug2026 16:50:59.128] [Server thread/DEBUG] [net.minecraftforge.fml.config.ConfigFileTypeHandler/CONFIG]: Loaded TOML config file ./world/serverconfig/jei-server.toml
[19Aug2026 16:50:59.129] [Server thread/DEBUG] [net.minecraftforge.fml.config.ConfigFileTypeHandler/CONFIG]: Watching TOML config file ./world/serverconfig/jei-server.toml for changes
[19Aug2026 16:50:59.129] [Server thread/DEBUG] [net.minecraftforge.fml.config.ConfigFileTypeHandler/CONFIG]: Built TOML config for ./world/serverconfig/ntgl-server.toml
[19Aug2026 16:50:59.130] [Server thread/DEBUG] [net.minecraftforge.fml.config.ConfigFileTypeHandler/CONFIG]: Loaded TOML config file ./world/serverconfig/ntgl-server.toml
[19Aug2026 16:50:59.130] [Server thread/DEBUG] [net.minecraftforge.fml.config.ConfigFileTypeHandler/CONFIG]: Watching TOML config file ./world/serverconfig/ntgl-server.toml for changes
[19Aug2026 16:50:59.130] [Server thread/DEBUG] [net.minecraftforge.fml.config.ConfigFileTypeHandler/CONFIG]: Built TOML config for ./world/serverconfig/sophisticatedbackpacks-server.toml
[19Aug2026 16:50:59.132] [Server thread/DEBUG] [net.minecraftforge.fml.config.ConfigFileTypeHandler/CONFIG]: Loaded TOML config file ./world/serverconfig/sophisticatedbackpacks-server.toml
[19Aug2026 16:50:59.132] [Server thread/DEBUG] [net.minecraftforge.fml.config.ConfigFileTypeHandler/CONFIG]: Watching TOML config file ./world/serverconfig/sophisticatedbackpacks-server.toml for changes
[19Aug2026 16:50:59.135] [Server thread/DEBUG] [net.minecraftforge.fml.config.ConfigFileTypeHandler/CONFIG]: Built TOML config for ./world/serverconfig/forge-server.toml
[19Aug2026 16:50:59.135] [Server thread/DEBUG] [net.minecraftforge.fml.config.ConfigFileTypeHandler/CONFIG]: Loaded TOML config file ./world/serverconfig/forge-server.toml
[19Aug2026 16:50:59.136] [Server thread/DEBUG] [net.minecraftforge.fml.config.ConfigFileTypeHandler/CONFIG]: Watching TOML config file ./world/serverconfig/forge-server.toml for changes
[19Aug2026 16:50:59.136] [Server thread/DEBUG] [net.minecraftforge.common.ForgeConfig/FORGEMOD]: Loaded forge config file forge-server.toml
[19Aug2026 16:50:59.136] [Server thread/DEBUG] [net.minecraftforge.fml.config.ConfigFileTypeHandler/CONFIG]: Built TOML config for ./world/serverconfig/curios-server.toml
[19Aug2026 16:50:59.136] [Server thread/DEBUG] [net.minecraftforge.fml.config.ConfigFileTypeHandler/CONFIG]: Loaded TOML config file ./world/serverconfig/curios-server.toml
[19Aug2026 16:50:59.137] [Server thread/DEBUG] [net.minecraftforge.fml.config.ConfigFileTypeHandler/CONFIG]: Watching TOML config file ./world/serverconfig/curios-server.toml for changes
[19Aug2026 16:50:59.137] [Server thread/DEBUG] [net.minecraftforge.fml.config.ConfigFileTypeHandler/CONFIG]: Built TOML config for ./world/serverconfig/securitycraft-server.toml
[19Aug2026 16:50:59.137] [Server thread/DEBUG] [net.minecraftforge.fml.config.ConfigFileTypeHandler/CONFIG]: Loaded TOML config file ./world/serverconfig/securitycraft-server.toml
[19Aug2026 16:50:59.138] [Server thread/DEBUG] [net.minecraftforge.fml.config.ConfigFileTypeHandler/CONFIG]: Watching TOML config file ./world/serverconfig/securitycraft-server.toml for changes
[19Aug2026 16:50:59.139] [Server thread/DEBUG] [net.minecraftforge.fml.config.ConfigFileTypeHandler/CONFIG]: Built TOML config for /workspaces/proyecto67/servidor_minecraft/config/tombstone-server.toml
[19Aug2026 16:50:59.139] [Server thread/DEBUG] [net.minecraftforge.fml.config.ConfigFileTypeHandler/CONFIG]: Loaded TOML config file /workspaces/proyecto67/servidor_minecraft/config/tombstone-server.toml
[19Aug2026 16:50:59.139] [Server thread/DEBUG] [net.minecraftforge.fml.config.ConfigFileTypeHandler/CONFIG]: Watching TOML config file /workspaces/proyecto67/servidor_minecraft/config/tombstone-server.toml for changes
[19Aug2026 16:50:59.141] [Server thread/DEBUG] [mixin/]: Mixing accessor.BiomeSpecialEffectsBuilderForgeAccessor from puzzleslib.forge.mixins.json into net.minecraft.world.level.biome.BiomeSpecialEffects$Builder
[19Aug2026 16:50:59.168] [Server thread/DEBUG] [com.github.alexthe666.iceandfire.IceAndFire/]: Added the following features to the biome [biomesoplenty:auroral_garden]: 
	- iceandfire:frost_lily
	- iceandfire:silver_ore
	- iceandfire:sapphire_ore
	- iceandfire:ice_dragon_roost
	- iceandfire:ice_dragon_cave
	- iceandfire:spawn_dragon_skeleton_ice
[19Aug2026 16:50:59.174] [Server thread/DEBUG] [com.github.alexthe666.iceandfire.IceAndFire/]: Added the following features to the biome [minecraft:badlands]: 
	- iceandfire:silver_ore
	- iceandfire:lightning_dragon_roost
	- iceandfire:lightning_dragon_cave
[19Aug2026 16:50:59.176] [Server thread/DEBUG] [com.github.alexthe666.iceandfire.IceAndFire/]: Added the following features to the biome [minecraft:bamboo_jungle]: 
	- iceandfire:fire_lily
	- iceandfire:silver_ore
	- iceandfire:lightning_dragon_roost
	- iceandfire:lightning_dragon_cave
	- iceandfire:myrmex_hive_jungle
[19Aug2026 16:50:59.181] [Server thread/DEBUG] [com.github.alexthe666.iceandfire.IceAndFire/]: Added the following features to the biome [biomesoplenty:bayou]: 
	- iceandfire:fire_lily
	- iceandfire:silver_ore
	- iceandfire:fire_dragon_roost
	- iceandfire:fire_dragon_cave
	- iceandfire:hydra_cave
	- iceandfire:spawn_stymphalian_bird
[19Aug2026 16:50:59.184] [Server thread/DEBUG] [com.github.alexthe666.iceandfire.IceAndFire/]: Added the following features to the biome [minecraft:beach]: 
	- iceandfire:silver_ore
	- iceandfire:cyclops_cave
[19Aug2026 16:50:59.186] [Server thread/DEBUG] [com.github.alexthe666.iceandfire.IceAndFire/]: Added the following features to the biome [minecraft:birch_forest]: 
	- iceandfire:silver_ore
[19Aug2026 16:50:59.188] [Server thread/DEBUG] [com.github.alexthe666.iceandfire.IceAndFire/]: Added the following features to the biome [biomesoplenty:bog]: 
	- iceandfire:silver_ore
	- iceandfire:ice_dragon_roost
	- iceandfire:ice_dragon_cave
	- iceandfire:hydra_cave
	- iceandfire:spawn_stymphalian_bird
[19Aug2026 16:50:59.192] [Server thread/DEBUG] [com.github.alexthe666.iceandfire.IceAndFire/]: Added the following features to the biome [minecraft:cherry_grove]: 
	- iceandfire:silver_ore
[19Aug2026 16:50:59.194] [Server thread/DEBUG] [com.github.alexthe666.iceandfire.IceAndFire/]: Added the following features to the biome [biomesoplenty:clover_patch]: 
	- iceandfire:silver_ore
	- iceandfire:spawn_wandering_cyclops
[19Aug2026 16:50:59.196] [Server thread/DEBUG] [com.github.alexthe666.iceandfire.IceAndFire/]: Added the following features to the biome [biomesoplenty:cold_desert]: 
	- iceandfire:frost_lily
	- iceandfire:silver_ore
	- iceandfire:sapphire_ore
	- iceandfire:ice_dragon_roost
	- iceandfire:ice_dragon_cave
	- iceandfire:spawn_dragon_skeleton_ice
[19Aug2026 16:50:59.197] [Server thread/DEBUG] [com.github.alexthe666.iceandfire.IceAndFire/]: Added the following features to the biome [minecraft:cold_ocean]: 
	- iceandfire:silver_ore
	- iceandfire:ice_dragon_roost
	- iceandfire:ice_dragon_cave
	- iceandfire:siren_island
	- iceandfire:spawn_hippocampus
	- iceandfire:spawn_sea_serpent
[19Aug2026 16:50:59.198] [Server thread/DEBUG] [com.github.alexthe666.iceandfire.IceAndFire/]: Added the following features to the biome [biomesoplenty:coniferous_forest]: 
	- iceandfire:silver_ore
[19Aug2026 16:50:59.199] [Server thread/DEBUG] [com.github.alexthe666.iceandfire.IceAndFire/]: Added the following features to the biome [biomesoplenty:crag]: 
	- iceandfire:silver_ore
[19Aug2026 16:50:59.204] [Server thread/DEBUG] [com.github.alexthe666.iceandfire.IceAndFire/]: Added the following features to the biome [minecraft:dark_forest]: 
	- iceandfire:silver_ore
	- iceandfire:pixie_village
[19Aug2026 16:50:59.205] [Server thread/DEBUG] [com.github.alexthe666.iceandfire.IceAndFire/]: Added the following features to the biome [biomesoplenty:dead_forest]: 
	- iceandfire:silver_ore
	- iceandfire:ice_dragon_roost
	- iceandfire:ice_dragon_cave
[19Aug2026 16:50:59.206] [Server thread/DEBUG] [com.github.alexthe666.iceandfire.IceAndFire/]: Added the following features to the biome [minecraft:deep_cold_ocean]: 
	- iceandfire:silver_ore
	- iceandfire:ice_dragon_roost
	- iceandfire:ice_dragon_cave
	- iceandfire:siren_island
	- iceandfire:spawn_hippocampus
	- iceandfire:spawn_sea_serpent
[19Aug2026 16:50:59.207] [Server thread/DEBUG] [com.github.alexthe666.iceandfire.IceAndFire/]: Added the following features to the biome [minecraft:deep_dark]: 
	- iceandfire:silver_ore
[19Aug2026 16:50:59.209] [Server thread/DEBUG] [com.github.alexthe666.iceandfire.IceAndFire/]: Added the following features to the biome [minecraft:deep_frozen_ocean]: 
	- iceandfire:silver_ore
	- iceandfire:ice_dragon_roost
	- iceandfire:ice_dragon_cave
	- iceandfire:siren_island
	- iceandfire:spawn_hippocampus
	- iceandfire:spawn_sea_serpent
[19Aug2026 16:50:59.210] [Server thread/DEBUG] [com.github.alexthe666.iceandfire.IceAndFire/]: Added the following features to the biome [minecraft:deep_lukewarm_ocean]: 
	- iceandfire:silver_ore
	- iceandfire:siren_island
	- iceandfire:spawn_hippocampus
	- iceandfire:spawn_sea_serpent
[19Aug2026 16:50:59.212] [Server thread/DEBUG] [com.github.alexthe666.iceandfire.IceAndFire/]: Added the following features to the biome [minecraft:deep_ocean]: 
	- iceandfire:silver_ore
	- iceandfire:siren_island
	- iceandfire:spawn_hippocampus
	- iceandfire:spawn_sea_serpent
[19Aug2026 16:50:59.215] [Server thread/DEBUG] [com.github.alexthe666.iceandfire.IceAndFire/]: Added the following features to the biome [minecraft:desert]: 
	- iceandfire:fire_lily
	- iceandfire:silver_ore
	- iceandfire:fire_dragon_roost
	- iceandfire:fire_dragon_cave
	- iceandfire:myrmex_hive_desert
	- iceandfire:spawn_death_worm
	- iceandfire:spawn_dragon_skeleton_fire
[19Aug2026 16:50:59.216] [Server thread/DEBUG] [com.github.alexthe666.iceandfire.IceAndFire/]: Added the following features to the biome [minecraft:dripstone_caves]: 
	- iceandfire:silver_ore
[19Aug2026 16:50:59.217] [Server thread/DEBUG] [com.github.alexthe666.iceandfire.IceAndFire/]: Added the following features to the biome [biomesoplenty:dryland]: 
	- iceandfire:fire_lily
	- iceandfire:silver_ore
	- iceandfire:fire_dragon_roost
	- iceandfire:fire_dragon_cave
	- iceandfire:myrmex_hive_desert
	- iceandfire:spawn_death_worm
	- iceandfire:spawn_dragon_skeleton_fire
[19Aug2026 16:50:59.218] [Server thread/DEBUG] [com.github.alexthe666.iceandfire.IceAndFire/]: Added the following features to the biome [biomesoplenty:dune_beach]: 
	- iceandfire:silver_ore
	- iceandfire:cyclops_cave
[19Aug2026 16:50:59.222] [Server thread/DEBUG] [com.github.alexthe666.iceandfire.IceAndFire/]: Added the following features to the biome [minecraft:eroded_badlands]: 
	- iceandfire:fire_lily
	- iceandfire:silver_ore
	- iceandfire:lightning_dragon_roost
	- iceandfire:lightning_dragon_cave
[19Aug2026 16:50:59.224] [Server thread/DEBUG] [com.github.alexthe666.iceandfire.IceAndFire/]: Added the following features to the biome [biomesoplenty:field]: 
	- iceandfire:silver_ore
[19Aug2026 16:50:59.225] [Server thread/DEBUG] [com.github.alexthe666.iceandfire.IceAndFire/]: Added the following features to the biome [biomesoplenty:fir_clearing]: 
	- iceandfire:silver_ore
[19Aug2026 16:50:59.226] [Server thread/DEBUG] [com.github.alexthe666.iceandfire.IceAndFire/]: Added the following features to the biome [biomesoplenty:floodplain]: 
	- iceandfire:fire_lily
	- iceandfire:silver_ore
	- iceandfire:lightning_dragon_roost
	- iceandfire:lightning_dragon_cave
	- iceandfire:hydra_cave
	- iceandfire:myrmex_hive_jungle
	- iceandfire:spawn_stymphalian_bird
[19Aug2026 16:50:59.227] [Server thread/DEBUG] [com.github.alexthe666.iceandfire.IceAndFire/]: Added the following features to the biome [minecraft:flower_forest]: 
	- iceandfire:silver_ore
[19Aug2026 16:50:59.228] [Server thread/DEBUG] [com.github.alexthe666.iceandfire.IceAndFire/]: Added the following features to the biome [minecraft:forest]: 
	- iceandfire:silver_ore
[19Aug2026 16:50:59.229] [Server thread/DEBUG] [com.github.alexthe666.iceandfire.IceAndFire/]: Added the following features to the biome [biomesoplenty:forested_field]: 
	- iceandfire:silver_ore
[19Aug2026 16:50:59.231] [Server thread/DEBUG] [com.github.alexthe666.iceandfire.IceAndFire/]: Added the following features to the biome [minecraft:frozen_ocean]: 
	- iceandfire:frost_lily
	- iceandfire:silver_ore
	- iceandfire:sapphire_ore
	- iceandfire:ice_dragon_roost
	- iceandfire:ice_dragon_cave
	- iceandfire:siren_island
	- iceandfire:spawn_dragon_skeleton_ice
	- iceandfire:spawn_hippocampus
	- iceandfire:spawn_sea_serpent
[19Aug2026 16:50:59.232] [Server thread/DEBUG] [com.github.alexthe666.iceandfire.IceAndFire/]: Added the following features to the biome [minecraft:frozen_peaks]: 
	- iceandfire:frost_lily
	- iceandfire:silver_ore
	- iceandfire:sapphire_ore
	- iceandfire:ice_dragon_roost
	- iceandfire:ice_dragon_cave
	- iceandfire:spawn_dragon_skeleton_ice
[19Aug2026 16:50:59.233] [Server thread/DEBUG] [com.github.alexthe666.iceandfire.IceAndFire/]: Added the following features to the biome [minecraft:frozen_river]: 
	- iceandfire:frost_lily
	- iceandfire:silver_ore
	- iceandfire:sapphire_ore
	- iceandfire:ice_dragon_roost
	- iceandfire:ice_dragon_cave
	- iceandfire:spawn_dragon_skeleton_ice
[19Aug2026 16:50:59.234] [Server thread/DEBUG] [com.github.alexthe666.iceandfire.IceAndFire/]: Added the following features to the biome [biomesoplenty:fungal_jungle]: 
	- iceandfire:fire_lily
	- iceandfire:silver_ore
	- iceandfire:lightning_dragon_roost
	- iceandfire:lightning_dragon_cave
	- iceandfire:pixie_village
	- iceandfire:myrmex_hive_jungle
[19Aug2026 16:50:59.235] [Server thread/DEBUG] [com.github.alexthe666.iceandfire.IceAndFire/]: Added the following features to the biome [biomesoplenty:glowing_grotto]: 
	- iceandfire:silver_ore
[19Aug2026 16:50:59.236] [Server thread/DEBUG] [com.github.alexthe666.iceandfire.IceAndFire/]: Added the following features to the biome [biomesoplenty:grassland]: 
	- iceandfire:silver_ore
	- iceandfire:spawn_wandering_cyclops
[19Aug2026 16:50:59.237] [Server thread/DEBUG] [com.github.alexthe666.iceandfire.IceAndFire/]: Added the following features to the biome [minecraft:grove]: 
	- iceandfire:frost_lily
	- iceandfire:silver_ore
	- iceandfire:sapphire_ore
	- iceandfire:ice_dragon_roost
	- iceandfire:ice_dragon_cave
	- iceandfire:spawn_dragon_skeleton_ice
[19Aug2026 16:50:59.238] [Server thread/DEBUG] [com.github.alexthe666.iceandfire.IceAndFire/]: Added the following features to the biome [biomesoplenty:highland]: 
	- iceandfire:silver_ore
	- iceandfire:fire_dragon_roost
	- iceandfire:fire_dragon_cave
	- iceandfire:spawn_wandering_cyclops
[19Aug2026 16:50:59.239] [Server thread/DEBUG] [com.github.alexthe666.iceandfire.IceAndFire/]: Added the following features to the biome [minecraft:ice_spikes]: 
	- iceandfire:frost_lily
	- iceandfire:silver_ore
	- iceandfire:sapphire_ore
	- iceandfire:ice_dragon_roost
	- iceandfire:ice_dragon_cave
	- iceandfire:spawn_dragon_skeleton_ice
[19Aug2026 16:50:59.240] [Server thread/DEBUG] [com.github.alexthe666.iceandfire.IceAndFire/]: Added the following features to the biome [biomesoplenty:jade_cliffs]: 
	- iceandfire:silver_ore
	- iceandfire:pixie_village
[19Aug2026 16:50:59.242] [Server thread/DEBUG] [com.github.alexthe666.iceandfire.IceAndFire/]: Added the following features to the biome [minecraft:jagged_peaks]: 
	- iceandfire:frost_lily
	- iceandfire:silver_ore
	- iceandfire:sapphire_ore
	- iceandfire:ice_dragon_roost
	- iceandfire:ice_dragon_cave
	- iceandfire:spawn_dragon_skeleton_ice
[19Aug2026 16:50:59.243] [Server thread/DEBUG] [com.github.alexthe666.iceandfire.IceAndFire/]: Added the following features to the biome [minecraft:jungle]: 
	- iceandfire:fire_lily
	- iceandfire:silver_ore
	- iceandfire:lightning_dragon_roost
	- iceandfire:lightning_dragon_cave
	- iceandfire:myrmex_hive_jungle
[19Aug2026 16:50:59.243] [Server thread/DEBUG] [com.github.alexthe666.iceandfire.IceAndFire/]: Added the following features to the biome [biomesoplenty:lavender_field]: 
	- iceandfire:silver_ore
	- iceandfire:fire_dragon_roost
	- iceandfire:fire_dragon_cave
	- iceandfire:spawn_wandering_cyclops
[19Aug2026 16:50:59.244] [Server thread/DEBUG] [com.github.alexthe666.iceandfire.IceAndFire/]: Added the following features to the biome [biomesoplenty:lavender_forest]: 
	- iceandfire:silver_ore
[19Aug2026 16:50:59.245] [Server thread/DEBUG] [com.github.alexthe666.iceandfire.IceAndFire/]: Added the following features to the biome [minecraft:lukewarm_ocean]: 
	- iceandfire:silver_ore
	- iceandfire:siren_island
	- iceandfire:spawn_hippocampus
	- iceandfire:spawn_sea_serpent
[19Aug2026 16:50:59.246] [Server thread/DEBUG] [com.github.alexthe666.iceandfire.IceAndFire/]: Added the following features to the biome [minecraft:lush_caves]: 
	- iceandfire:silver_ore
[19Aug2026 16:50:59.247] [Server thread/DEBUG] [com.github.alexthe666.iceandfire.IceAndFire/]: Added the following features to the biome [biomesoplenty:lush_desert]: 
	- iceandfire:fire_lily
	- iceandfire:silver_ore
	- iceandfire:fire_dragon_roost
	- iceandfire:fire_dragon_cave
[19Aug2026 16:50:59.248] [Server thread/DEBUG] [com.github.alexthe666.iceandfire.IceAndFire/]: Added the following features to the biome [biomesoplenty:lush_savanna]: 
	- iceandfire:fire_lily
	- iceandfire:lightning_lily
	- iceandfire:silver_ore
	- iceandfire:lightning_dragon_roost
	- iceandfire:lightning_dragon_cave
	- iceandfire:spawn_wandering_cyclops
	- iceandfire:spawn_dragon_skeleton_lightning
[19Aug2026 16:50:59.249] [Server thread/DEBUG] [com.github.alexthe666.iceandfire.IceAndFire/]: Added the following features to the biome [minecraft:mangrove_swamp]: 
	- iceandfire:fire_lily
	- iceandfire:silver_ore
	- iceandfire:fire_dragon_roost
	- iceandfire:fire_dragon_cave
	- iceandfire:hydra_cave
	- iceandfire:spawn_stymphalian_bird
[19Aug2026 16:50:59.250] [Server thread/DEBUG] [com.github.alexthe666.iceandfire.IceAndFire/]: Added the following features to the biome [biomesoplenty:maple_woods]: 
	- iceandfire:silver_ore
	- iceandfire:ice_dragon_roost
	- iceandfire:ice_dragon_cave
[19Aug2026 16:50:59.250] [Server thread/DEBUG] [com.github.alexthe666.iceandfire.IceAndFire/]: Added the following features to the biome [biomesoplenty:marsh]: 
	- iceandfire:silver_ore
	- iceandfire:hydra_cave
	- iceandfire:spawn_stymphalian_bird
[19Aug2026 16:50:59.251] [Server thread/DEBUG] [com.github.alexthe666.iceandfire.IceAndFire/]: Added the following features to the biome [minecraft:meadow]: 
	- iceandfire:silver_ore
	- iceandfire:fire_dragon_roost
	- iceandfire:fire_dragon_cave
	- iceandfire:spawn_wandering_cyclops
[19Aug2026 16:50:59.252] [Server thread/DEBUG] [com.github.alexthe666.iceandfire.IceAndFire/]: Added the following features to the biome [biomesoplenty:mediterranean_forest]: 
	- iceandfire:silver_ore
[19Aug2026 16:50:59.253] [Server thread/DEBUG] [com.github.alexthe666.iceandfire.IceAndFire/]: Added the following features to the biome [biomesoplenty:moor]: 
	- iceandfire:silver_ore
	- iceandfire:hydra_cave
	- iceandfire:spawn_stymphalian_bird
[19Aug2026 16:50:59.254] [Server thread/DEBUG] [com.github.alexthe666.iceandfire.IceAndFire/]: Added the following features to the biome [minecraft:mushroom_fields]: 
	- iceandfire:silver_ore
[19Aug2026 16:50:59.254] [Server thread/DEBUG] [com.github.alexthe666.iceandfire.IceAndFire/]: Added the following features to the biome [biomesoplenty:muskeg]: 
	- iceandfire:silver_ore
	- iceandfire:ice_dragon_roost
	- iceandfire:ice_dragon_cave
	- iceandfire:hydra_cave
	- iceandfire:spawn_stymphalian_bird
[19Aug2026 16:50:59.255] [Server thread/DEBUG] [com.github.alexthe666.iceandfire.IceAndFire/]: Added the following features to the biome [biomesoplenty:mystic_grove]: 
	- iceandfire:silver_ore
	- iceandfire:pixie_village
[19Aug2026 16:50:59.257] [Server thread/DEBUG] [com.github.alexthe666.iceandfire.IceAndFire/]: Added the following features to the biome [minecraft:ocean]: 
	- iceandfire:silver_ore
	- iceandfire:siren_island
	- iceandfire:spawn_hippocampus
	- iceandfire:spawn_sea_serpent
[19Aug2026 16:50:59.257] [Server thread/DEBUG] [com.github.alexthe666.iceandfire.IceAndFire/]: Added the following features to the biome [minecraft:old_growth_birch_forest]: 
	- iceandfire:silver_ore
	- iceandfire:pixie_village
[19Aug2026 16:50:59.258] [Server thread/DEBUG] [com.github.alexthe666.iceandfire.IceAndFire/]: Added the following features to the biome [biomesoplenty:old_growth_dead_forest]: 
	- iceandfire:silver_ore
	- iceandfire:ice_dragon_roost
	- iceandfire:ice_dragon_cave
[19Aug2026 16:50:59.259] [Server thread/DEBUG] [com.github.alexthe666.iceandfire.IceAndFire/]: Added the following features to the biome [minecraft:old_growth_pine_taiga]: 
	- iceandfire:silver_ore
	- iceandfire:ice_dragon_roost
	- iceandfire:ice_dragon_cave
[19Aug2026 16:50:59.260] [Server thread/DEBUG] [com.github.alexthe666.iceandfire.IceAndFire/]: Added the following features to the biome [minecraft:old_growth_spruce_taiga]: 
	- iceandfire:silver_ore
[19Aug2026 16:50:59.261] [Server thread/DEBUG] [com.github.alexthe666.iceandfire.IceAndFire/]: Added the following features to the biome [biomesoplenty:old_growth_woodland]: 
	- iceandfire:silver_ore
[19Aug2026 16:50:59.261] [Server thread/DEBUG] [com.github.alexthe666.iceandfire.IceAndFire/]: Added the following features to the biome [biomesoplenty:ominous_woods]: 
	- iceandfire:silver_ore
	- iceandfire:ice_dragon_roost
	- iceandfire:ice_dragon_cave
[19Aug2026 16:50:59.262] [Server thread/DEBUG] [com.github.alexthe666.iceandfire.IceAndFire/]: Added the following features to the biome [biomesoplenty:orchard]: 
	- iceandfire:silver_ore
	- iceandfire:spawn_wandering_cyclops
[19Aug2026 16:50:59.263] [Server thread/DEBUG] [com.github.alexthe666.iceandfire.IceAndFire/]: Added the following features to the biome [biomesoplenty:origin_valley]: 
	- iceandfire:silver_ore
[19Aug2026 16:50:59.264] [Server thread/DEBUG] [com.github.alexthe666.iceandfire.IceAndFire/]: Added the following features to the biome [biomesoplenty:pasture]: 
	- iceandfire:silver_ore
	- iceandfire:fire_dragon_roost
	- iceandfire:fire_dragon_cave
	- iceandfire:spawn_wandering_cyclops
[19Aug2026 16:50:59.265] [Server thread/DEBUG] [com.github.alexthe666.iceandfire.IceAndFire/]: Added the following features to the biome [minecraft:plains]: 
	- iceandfire:silver_ore
	- iceandfire:fire_dragon_roost
	- iceandfire:fire_dragon_cave
	- iceandfire:spawn_wandering_cyclops
[19Aug2026 16:50:59.266] [Server thread/DEBUG] [com.github.alexthe666.iceandfire.IceAndFire/]: Added the following features to the biome [biomesoplenty:prairie]: 
	- iceandfire:silver_ore
	- iceandfire:fire_dragon_roost
	- iceandfire:fire_dragon_cave
	- iceandfire:spawn_wandering_cyclops
[19Aug2026 16:50:59.267] [Server thread/DEBUG] [com.github.alexthe666.iceandfire.IceAndFire/]: Added the following features to the biome [biomesoplenty:pumpkin_patch]: 
	- iceandfire:silver_ore
[19Aug2026 16:50:59.268] [Server thread/DEBUG] [com.github.alexthe666.iceandfire.IceAndFire/]: Added the following features to the biome [biomesoplenty:rainforest]: 
	- iceandfire:fire_lily
	- iceandfire:silver_ore
	- iceandfire:lightning_dragon_roost
	- iceandfire:lightning_dragon_cave
	- iceandfire:myrmex_hive_jungle
[19Aug2026 16:50:59.269] [Server thread/DEBUG] [com.github.alexthe666.iceandfire.IceAndFire/]: Added the following features to the biome [biomesoplenty:redwood_forest]: 
	- iceandfire:silver_ore
	- iceandfire:pixie_village
[19Aug2026 16:50:59.270] [Server thread/DEBUG] [com.github.alexthe666.iceandfire.IceAndFire/]: Added the following features to the biome [minecraft:river]: 
	- iceandfire:silver_ore
[19Aug2026 16:50:59.270] [Server thread/DEBUG] [com.github.alexthe666.iceandfire.IceAndFire/]: Added the following features to the biome [biomesoplenty:rocky_rainforest]: 
	- iceandfire:fire_lily
	- iceandfire:silver_ore
	- iceandfire:lightning_dragon_roost
	- iceandfire:lightning_dragon_cave
	- iceandfire:myrmex_hive_jungle
[19Aug2026 16:50:59.271] [Server thread/DEBUG] [com.github.alexthe666.iceandfire.IceAndFire/]: Added the following features to the biome [biomesoplenty:rocky_shrubland]: 
	- iceandfire:silver_ore
	- iceandfire:fire_dragon_roost
	- iceandfire:fire_dragon_cave
	- iceandfire:spawn_wandering_cyclops
[19Aug2026 16:50:59.272] [Server thread/DEBUG] [com.github.alexthe666.iceandfire.IceAndFire/]: Added the following features to the biome [minecraft:savanna]: 
	- iceandfire:fire_lily
	- iceandfire:lightning_lily
	- iceandfire:silver_ore
	- iceandfire:lightning_dragon_roost
	- iceandfire:lightning_dragon_cave
	- iceandfire:spawn_dragon_skeleton_lightning
[19Aug2026 16:50:59.273] [Server thread/DEBUG] [com.github.alexthe666.iceandfire.IceAndFire/]: Added the following features to the biome [minecraft:savanna_plateau]: 
	- iceandfire:fire_lily
	- iceandfire:lightning_lily
	- iceandfire:silver_ore
	- iceandfire:lightning_dragon_roost
	- iceandfire:lightning_dragon_cave
	- iceandfire:spawn_dragon_skeleton_lightning
[19Aug2026 16:50:59.274] [Server thread/DEBUG] [com.github.alexthe666.iceandfire.IceAndFire/]: Added the following features to the biome [biomesoplenty:scrubland]: 
	- iceandfire:lightning_lily
	- iceandfire:silver_ore
	- iceandfire:lightning_dragon_roost
	- iceandfire:lightning_dragon_cave
	- iceandfire:spawn_dragon_skeleton_lightning
[19Aug2026 16:50:59.275] [Server thread/DEBUG] [com.github.alexthe666.iceandfire.IceAndFire/]: Added the following features to the biome [biomesoplenty:seasonal_forest]: 
	- iceandfire:silver_ore
[19Aug2026 16:50:59.275] [Server thread/DEBUG] [com.github.alexthe666.iceandfire.IceAndFire/]: Added the following features to the biome [biomesoplenty:seasonal_orchard]: 
	- iceandfire:silver_ore
[19Aug2026 16:50:59.276] [Server thread/DEBUG] [com.github.alexthe666.iceandfire.IceAndFire/]: Added the following features to the biome [biomesoplenty:shrubland]: 
	- iceandfire:fire_lily
	- iceandfire:silver_ore
	- iceandfire:fire_dragon_roost
	- iceandfire:fire_dragon_cave
	- iceandfire:spawn_wandering_cyclops
[19Aug2026 16:50:59.277] [Server thread/DEBUG] [com.github.alexthe666.iceandfire.IceAndFire/]: Added the following features to the biome [biomesoplenty:snowblossom_grove]: 
	- iceandfire:frost_lily
	- iceandfire:silver_ore
	- iceandfire:sapphire_ore
	- iceandfire:ice_dragon_roost
	- iceandfire:ice_dragon_cave
	- iceandfire:pixie_village
	- iceandfire:spawn_dragon_skeleton_ice
[19Aug2026 16:50:59.278] [Server thread/DEBUG] [com.github.alexthe666.iceandfire.IceAndFire/]: Added the following features to the biome [minecraft:snowy_beach]: 
	- iceandfire:frost_lily
	- iceandfire:silver_ore
	- iceandfire:sapphire_ore
	- iceandfire:ice_dragon_roost
	- iceandfire:ice_dragon_cave
	- iceandfire:cyclops_cave
	- iceandfire:spawn_dragon_skeleton_ice
[19Aug2026 16:50:59.279] [Server thread/DEBUG] [com.github.alexthe666.iceandfire.IceAndFire/]: Added the following features to the biome [biomesoplenty:snowy_coniferous_forest]: 
	- iceandfire:frost_lily
	- iceandfire:silver_ore
	- iceandfire:sapphire_ore
	- iceandfire:ice_dragon_roost
	- iceandfire:ice_dragon_cave
	- iceandfire:spawn_dragon_skeleton_ice
[19Aug2026 16:50:59.280] [Server thread/DEBUG] [com.github.alexthe666.iceandfire.IceAndFire/]: Added the following features to the biome [biomesoplenty:snowy_fir_clearing]: 
	- iceandfire:frost_lily
	- iceandfire:silver_ore
	- iceandfire:sapphire_ore
	- iceandfire:ice_dragon_roost
	- iceandfire:ice_dragon_cave
	- iceandfire:spawn_dragon_skeleton_ice
[19Aug2026 16:50:59.281] [Server thread/DEBUG] [com.github.alexthe666.iceandfire.IceAndFire/]: Added the following features to the biome [biomesoplenty:snowy_maple_woods]: 
	- iceandfire:frost_lily
	- iceandfire:silver_ore
	- iceandfire:sapphire_ore
	- iceandfire:ice_dragon_roost
	- iceandfire:ice_dragon_cave
	- iceandfire:spawn_dragon_skeleton_ice
[19Aug2026 16:50:59.282] [Server thread/DEBUG] [com.github.alexthe666.iceandfire.IceAndFire/]: Added the following features to the biome [minecraft:snowy_plains]: 
	- iceandfire:frost_lily
	- iceandfire:silver_ore
	- iceandfire:sapphire_ore
	- iceandfire:ice_dragon_roost
	- iceandfire:ice_dragon_cave
	- iceandfire:spawn_wandering_cyclops
	- iceandfire:spawn_dragon_skeleton_ice
[19Aug2026 16:50:59.283] [Server thread/DEBUG] [com.github.alexthe666.iceandfire.IceAndFire/]: Added the following features to the biome [minecraft:snowy_slopes]: 
	- iceandfire:frost_lily
	- iceandfire:silver_ore
	- iceandfire:sapphire_ore
	- iceandfire:ice_dragon_roost
	- iceandfire:ice_dragon_cave
	- iceandfire:spawn_dragon_skeleton_ice
[19Aug2026 16:50:59.284] [Server thread/DEBUG] [com.github.alexthe666.iceandfire.IceAndFire/]: Added the following features to the biome [minecraft:snowy_taiga]: 
	- iceandfire:frost_lily
	- iceandfire:silver_ore
	- iceandfire:sapphire_ore
	- iceandfire:ice_dragon_roost
	- iceandfire:ice_dragon_cave
	- iceandfire:spawn_dragon_skeleton_ice
[19Aug2026 16:50:59.286] [Server thread/DEBUG] [com.github.alexthe666.iceandfire.IceAndFire/]: Added the following features to the biome [minecraft:sparse_jungle]: 
	- iceandfire:fire_lily
	- iceandfire:silver_ore
	- iceandfire:lightning_dragon_roost
	- iceandfire:lightning_dragon_cave
	- iceandfire:myrmex_hive_jungle
[19Aug2026 16:50:59.287] [Server thread/DEBUG] [com.github.alexthe666.iceandfire.IceAndFire/]: Added the following features to the biome [biomesoplenty:spider_nest]: 
	- iceandfire:silver_ore
[19Aug2026 16:50:59.287] [Server thread/DEBUG] [com.github.alexthe666.iceandfire.IceAndFire/]: Added the following features to the biome [minecraft:stony_peaks]: 
	- iceandfire:fire_lily
	- iceandfire:silver_ore
	- iceandfire:fire_dragon_roost
	- iceandfire:fire_dragon_cave
[19Aug2026 16:50:59.288] [Server thread/DEBUG] [com.github.alexthe666.iceandfire.IceAndFire/]: Added the following features to the biome [minecraft:stony_shore]: 
	- iceandfire:silver_ore
[19Aug2026 16:50:59.289] [Server thread/DEBUG] [com.github.alexthe666.iceandfire.IceAndFire/]: Added the following features to the biome [minecraft:sunflower_plains]: 
	- iceandfire:silver_ore
	- iceandfire:fire_dragon_roost
	- iceandfire:fire_dragon_cave
	- iceandfire:spawn_wandering_cyclops
[19Aug2026 16:50:59.290] [Server thread/DEBUG] [com.github.alexthe666.iceandfire.IceAndFire/]: Added the following features to the biome [minecraft:swamp]: 
	- iceandfire:silver_ore
	- iceandfire:hydra_cave
	- iceandfire:spawn_stymphalian_bird
[19Aug2026 16:50:59.291] [Server thread/DEBUG] [com.github.alexthe666.iceandfire.IceAndFire/]: Added the following features to the biome [minecraft:taiga]: 
	- iceandfire:silver_ore
	- iceandfire:ice_dragon_roost
	- iceandfire:ice_dragon_cave
[19Aug2026 16:50:59.292] [Server thread/DEBUG] [com.github.alexthe666.iceandfire.IceAndFire/]: Added the following features to the biome [biomesoplenty:tropics]: 
	- iceandfire:fire_lily
	- iceandfire:silver_ore
	- iceandfire:fire_dragon_roost
	- iceandfire:fire_dragon_cave
[19Aug2026 16:50:59.293] [Server thread/DEBUG] [com.github.alexthe666.iceandfire.IceAndFire/]: Added the following features to the biome [biomesoplenty:tundra]: 
	- iceandfire:silver_ore
	- iceandfire:ice_dragon_roost
	- iceandfire:ice_dragon_cave
	- iceandfire:spawn_wandering_cyclops
[19Aug2026 16:50:59.295] [Server thread/DEBUG] [com.github.alexthe666.iceandfire.IceAndFire/]: Added the following features to the biome [biomesoplenty:volcanic_plains]: 
	- iceandfire:fire_lily
	- iceandfire:silver_ore
	- iceandfire:fire_dragon_roost
	- iceandfire:fire_dragon_cave
[19Aug2026 16:50:59.296] [Server thread/DEBUG] [com.github.alexthe666.iceandfire.IceAndFire/]: Added the following features to the biome [biomesoplenty:volcano]: 
	- iceandfire:fire_lily
	- iceandfire:silver_ore
	- iceandfire:fire_dragon_roost
	- iceandfire:fire_dragon_cave
[19Aug2026 16:50:59.297] [Server thread/DEBUG] [com.github.alexthe666.iceandfire.IceAndFire/]: Added the following features to the biome [minecraft:warm_ocean]: 
	- iceandfire:fire_lily
	- iceandfire:silver_ore
	- iceandfire:fire_dragon_roost
	- iceandfire:fire_dragon_cave
	- iceandfire:siren_island
	- iceandfire:spawn_hippocampus
	- iceandfire:spawn_sea_serpent
[19Aug2026 16:50:59.298] [Server thread/DEBUG] [com.github.alexthe666.iceandfire.IceAndFire/]: Added the following features to the biome [biomesoplenty:wasteland]: 
	- iceandfire:fire_lily
	- iceandfire:silver_ore
	- iceandfire:fire_dragon_roost
	- iceandfire:fire_dragon_cave
[19Aug2026 16:50:59.299] [Server thread/DEBUG] [com.github.alexthe666.iceandfire.IceAndFire/]: Added the following features to the biome [biomesoplenty:wasteland_steppe]: 
	- iceandfire:fire_lily
	- iceandfire:silver_ore
	- iceandfire:fire_dragon_roost
	- iceandfire:fire_dragon_cave
[19Aug2026 16:50:59.300] [Server thread/DEBUG] [com.github.alexthe666.iceandfire.IceAndFire/]: Added the following features to the biome [biomesoplenty:wetland]: 
	- iceandfire:silver_ore
	- iceandfire:hydra_cave
	- iceandfire:spawn_stymphalian_bird
[19Aug2026 16:50:59.300] [Server thread/DEBUG] [com.github.alexthe666.iceandfire.IceAndFire/]: Added the following features to the biome [minecraft:windswept_forest]: 
	- iceandfire:silver_ore
[19Aug2026 16:50:59.301] [Server thread/DEBUG] [com.github.alexthe666.iceandfire.IceAndFire/]: Added the following features to the biome [minecraft:windswept_gravelly_hills]: 
	- iceandfire:silver_ore
[19Aug2026 16:50:59.302] [Server thread/DEBUG] [com.github.alexthe666.iceandfire.IceAndFire/]: Added the following features to the biome [minecraft:windswept_hills]: 
	- iceandfire:silver_ore
[19Aug2026 16:50:59.303] [Server thread/DEBUG] [com.github.alexthe666.iceandfire.IceAndFire/]: Added the following features to the biome [minecraft:windswept_savanna]: 
	- iceandfire:fire_lily
	- iceandfire:lightning_lily
	- iceandfire:silver_ore
	- iceandfire:lightning_dragon_roost
	- iceandfire:lightning_dragon_cave
	- iceandfire:spawn_dragon_skeleton_lightning
[19Aug2026 16:50:59.304] [Server thread/DEBUG] [com.github.alexthe666.iceandfire.IceAndFire/]: Added the following features to the biome [minecraft:wooded_badlands]: 
	- iceandfire:silver_ore
	- iceandfire:lightning_dragon_roost
	- iceandfire:lightning_dragon_cave
[19Aug2026 16:50:59.305] [Server thread/DEBUG] [com.github.alexthe666.iceandfire.IceAndFire/]: Added the following features to the biome [biomesoplenty:woodland]: 
	- iceandfire:silver_ore
[19Aug2026 16:50:59.335] [Server thread/DEBUG] [SpectreLib/]: Loaded com.illusivesoulworks.spectrelib.platform.ForgeConfigHelper@71a73186 for service interface com.illusivesoulworks.spectrelib.platform.services.IConfigHelper
[19Aug2026 16:50:59.336] [Server thread/DEBUG] [SpectreLib/CONFIG]: Loading server configs from ./world/serverconfig on server
[19Aug2026 16:50:59.339] [Server thread/INFO] [Framework/]: Loading server configs...
[19Aug2026 16:50:59.346] [Server thread/DEBUG] [Framework/]: Started watching config: /workspaces/proyecto67/servidor_minecraft/config/refurbished_furniture.server.toml
[19Aug2026 16:50:59.361] [Server thread/INFO] [terrablender/]: Initialized TerraBlender biomes for level stem minecraft:the_nether
[19Aug2026 16:51:00.083] [Server thread/INFO] [terrablender/]: Initialized TerraBlender biomes for level stem minecraft:overworld
[19Aug2026 16:51:00.084] [Server thread/INFO] [net.minecraft.server.dedicated.DedicatedServer/]: Preparing level "world"
[19Aug2026 16:51:00.088] [Server thread/DEBUG] [mixin/]: Mixing perf.optimize_surface_rules.BiomeManagerAccessor from modernfix-modernfix.mixins.json into net.minecraft.world.level.biome.BiomeManager
[19Aug2026 16:51:00.096] [Server thread/DEBUG] [mixin/]: Mixing feature.branding.BrandingControlMixin from modernfix-modernfix.mixins.json into net.minecraftforge.internal.BrandingControl
[19Aug2026 16:51:00.101] [Server thread/DEBUG] [net.minecraftforge.coremod.transformer.CoreModBaseTransformer/COREMOD]: Transforming net/minecraft/world/level/levelgen/PhantomSpawner
[19Aug2026 16:51:00.106] [Server thread/DEBUG] [net.minecraftforge.coremod.transformer.CoreModBaseTransformer/COREMOD]: Transforming net/minecraft/world/level/levelgen/PatrolSpawner
[19Aug2026 16:51:00.112] [Server thread/DEBUG] [net.minecraftforge.coremod.transformer.CoreModBaseTransformer/COREMOD]: Transforming net/minecraft/world/entity/npc/CatSpawner
[19Aug2026 16:51:00.117] [Server thread/DEBUG] [net.minecraftforge.coremod.transformer.CoreModBaseTransformer/COREMOD]: Transforming net/minecraft/world/entity/ai/village/VillageSiege
[19Aug2026 16:51:00.127] [Server thread/DEBUG] [mixin/]: Mixing ChunkLoadDebug from cupboard.mixins.json into net.minecraft.server.level.ServerChunkCache
[19Aug2026 16:51:00.127] [Server thread/DEBUG] [mixin/]: Mixing bugfix.chunk_deadlock.ServerChunkCache_CurrentLoadingMixin from modernfix-modernfix.mixins.json into net.minecraft.server.level.ServerChunkCache
[19Aug2026 16:51:00.137] [Server thread/DEBUG] [mixin/]: Mixing MapDataMixin from moonlight-common.mixins.json into net.minecraft.world.level.saveddata.maps.MapItemSavedData
[19Aug2026 16:51:00.138] [Server thread/DEBUG] [mixin/]: Renaming synthetic method lambda$save$3(Lnet/minecraft/nbt/CompoundTag;Lnet/minecraft/resources/ResourceLocation;Lnet/mehvahdjukaar/moonlight/api/map/CustomMapData;)V to md801402$lambda$save$3$0 in moonlight-common.mixins.json:MapDataMixin
[19Aug2026 16:51:00.138] [Server thread/DEBUG] [mixin/]: Renaming synthetic method lambda$load$2(Lnet/minecraft/nbt/CompoundTag;Lnet/mehvahdjukaar/moonlight/api/map/CustomMapData;)V to md801402$lambda$load$2$1 in moonlight-common.mixins.json:MapDataMixin
[19Aug2026 16:51:00.138] [Server thread/DEBUG] [mixin/]: Renaming synthetic method lambda$setCustomDataDirty$1(Lnet/mehvahdjukaar/moonlight/api/map/CustomMapData$Type;Ljava/util/function/Consumer;Lnet/minecraft/world/level/saveddata/maps/MapItemSavedData$HoldingPlayer;)V to md801402$lambda$setCustomDataDirty$1$2 in moonlight-common.mixins.json:MapDataMixin
[19Aug2026 16:51:00.138] [Server thread/DEBUG] [mixin/]: Renaming synthetic method lambda$setCustomDecorationsDirty$0(Lnet/minecraft/world/level/saveddata/maps/MapItemSavedData$HoldingPlayer;)V to md801402$lambda$setCustomDecorationsDirty$0$3 in moonlight-common.mixins.json:MapDataMixin
[19Aug2026 16:51:00.207] [Server thread/DEBUG] [mixin/]: Mixing perf.ticking_chunk_alloc.ChunkHolderMixin from modernfix-modernfix.mixins.json into net.minecraft.server.level.ChunkHolder
[19Aug2026 16:51:00.208] [Server thread/DEBUG] [mixin/]: Mixing perf.release_protochunks.ChunkHolderMixin from modernfix-modernfix.mixins.json into net.minecraft.server.level.ChunkHolder
[19Aug2026 16:51:00.208] [Server thread/DEBUG] [mixin/]: Renaming synthetic method lambda$mfix$markAsNeedingProtoChunkDrop$0(Lorg/embeddedt/modernfix/duck/release_protochunks/ISuspendedHolderTrackingChunkMap;Lnet/minecraft/world/level/chunk/ChunkAccess;Ljava/lang/Throwable;)V to md801402$lambda$mfix$markAsNeedingProtoChunkDrop$0$0 in modernfix-modernfix.mixins.json:perf.release_protochunks.ChunkHolderMixin
[19Aug2026 16:51:00.220] [Server thread/DEBUG] [mixin/]: Mixing bugfix.chunk_deadlock.ChunkMapLoadMixin from modernfix-modernfix.mixins.json into net.minecraft.server.level.ChunkMap
[19Aug2026 16:51:00.221] [Server thread/DEBUG] [mixin/]: Renaming synthetic method lambda$createSurrogateFuture$1(Ljava/util/concurrent/CompletableFuture;Lcom/mojang/datafixers/util/Either;Ljava/lang/Throwable;)V to md801402$lambda$createSurrogateFuture$1$0 in modernfix-modernfix.mixins.json:bugfix.chunk_deadlock.ChunkMapLoadMixin
[19Aug2026 16:51:00.221] [Server thread/DEBUG] [mixin/]: Renaming synthetic method lambda$createSurrogateFuture$0(Ljava/util/concurrent/CompletableFuture;Ljava/util/function/Function;Lcom/mojang/datafixers/util/Either;)Lcom/mojang/datafixers/util/Either; to md801402$lambda$createSurrogateFuture$0$1 in modernfix-modernfix.mixins.json:bugfix.chunk_deadlock.ChunkMapLoadMixin
[19Aug2026 16:51:00.224] [Server thread/DEBUG] [mixin/]: Mixing bugfix.paper_chunk_patches.ChunkMapMixin from modernfix-modernfix.mixins.json into net.minecraft.server.level.ChunkMap
[19Aug2026 16:51:00.224] [Server thread/DEBUG] [mixin/]: Renaming synthetic method lambda$mfix$avoidSchedulingGenerationPrematurely$0(Lnet/minecraft/server/level/ChunkMap;Lnet/minecraft/server/level/ChunkHolder;Lnet/minecraft/world/level/chunk/ChunkStatus;Lcom/mojang/datafixers/util/Either;)Ljava/util/concurrent/CompletionStage; to md801402$lambda$mfix$avoidSchedulingGenerationPrematurely$0$2 in modernfix-modernfix.mixins.json:bugfix.paper_chunk_patches.ChunkMapMixin
[19Aug2026 16:51:00.225] [Server thread/DEBUG] [mixin/]: Mixing perf.release_protochunks.ChunkMapMixin from modernfix-modernfix.mixins.json into net.minecraft.server.level.ChunkMap
[19Aug2026 16:51:00.225] [Server thread/DEBUG] [mixin/]: Renaming synthetic method lambda$decrementGenRefCountsOnComplete$0(ILnet/minecraft/world/level/ChunkPos;Lcom/mojang/datafixers/util/Either;Ljava/lang/Throwable;)V to md801402$lambda$decrementGenRefCountsOnComplete$0$3 in modernfix-modernfix.mixins.json:perf.release_protochunks.ChunkMapMixin
[19Aug2026 16:51:00.232] [Server thread/DEBUG] [mixin/]: Mixing camera.ChunkMapMixin from securitycraft.mixins.json into net.minecraft.server.level.ChunkMap
[19Aug2026 16:51:00.358] [Server thread/DEBUG] [mixin/]: Mixing perf.optimize_surface_rules.SurfaceSystemMixin from modernfix-modernfix.mixins.json into net.minecraft.world.level.levelgen.SurfaceSystem
[19Aug2026 16:51:00.584] [Server thread/DEBUG] [mixin/]: Mixing perf.cache_strongholds.ChunkGeneratorMixin from modernfix-modernfix.mixins.json into net.minecraft.world.level.chunk.ChunkGeneratorStructureState
[19Aug2026 16:51:00.584] [Server thread/DEBUG] [mixin/]: Renaming synthetic method lambda$modernfix$cacheRingPositions$0(Lnet/minecraft/server/MinecraftServer;Ljava/lang/String;Ljava/util/List;)Ljava/util/List; to md801402$lambda$modernfix$cacheRingPositions$0$0 in modernfix-modernfix.mixins.json:perf.cache_strongholds.ChunkGeneratorMixin
[19Aug2026 16:51:00.681] [Server thread/DEBUG] [ModernFix/]: Using cached stronghold positions for f5b936f08b0b82de433d0415e917a3030f8b6c92eee2a11ba47552fd55b7dc18
[19Aug2026 16:51:00.682] [Server thread/DEBUG] [mixin/]: Mixing portal.PortalForcerMixin from securitycraft.mixins.json into net.minecraft.world.level.portal.PortalForcer
[19Aug2026 16:51:00.688] [Server thread/DEBUG] [mixin/]: Mixing perf.faster_structure_location.StructureCheckMixin from modernfix-modernfix.mixins.json into net.minecraft.world.level.levelgen.structure.StructureCheck
[19Aug2026 16:51:00.694] [Server thread/DEBUG] [mixin/]: Mixing accessor.StructureManagerAccessor from cataclysm.mixins.json into net.minecraft.world.level.StructureManager
[19Aug2026 16:51:00.713] [Server thread/DEBUG] [ModernFix/]: Generating capability dispatcher #1 for types: [com.teamabnormals.blueprint.common.capability.chunkloading.ChunkLoaderCapability$Provider -> indeterminate (bytecode analysis disabled)]
[19Aug2026 16:51:00.754] [Server thread/DEBUG] [ModernFix/]: Generating capability dispatcher #2 for types: [com.github.alexthe666.iceandfire.entity.props.EntityDataProvider -> indeterminate (bytecode analysis disabled), com.github.L_Ender.cataclysm.capabilities.HookCapability$HookCapabilityImp$HookProvider -> indeterminate (bytecode analysis disabled), com.github.L_Ender.cataclysm.capabilities.ChargeCapability$ChargeCapabilityImp$ChargeProvider -> indeterminate (bytecode analysis disabled), com.github.L_Ender.cataclysm.capabilities.RenderRushCapability$RenderRushCapabilityImp$RenderRushProvider -> indeterminate (bytecode analysis disabled), com.github.L_Ender.cataclysm.capabilities.TidalTentacleCapability$TentacleCapabilityImp$TentacleProvider -> indeterminate (bytecode analysis disabled), com.github.L_Ender.cataclysm.capabilities.ParryCapability$ParryCapabilityImp$ParryProvider -> indeterminate (bytecode analysis disabled), top.theillusivec4.curios.common.capability.CurioInventoryCapability$Provider -> indeterminate (bytecode analysis disabled)]
[19Aug2026 16:51:00.761] [Server thread/DEBUG] [mixin/]: Mixing accessor.BrainAccessor from moonlight-common.mixins.json into net.minecraft.world.entity.ai.Brain
[19Aug2026 16:51:00.916] [Server thread/DEBUG] [mixin/]: Mixing chassis.common.MixinProjectileUtil from ntgl.mixin.json into net.minecraft.world.entity.projectile.ProjectileUtil
[19Aug2026 16:51:00.916] [Server thread/DEBUG] [mixin/]: ntgl.mixin.json:chassis.common.MixinProjectileUtil: Class version 61 required is higher than the class version supported by the current version of Mixin (JAVA_8 supports class version 52)
[19Aug2026 16:51:00.916] [Server thread/DEBUG] [mixin/]: Renaming synthetic method lambda$getEntityHitResult$0(Lnet/minecraft/world/entity/Entity;Ljava/util/function/Predicate;Lnet/minecraft/world/entity/Entity;)Z to md801402$lambda$getEntityHitResult$0$0 in ntgl.mixin.json:chassis.common.MixinProjectileUtil
[19Aug2026 16:51:00.920] [Server thread/DEBUG] [mixin/]: Mixing ModifyPiglinAi from bygonenether.mixins.json into net.minecraft.world.entity.monster.piglin.PiglinAi
[19Aug2026 16:51:00.920] [Server thread/DEBUG] [mixin/]: Renaming synthetic method lambda$bygonenether_angerNearbyPiglins$1(Lnet/minecraft/world/entity/player/Player;Lnet/minecraft/world/entity/monster/piglin/PiglinBrute;)V to md801402$lambda$bygonenether_angerNearbyPiglins$1$0 in bygonenether.mixins.json:ModifyPiglinAi
[19Aug2026 16:51:00.920] [Server thread/DEBUG] [mixin/]: Renaming synthetic method lambda$bygonenether_angerNearbyPiglins$0(ZLnet/minecraft/world/entity/player/Player;Lnet/minecraft/world/entity/monster/piglin/PiglinBrute;)Z to md801402$lambda$bygonenether_angerNearbyPiglins$0$1 in bygonenether.mixins.json:ModifyPiglinAi
[19Aug2026 16:51:00.923] [Server thread/DEBUG] [mixin/]: Mixing MixinPiglinAi from curios.mixins.json into net.minecraft.world.entity.monster.piglin.PiglinAi
[19Aug2026 16:51:01.175] [Server thread/DEBUG] [mixin/]: Mixing ntgl.common.SittingPhaseMixin from ntgl.mixin.json into net.minecraft.world.entity.boss.enderdragon.phases.AbstractDragonSittingPhase
[19Aug2026 16:51:01.175] [Server thread/DEBUG] [mixin/]: ntgl.mixin.json:ntgl.common.SittingPhaseMixin: Class version 61 required is higher than the class version supported by the current version of Mixin (JAVA_8 supports class version 52)
[19Aug2026 16:51:01.186] [Server thread/DEBUG] [ModernFix/]: Generating capability dispatcher #3 for types: [com.github.alexthe666.iceandfire.entity.props.EntityDataProvider -> indeterminate (bytecode analysis disabled), ovh.corail.tombstone.capability.FriendlyAnimalProvider -> indeterminate (bytecode analysis disabled), com.github.L_Ender.cataclysm.capabilities.HookCapability$HookCapabilityImp$HookProvider -> indeterminate (bytecode analysis disabled), com.github.L_Ender.cataclysm.capabilities.ChargeCapability$ChargeCapabilityImp$ChargeProvider -> indeterminate (bytecode analysis disabled), com.github.L_Ender.cataclysm.capabilities.RenderRushCapability$RenderRushCapabilityImp$RenderRushProvider -> indeterminate (bytecode analysis disabled), com.github.L_Ender.cataclysm.capabilities.TidalTentacleCapability$TentacleCapabilityImp$TentacleProvider -> indeterminate (bytecode analysis disabled), com.github.L_Ender.cataclysm.capabilities.ParryCapability$ParryCapabilityImp$ParryProvider -> indeterminate (bytecode analysis disabled), top.theillusivec4.curios.common.capability.CurioInventoryCapability$Provider -> indeterminate (bytecode analysis disabled)]
[19Aug2026 16:51:01.213] [Server thread/DEBUG] [ModernFix/]: Generating capability dispatcher #4 for types: [com.github.alexthe666.iceandfire.entity.props.EntityDataProvider -> indeterminate (bytecode analysis disabled), ovh.corail.tombstone.capability.ProtectedEntityProvider -> indeterminate (bytecode analysis disabled), com.github.L_Ender.cataclysm.capabilities.HookCapability$HookCapabilityImp$HookProvider -> indeterminate (bytecode analysis disabled), com.github.L_Ender.cataclysm.capabilities.ChargeCapability$ChargeCapabilityImp$ChargeProvider -> indeterminate (bytecode analysis disabled), com.github.L_Ender.cataclysm.capabilities.RenderRushCapability$RenderRushCapabilityImp$RenderRushProvider -> indeterminate (bytecode analysis disabled), com.github.L_Ender.cataclysm.capabilities.TidalTentacleCapability$TentacleCapabilityImp$TentacleProvider -> indeterminate (bytecode analysis disabled), com.github.L_Ender.cataclysm.capabilities.ParryCapability$ParryCapabilityImp$ParryProvider -> indeterminate (bytecode analysis disabled), top.theillusivec4.curios.common.capability.CurioInventoryCapability$Provider -> indeterminate (bytecode analysis disabled)]
[19Aug2026 16:51:01.223] [Server thread/DEBUG] [mixin/]: Mixing ModifyPiglinBruteAi from bygonenether.mixins.json into net.minecraft.world.entity.monster.piglin.PiglinBruteAi
[19Aug2026 16:51:01.323] [Server thread/DEBUG] [mixin/]: Mixing PacketDistributorHackMixin from moonlight.mixins.json into net.minecraftforge.network.PacketDistributor
[19Aug2026 16:51:01.335] [Server thread/DEBUG] [io.netty.buffer.AbstractByteBuf/]: -Dio.netty.buffer.checkAccessible: true
[19Aug2026 16:51:01.336] [Server thread/DEBUG] [io.netty.buffer.AbstractByteBuf/]: -Dio.netty.buffer.checkBounds: true
[19Aug2026 16:51:01.336] [Server thread/DEBUG] [io.netty.util.ResourceLeakDetectorFactory/]: Loaded default ResourceLeakDetector: io.netty.util.ResourceLeakDetector@154f180a
[19Aug2026 16:51:01.342] [Server thread/DEBUG] [ModernFix/]: Generating capability dispatcher #5 for types: [com.mrcrayfish.framework.entity.sync.ForgeSyncedEntityDataHandler$Provider -> indeterminate (bytecode analysis disabled)]
[19Aug2026 16:51:01.350] [Server thread/DEBUG] [ModernFix/]: Generating capability dispatcher #6 for types: [com.github.alexthe666.iceandfire.entity.props.EntityDataProvider -> indeterminate (bytecode analysis disabled), ovh.corail.tombstone.capability.ProtectedEntityProvider -> indeterminate (bytecode analysis disabled), ovh.corail.tombstone.capability.SpellCasterProvider -> indeterminate (bytecode analysis disabled), com.github.L_Ender.cataclysm.capabilities.HookCapability$HookCapabilityImp$HookProvider -> indeterminate (bytecode analysis disabled), com.github.L_Ender.cataclysm.capabilities.ChargeCapability$ChargeCapabilityImp$ChargeProvider -> indeterminate (bytecode analysis disabled), com.github.L_Ender.cataclysm.capabilities.RenderRushCapability$RenderRushCapabilityImp$RenderRushProvider -> indeterminate (bytecode analysis disabled), com.github.L_Ender.cataclysm.capabilities.TidalTentacleCapability$TentacleCapabilityImp$TentacleProvider -> indeterminate (bytecode analysis disabled), com.github.L_Ender.cataclysm.capabilities.ParryCapability$ParryCapabilityImp$ParryProvider -> indeterminate (bytecode analysis disabled), top.theillusivec4.curios.common.capability.CurioInventoryCapability$Provider -> indeterminate (bytecode analysis disabled)]
[19Aug2026 16:51:01.375] [Server thread/WARN] [com.structureessentials.StructureEssentials/]: Non-unique structure_set salt:0 potentially creating overlapping structures detected. Structure sets: [minecraft:mineshafts, minecraft:strongholds, minecraft:buried_treasures]
[19Aug2026 16:51:01.376] [Server thread/WARN] [com.structureessentials.StructureEssentials/]: Non-unique structure_set salt:783 potentially creating overlapping structures detected. Structure sets: [nova_structures:taverns, nova_structures:badlands_miner_outpost]
[19Aug2026 16:51:01.376] [Server thread/WARN] [com.structureessentials.StructureEssentials/]: Non-unique structure_set salt:10387312 potentially creating overlapping structures detected. Structure sets: [minecraft:villages, nova_structures:villages_jungle, nova_structures:villages_swamp]
[19Aug2026 16:51:01.377] [Server thread/WARN] [com.structureessentials.StructureEssentials/]: Non-unique structure_set salt:10387313 potentially creating overlapping structures detected. Structure sets: [minecraft:ocean_monuments, minecraft:end_cities]
[19Aug2026 16:51:01.377] [Server thread/WARN] [com.structureessentials.StructureEssentials/]: Non-unique structure_set salt:4533232 potentially creating overlapping structures detected. Structure sets: [nova_structures:illager_camp, nova_structures:nether_camps]
[19Aug2026 16:51:01.377] [Server thread/WARN] [com.structureessentials.StructureEssentials/]: Non-unique structure_set salt:2 potentially creating overlapping structures detected. Structure sets: [alexscaves:ocean_trench, alexscaves:acid_pit]
[19Aug2026 16:51:01.378] [Server thread/WARN] [com.structureessentials.StructureEssentials/]: Non-unique structure_set salt:239021 potentially creating overlapping structures detected. Structure sets: [nova_structures:desert_ruins, nova_structures:jungle_ruins]
[19Aug2026 16:51:01.378] [Server thread/WARN] [com.structureessentials.StructureEssentials/]: Non-unique structure_set salt:3 potentially creating overlapping structures detected. Structure sets: [alexscaves:cake_cave, alexscaves:ferrocave]
[19Aug2026 16:51:01.379] [Server thread/INFO] [net.minecraft.server.MinecraftServer/]: Preparing start region for dimension minecraft:overworld
[19Aug2026 16:51:01.381] [Server thread/DEBUG] [mixin/]: Mixing bugfix.paper_chunk_patches.SortedArraySetMixin from modernfix-modernfix.mixins.json into net.minecraft.util.SortedArraySet
[19Aug2026 16:51:01.565] [Server thread/DEBUG] [mixin/]: Mixing MixinChunkSerializer from architectury.mixins.json into net.minecraft.world.level.chunk.storage.ChunkSerializer
[19Aug2026 16:51:01.583] [Server thread/DEBUG] [mixin/]: Mixing perf.compact_imposterprotochunks.ImposterProtoChunkMixin from modernfix-modernfix.mixins.json into net.minecraft.world.level.chunk.ImposterProtoChunk
[19Aug2026 16:51:01.584] [Server thread/DEBUG] [mixin/]: Mixing perf.release_protochunks.ImposterProtoChunkMixin from modernfix-modernfix.mixins.json into net.minecraft.world.level.chunk.ImposterProtoChunk
[19Aug2026 16:51:01.594] [Server thread/DEBUG] [mixin/]: Mixing core.PalettedContainerMixin from modernfix-modernfix.mixins.json into net.minecraft.world.level.chunk.PalettedContainer
[19Aug2026 16:51:01.595] [Server thread/DEBUG] [mixin/]: Mixing perf.compact_bit_storage.PalettedContainerMixin from modernfix-modernfix.mixins.json into net.minecraft.world.level.chunk.PalettedContainer
[19Aug2026 16:51:01.612] [Server thread/DEBUG] [mixin/]: Mixing ThreadingDetectorMixin from cupboard.mixins.json into net.minecraft.util.ThreadingDetector
[19Aug2026 16:51:01.959] [Server thread/DEBUG] [mixin/]: Mixing StructureStartTimingMixin from structureessentials.mixins.json into net.minecraft.world.level.levelgen.structure.StructureStart
[19Aug2026 16:51:01.960] [Server thread/DEBUG] [mixin/]: Mixing StructureStartMixin from blueprint.mixins.json into net.minecraft.world.level.levelgen.structure.StructureStart
[19Aug2026 16:51:01.960] [Server thread/DEBUG] [mixin/]: Renaming synthetic method lambda$new$0(Lnet/minecraft/world/level/WorldGenLevel;)[Lcom/teamabnormals/blueprint/common/world/modification/structure/StructureRepaletterEntry; to md801402$lambda$new$0$0 in blueprint.mixins.json:StructureStartMixin
[19Aug2026 16:51:01.969] [Server thread/DEBUG] [mixin/]: Mixing accessor.BoundingBoxAccessor from cataclysm.mixins.json into net.minecraft.world.level.levelgen.structure.BoundingBox
[19Aug2026 16:51:01.975] [Server thread/DEBUG] [net.minecraftforge.coremod.transformer.CoreModBaseTransformer/COREMOD]: Transforming net/minecraft/world/level/levelgen/structure/templatesystem/StructureTemplate
[19Aug2026 16:51:02.009] [Server thread/DEBUG] [mixin/]: Mixing StructureTemplateMixin from blueprint.mixins.json into net.minecraft.world.level.levelgen.structure.templatesystem.StructureTemplate
[19Aug2026 16:51:02.010] [Server thread/DEBUG] [mixin/]: Mixing StructureTemplateMixin from cataclysm.mixins.json into net.minecraft.world.level.levelgen.structure.templatesystem.StructureTemplate
[19Aug2026 16:51:02.010] [Server thread/DEBUG] [mixin/]: Renaming synthetic method lambda$repurposedstructures_preventAutoWaterlogging$0(Lnet/minecraft/world/level/levelgen/structure/templatesystem/StructureProcessor;)Z to md801402$lambda$repurposedstructures_preventAutoWaterlogging$0$0 in cataclysm.mixins.json:StructureTemplateMixin
[19Aug2026 16:51:02.058] [Server thread/DEBUG] [ModernFix/]: Using cached upgraded version of iceandfire:gorgon_temple/building
[19Aug2026 16:51:02.061] [Server thread/DEBUG] [mixin/]: Mixing BlockInfoMixin from structureessentials.mixins.json into net.minecraft.world.level.levelgen.structure.templatesystem.StructureTemplate$StructureBlockInfo
[19Aug2026 16:51:02.071] [Server thread/DEBUG] [mixin/]: Mixing perf.cache_blockstate_cache_arrays.AbstractBlockStateCacheMixin from modernfix-modernfix.mixins.json into net.minecraft.world.level.block.state.BlockBehaviour$BlockStateBase$Cache
[19Aug2026 16:51:02.072] [Server thread/DEBUG] [mixin/]: Mixing BlockStateCacheMixin from ferritecore.blockstatecache.mixin.json into net.minecraft.world.level.block.state.BlockBehaviour$BlockStateBase$Cache
[19Aug2026 16:51:02.103] [Server thread/DEBUG] [mixin/]: Mixing SubShapeAccess from ferritecore.blockstatecache.mixin.json into net.minecraft.world.phys.shapes.SubShape
[19Aug2026 16:51:02.163] [Server thread/DEBUG] [ModernFix/]: Using cached upgraded version of iceandfire:gorgon_temple/basement
[19Aug2026 16:51:02.188] [Server thread/DEBUG] [ModernFix/]: Using cached upgraded version of iceandfire:gorgon_temple/gorgon
[19Aug2026 16:51:03.032] [Server thread/DEBUG] [ModernFix/]: Using cached upgraded version of alexscaves:underground_cabin_1
[19Aug2026 16:51:03.220] [Server thread/INFO] [net.minecraft.server.level.progress.LoggerChunkProgressListener/]: Preparing spawn area: 0%
[19Aug2026 16:51:03.277] [Server thread/DEBUG] [ModernFix/]: Using cached upgraded version of alexscaves:underground_cabin_2
[19Aug2026 16:51:03.287] [Server thread/INFO] [net.minecraft.server.level.progress.LoggerChunkProgressListener/]: Preparing spawn area: 0%
[19Aug2026 16:51:03.428] [Server thread/INFO] [net.minecraft.server.level.progress.LoggerChunkProgressListener/]: Preparing spawn area: 0%
[19Aug2026 16:51:03.534] [Server thread/INFO] [net.minecraft.server.level.progress.LoggerChunkProgressListener/]: Preparing spawn area: 0%
[19Aug2026 16:51:03.543] [Server thread/INFO] [net.minecraft.server.level.progress.LoggerChunkProgressListener/]: Preparing spawn area: 0%
[19Aug2026 16:51:03.798] [Server thread/DEBUG] [ModernFix/]: Generating capability dispatcher #7 for types: [net.blay09.mods.balm.forge.capability.ForgeBalmCapabilities$BlockEntityCapabilityProvider -> indeterminate (bytecode analysis disabled), net.blay09.mods.balm.forge.capability.ForgeBalmCapabilities$BlockEntityCapabilityProvider -> indeterminate (bytecode analysis disabled), net.blay09.mods.balm.forge.capability.ForgeBalmCapabilities$BlockEntityCapabilityProvider -> indeterminate (bytecode analysis disabled)]
[19Aug2026 16:51:03.807] [Server thread/DEBUG] [ModernFix/]: Generating capability dispatcher #8 for types: [net.blay09.mods.balm.forge.capability.ForgeBalmCapabilities$BlockEntityCapabilityProvider -> indeterminate (bytecode analysis disabled), net.blay09.mods.balm.forge.capability.ForgeBalmCapabilities$BlockEntityCapabilityProvider -> indeterminate (bytecode analysis disabled), net.blay09.mods.balm.forge.capability.ForgeBalmCapabilities$BlockEntityCapabilityProvider -> indeterminate (bytecode analysis disabled), com.illusivesoulworks.polymorph.common.CommonEventsListener$BlockEntityRecipeDataProvider -> indeterminate (bytecode analysis disabled)]
[19Aug2026 16:51:03.864] [Server thread/DEBUG] [ModernFix/]: Generating capability dispatcher #9 for types: [com.github.alexthe666.iceandfire.entity.props.EntityDataProvider -> indeterminate (bytecode analysis disabled), ovh.corail.tombstone.capability.EnhancedFamiliarProvider -> indeterminate (bytecode analysis disabled), com.github.L_Ender.cataclysm.capabilities.HookCapability$HookCapabilityImp$HookProvider -> indeterminate (bytecode analysis disabled), com.github.L_Ender.cataclysm.capabilities.ChargeCapability$ChargeCapabilityImp$ChargeProvider -> indeterminate (bytecode analysis disabled), com.github.L_Ender.cataclysm.capabilities.RenderRushCapability$RenderRushCapabilityImp$RenderRushProvider -> indeterminate (bytecode analysis disabled), com.github.L_Ender.cataclysm.capabilities.TidalTentacleCapability$TentacleCapabilityImp$TentacleProvider -> indeterminate (bytecode analysis disabled), com.github.L_Ender.cataclysm.capabilities.ParryCapability$ParryCapabilityImp$ParryProvider -> indeterminate (bytecode analysis disabled), top.theillusivec4.curios.common.capability.CurioInventoryCapability$Provider -> indeterminate (bytecode analysis disabled)]
[19Aug2026 16:51:04.052] [Server thread/INFO] [net.minecraft.server.level.progress.LoggerChunkProgressListener/]: Time elapsed: 2672 ms
[19Aug2026 16:51:04.053] [Server thread/INFO] [net.minecraft.server.dedicated.DedicatedServer/]: Done (4.925s)! For help, type "help"
[19Aug2026 16:51:04.066] [Server thread/DEBUG] [net.minecraftforge.network.DualStackUtils/]: Detected IPv6 address: "0:0:0:0:0:0:0:0"
[19Aug2026 16:51:04.206] [Server thread/DEBUG] [net.minecraftforge.common.ForgeI18n/CORE]: Loading I18N data entries: 12633
[19Aug2026 16:51:04.210] [Server thread/INFO] [net.minecraftforge.server.permission.PermissionAPI/]: Successfully initialized permission handler forge:default_handler
[19Aug2026 16:51:04.265] [Server thread/INFO] [com.github.alexthe666.iceandfire.IceAndFire/]: {iceandfire:fire_dragon_roost=true, iceandfire:fire_lily=true, iceandfire:spawn_dragon_skeleton_fire=true, iceandfire:lightning_dragon_roost=true, iceandfire:spawn_dragon_skeleton_lightning=true, iceandfire:ice_dragon_roost=true, iceandfire:ice_dragon_cave=true, iceandfire:lightning_dragon_cave=true, iceandfire:cyclops_cave=true, iceandfire:spawn_wandering_cyclops=true, iceandfire:spawn_sea_serpent=true, iceandfire:frost_lily=true, iceandfire:hydra_cave=true, iceandfire:lightning_lily=true, iceandfire:pixie_village=true, iceandfire:myrmex_hive_jungle=true, iceandfire:myrmex_hive_desert=true, iceandfire:silver_ore=true, iceandfire:siren_island=true, iceandfire:spawn_dragon_skeleton_ice=true, iceandfire:spawn_stymphalian_bird=true, iceandfire:fire_dragon_cave=true, iceandfire:sapphire_ore=true, iceandfire:spawn_hippocampus=true, iceandfire:spawn_death_worm=true}
[19Aug2026 16:51:04.266] [Server thread/INFO] [com.github.alexthe666.iceandfire.IceAndFire/]: {TROLL_S=true, HIPPOGRYPH=true, AMPHITHERE=true, COCKATRICE=true, TROLL_M=true, DREAD_LICH=true, TROLL_F=true}
[19Aug2026 16:51:04.267] [Server thread/INFO] [patchouli/]: Sending reload packet to clients
[19Aug2026 16:51:04.269] [Server thread/WARN] [ModernFix/]: Dedicated server took 47.912 seconds to load
[19Aug2026 16:51:04.324] [Server thread/DEBUG] [net.minecraftforge.coremod.transformer.CoreModBaseTransformer/COREMOD]: Transforming net/minecraft/world/level/NaturalSpawner
[19Aug2026 16:51:04.336] [Server thread/DEBUG] [mixin/]: Mixing item.wearable.NaturalSpawnerMixin from mixins.artifacts.common.json into net.minecraft.world.level.NaturalSpawner
[19Aug2026 16:51:04.336] [Server thread/DEBUG] [mixin/]: Renaming synthetic method lambda$spawnCategoryForPosition$0(Lnet/minecraft/world/entity/Mob;Lnet/minecraft/world/item/ItemStack;)V to md801402$lambda$spawnCategoryForPosition$0$0 in mixins.artifacts.common.json:item.wearable.NaturalSpawnerMixin
[19Aug2026 16:51:04.337] [Server thread/DEBUG] [mixin/]: Mixing NaturalSpawnerMixin from alexscaves.mixins.json into net.minecraft.world.level.NaturalSpawner
[19Aug2026 16:51:04.383] [Server thread/DEBUG] [mixin/]: Mixing camera.TrackedEntityMixin from securitycraft.mixins.json into net.minecraft.server.level.ChunkMap$TrackedEntity
[19Aug2026 16:51:04.387] [Server thread/DEBUG] [mixin/]: Mixing ServerEntityMixin from blueprint.mixins.json into net.minecraft.server.level.ServerEntity
[19Aug2026 16:51:04.388] [Server thread/DEBUG] [mixin/]: Mixing ServerEntityMixin from endergetic.mixins.json into net.minecraft.server.level.ServerEntity
[19Aug2026 16:51:04.388] [Server thread/DEBUG] [mixin/]: Renaming synthetic method lambda$updateBalloons$0()Lnet/minecraft/world/entity/Entity; to md801402$lambda$updateBalloons$0$0 in endergetic.mixins.json:ServerEntityMixin
[19Aug2026 16:51:04.452] [Server thread/DEBUG] [artifacts.Artifacts/]: Loaded artifacts.forge.platform.ForgePlatformHelper@401d30f4 for service interface artifacts.platform.PlatformHelper
[19Aug2026 16:51:04.464] [Server thread/DEBUG] [mixin/]: Mixing item.wearable.charmofsinking.EnchantmentHelperMixin from mixins.artifacts.common.json into net.minecraft.world.item.enchantment.EnchantmentHelper
[19Aug2026 16:51:04.464] [Server thread/DEBUG] [mixin/]: Mixing item.wearable.pendant.EnchantmentHelperMixin from mixins.artifacts.common.json into net.minecraft.world.item.enchantment.EnchantmentHelper
[19Aug2026 16:51:14.335] [Netty Epoll Server IO #1/DEBUG] [mixin/]: Mixing MapItemDataPacketMixin from moonlight-common.mixins.json into net.minecraft.network.protocol.game.ClientboundMapItemDataPacket
[19Aug2026 16:51:14.336] [Netty Epoll Server IO #1/DEBUG] [mixin/]: Renaming synthetic method lambda$moonlight$sendCustomDecorations$1(I)[Lnet/mehvahdjukaar/moonlight/api/map/CustomMapDecoration; to md801402$lambda$moonlight$sendCustomDecorations$1$0 in moonlight-common.mixins.json:MapItemDataPacketMixin
[19Aug2026 16:51:14.336] [Netty Epoll Server IO #1/DEBUG] [mixin/]: Renaming synthetic method lambda$moonlight$sendCustomDecorations$0(Lnet/minecraft/network/FriendlyByteBuf;Lnet/mehvahdjukaar/moonlight/api/map/CustomMapDecoration;)Lnet/mehvahdjukaar/moonlight/api/map/CustomMapDecoration; to md801402$lambda$moonlight$sendCustomDecorations$0$1 in moonlight-common.mixins.json:MapItemDataPacketMixin
[19Aug2026 16:51:14.449] [Netty Epoll Server IO #1/DEBUG] [io.netty.util.Recycler/]: -Dio.netty.recycler.maxCapacityPerThread: 4096
[19Aug2026 16:51:14.449] [Netty Epoll Server IO #1/DEBUG] [io.netty.util.Recycler/]: -Dio.netty.recycler.ratio: 8
[19Aug2026 16:51:14.449] [Netty Epoll Server IO #1/DEBUG] [io.netty.util.Recycler/]: -Dio.netty.recycler.chunkSize: 32
[19Aug2026 16:51:14.449] [Netty Epoll Server IO #1/DEBUG] [io.netty.util.Recycler/]: -Dio.netty.recycler.blocking: false
[19Aug2026 16:51:14.459] [Netty Epoll Server IO #1/DEBUG] [mixin/]: Mixing core.NetworkHooksMixin from modernfix-modernfix.mixins.json into net.minecraftforge.network.NetworkHooks
[19Aug2026 16:51:15.738] [Netty Epoll Server IO #2/DEBUG] [net.minecraftforge.network.HandshakeHandler/FMLHANDSHAKE]: Starting new modded impl connection. Found 30 messages to dispatch.
[19Aug2026 16:51:15.775] [Server thread/DEBUG] [net.minecraftforge.network.HandshakeHandler/FMLHANDSHAKE]: Sending ticking packet info 'FrameworkConfig refurbished_furniture:server' to 'framework:handshake' sequence 0
[19Aug2026 16:51:15.776] [Server thread/DEBUG] [net.minecraftforge.network.HandshakeHandler/FMLHANDSHAKE]: Sending ticking packet info 'net.minecraftforge.network.HandshakeMessages$S2CModData' to 'fml:handshake' sequence 1
[19Aug2026 16:51:15.776] [Server thread/DEBUG] [net.minecraftforge.network.HandshakeHandler/FMLHANDSHAKE]: Sending ticking packet info 'net.minecraftforge.network.HandshakeMessages$S2CModList' to 'fml:handshake' sequence 2
[19Aug2026 16:51:15.776] [Server thread/DEBUG] [net.minecraftforge.network.HandshakeHandler/FMLHANDSHAKE]: Sending ticking packet info 'Registry minecraft:command_argument_type' to 'fml:handshake' sequence 3
[19Aug2026 16:51:15.777] [Server thread/DEBUG] [net.minecraftforge.network.HandshakeHandler/FMLHANDSHAKE]: Sending ticking packet info 'Registry minecraft:recipe_serializer' to 'fml:handshake' sequence 4
[19Aug2026 16:51:15.777] [Server thread/DEBUG] [net.minecraftforge.network.HandshakeHandler/FMLHANDSHAKE]: Sending ticking packet info 'Registry minecraft:sound_event' to 'fml:handshake' sequence 5
[19Aug2026 16:51:15.777] [Server thread/DEBUG] [net.minecraftforge.network.HandshakeHandler/FMLHANDSHAKE]: Sending ticking packet info 'Registry minecraft:particle_type' to 'fml:handshake' sequence 6
[19Aug2026 16:51:15.777] [Server thread/DEBUG] [net.minecraftforge.network.HandshakeHandler/FMLHANDSHAKE]: Sending ticking packet info 'Registry minecraft:villager_profession' to 'fml:handshake' sequence 7
[19Aug2026 16:51:15.777] [Server thread/DEBUG] [net.minecraftforge.network.HandshakeHandler/FMLHANDSHAKE]: Sending ticking packet info 'Registry minecraft:item' to 'fml:handshake' sequence 8
[19Aug2026 16:51:15.777] [Server thread/DEBUG] [net.minecraftforge.network.HandshakeHandler/FMLHANDSHAKE]: Sending ticking packet info 'Registry minecraft:potion' to 'fml:handshake' sequence 9
[19Aug2026 16:51:15.777] [Server thread/DEBUG] [net.minecraftforge.network.HandshakeHandler/FMLHANDSHAKE]: Sending ticking packet info 'Registry minecraft:painting_variant' to 'fml:handshake' sequence 10
[19Aug2026 16:51:15.777] [Server thread/DEBUG] [net.minecraftforge.network.HandshakeHandler/FMLHANDSHAKE]: Sending ticking packet info 'Registry forge:fluid_type' to 'fml:handshake' sequence 11
[19Aug2026 16:51:15.777] [Server thread/DEBUG] [net.minecraftforge.network.HandshakeHandler/FMLHANDSHAKE]: Sending ticking packet info 'Registry minecraft:block_entity_type' to 'fml:handshake' sequence 12
[19Aug2026 16:51:15.777] [Server thread/DEBUG] [net.minecraftforge.network.HandshakeHandler/FMLHANDSHAKE]: Sending ticking packet info 'Registry forge:display_contexts' to 'fml:handshake' sequence 13
[19Aug2026 16:51:15.777] [Server thread/DEBUG] [net.minecraftforge.network.HandshakeHandler/FMLHANDSHAKE]: Sending ticking packet info 'Registry minecraft:block' to 'fml:handshake' sequence 14
[19Aug2026 16:51:15.777] [Server thread/DEBUG] [net.minecraftforge.network.HandshakeHandler/FMLHANDSHAKE]: Sending ticking packet info 'Registry forge:entity_data_serializers' to 'fml:handshake' sequence 15
[19Aug2026 16:51:15.777] [Server thread/DEBUG] [net.minecraftforge.network.HandshakeHandler/FMLHANDSHAKE]: Sending ticking packet info 'Registry minecraft:mob_effect' to 'fml:handshake' sequence 16
[19Aug2026 16:51:15.777] [Server thread/DEBUG] [net.minecraftforge.network.HandshakeHandler/FMLHANDSHAKE]: Sending ticking packet info 'Registry minecraft:stat_type' to 'fml:handshake' sequence 17
[19Aug2026 16:51:15.778] [Server thread/DEBUG] [net.minecraftforge.network.HandshakeHandler/FMLHANDSHAKE]: Sending ticking packet info 'Registry tombstone:perks' to 'fml:handshake' sequence 18
[19Aug2026 16:51:15.778] [Server thread/DEBUG] [net.minecraftforge.network.HandshakeHandler/FMLHANDSHAKE]: Sending ticking packet info 'Registry minecraft:menu' to 'fml:handshake' sequence 19
[19Aug2026 16:51:15.778] [Server thread/DEBUG] [net.minecraftforge.network.HandshakeHandler/FMLHANDSHAKE]: Sending ticking packet info 'Registry minecraft:enchantment' to 'fml:handshake' sequence 20
[19Aug2026 16:51:15.778] [Server thread/DEBUG] [net.minecraftforge.network.HandshakeHandler/FMLHANDSHAKE]: Sending ticking packet info 'Registry minecraft:fluid' to 'fml:handshake' sequence 21
[19Aug2026 16:51:15.778] [Server thread/DEBUG] [net.minecraftforge.network.HandshakeHandler/FMLHANDSHAKE]: Sending ticking packet info 'Registry minecraft:entity_type' to 'fml:handshake' sequence 22
[19Aug2026 16:51:15.778] [Server thread/DEBUG] [net.minecraftforge.network.HandshakeHandler/FMLHANDSHAKE]: Sending ticking packet info 'Config securitycraft-server.toml' to 'fml:handshake' sequence 23
[19Aug2026 16:51:15.778] [Server thread/DEBUG] [net.minecraftforge.network.HandshakeHandler/FMLHANDSHAKE]: Sending ticking packet info 'Config curios-server.toml' to 'fml:handshake' sequence 24
[19Aug2026 16:51:15.778] [Server thread/DEBUG] [net.minecraftforge.network.HandshakeHandler/FMLHANDSHAKE]: Sending ticking packet info 'Config tombstone-server.toml' to 'fml:handshake' sequence 25
[19Aug2026 16:51:15.778] [Server thread/DEBUG] [net.minecraftforge.network.HandshakeHandler/FMLHANDSHAKE]: Sending ticking packet info 'Config sophisticatedbackpacks-server.toml' to 'fml:handshake' sequence 26
[19Aug2026 16:51:15.778] [Server thread/DEBUG] [net.minecraftforge.network.HandshakeHandler/FMLHANDSHAKE]: Sending ticking packet info 'Config jei-server.toml' to 'fml:handshake' sequence 27
[19Aug2026 16:51:15.778] [Server thread/DEBUG] [net.minecraftforge.network.HandshakeHandler/FMLHANDSHAKE]: Sending ticking packet info 'Config forge-server.toml' to 'fml:handshake' sequence 28
[19Aug2026 16:51:15.778] [Server thread/DEBUG] [net.minecraftforge.network.HandshakeHandler/FMLHANDSHAKE]: Sending ticking packet info 'Config ntgl-server.toml' to 'fml:handshake' sequence 29
[19Aug2026 16:51:15.964] [Netty Epoll Server IO #2/DEBUG] [net.minecraftforge.network.LoginWrapper/FMLHANDSHAKE]: Recieved login wrapper packet event for channel framework:handshake with index 0
[19Aug2026 16:51:15.966] [Netty Epoll Server IO #2/DEBUG] [net.minecraftforge.network.HandshakeHandler/FMLHANDSHAKE]: Received client indexed reply 0 of type com.mrcrayfish.framework.api.network.message.HandshakeMessage$Acknowledge
[19Aug2026 16:51:15.966] [Netty Epoll Server IO #2/DEBUG] [Framework/FRAMEWORK_HANDSHAKE]: Received acknowledgement from client
[19Aug2026 16:51:16.120] [Netty Epoll Server IO #2/DEBUG] [net.minecraftforge.network.LoginWrapper/FMLHANDSHAKE]: Recieved login wrapper packet event for channel fml:handshake with index 2
[19Aug2026 16:51:16.121] [Netty Epoll Server IO #2/DEBUG] [net.minecraftforge.network.HandshakeHandler/FMLHANDSHAKE]: Received client indexed reply 2 of type net.minecraftforge.network.HandshakeMessages$C2SModListReply
[19Aug2026 16:51:16.122] [Netty Epoll Server IO #2/DEBUG] [net.minecraftforge.network.HandshakeHandler/FMLHANDSHAKE]: Received client connection with modlist [kuma_api, supermartijn642configlib, watermedia_youtube_plugin, trashslot, sodiumextras, watermedia, geckolib, playeranimator, jei, xaerolib, trender, stalwart_dungeons, sophisticatedcore, ntgl, waystones, structureessentials, clumps, xaeroworldmap, controlling, placebo, modernfix, citadel, alexsmobs, naturescompass, artifacts, sophisticatedbackpacks, iceandfire, bygonenether, balm, blueprint, carryon, sodiumoptionsapi, chat_heads, puzzlesaccessapi, cloth_config, sound_physics_remastered, crash_assistant, forge, sodiumdynamiclights, embeddium, rubidium, ironchest, minecraft, endergetic, alexscaves, littleframes, terrablender, moonlight, fabric_api_base, mousetweaks, biomesoplenty, mixinsquared, jade, endrem, creativecore, chunky, spectrelib, supermartijn642corelib, lionfishapi, kotlinforforge, cataclysm, curios, patchouli, xaerominimap, oculus, betterbiomeblend, searchables, polymorph, securitycraft, mr_dungeons_andtaverns, entityculling, tombstone, immediatelyfast, coroutil, fastfurnace, architectury, skin_changer, appleskin, ferritecore, cupboard, transition, refurbished_furniture, puzzleslib, quantified, framework, expandability, essential]
[19Aug2026 16:51:16.123] [Netty Epoll Server IO #2/DEBUG] [net.minecraftforge.network.NetworkRegistry/NETREGISTRY]: Channel 'alexscaves:main_channel' : Version test of '1' from client : ACCEPTED
[19Aug2026 16:51:16.123] [Netty Epoll Server IO #2/DEBUG] [net.minecraftforge.network.NetworkRegistry/NETREGISTRY]: Channel 'jei:channel' : Version test of '1.0.0' from client : ACCEPTED
[19Aug2026 16:51:16.123] [Netty Epoll Server IO #2/DEBUG] [net.minecraftforge.network.NetworkRegistry/NETREGISTRY]: Channel 'minecraft:unregister' : Version test of 'FML3' from client : ACCEPTED
[19Aug2026 16:51:16.123] [Netty Epoll Server IO #2/DEBUG] [net.minecraftforge.network.NetworkRegistry/NETREGISTRY]: Channel 'xaerominimap:main' : Version test of '1.0' from client : ACCEPTED
[19Aug2026 16:51:16.123] [Netty Epoll Server IO #2/DEBUG] [net.minecraftforge.network.NetworkRegistry/NETREGISTRY]: Channel 'sophisticatedbackpacks:channel' : Version test of '3.24.62.2017' from client : ACCEPTED
[19Aug2026 16:51:16.123] [Netty Epoll Server IO #2/DEBUG] [net.minecraftforge.network.NetworkRegistry/NETREGISTRY]: Channel 'ntgl:play' : Version test of '1' from client : ACCEPTED
[19Aug2026 16:51:16.123] [Netty Epoll Server IO #2/DEBUG] [net.minecraftforge.network.NetworkRegistry/NETREGISTRY]: Channel 'framework:play' : Version test of '1' from client : ACCEPTED
[19Aug2026 16:51:16.123] [Netty Epoll Server IO #2/DEBUG] [net.minecraftforge.network.NetworkRegistry/NETREGISTRY]: Channel 'endergetic:net' : Version test of 'EE1' from client : ACCEPTED
[19Aug2026 16:51:16.123] [Netty Epoll Server IO #2/DEBUG] [net.minecraftforge.network.NetworkRegistry/NETREGISTRY]: Channel 'cataclysm:main_channel' : Version test of '1' from client : ACCEPTED
[19Aug2026 16:51:16.123] [Netty Epoll Server IO #2/DEBUG] [net.minecraftforge.network.NetworkRegistry/NETREGISTRY]: Channel 'lionfishapi:main_channel' : Version test of '1' from client : ACCEPTED
[19Aug2026 16:51:16.123] [Netty Epoll Server IO #2/DEBUG] [net.minecraftforge.network.NetworkRegistry/NETREGISTRY]: Channel 'forge:tier_sorting' : Version test of '1.0' from client : ACCEPTED
[19Aug2026 16:51:16.123] [Netty Epoll Server IO #2/DEBUG] [net.minecraftforge.network.NetworkRegistry/NETREGISTRY]: Channel 'spectrelib:main' : Version test of '1' from client : ACCEPTED
[19Aug2026 16:51:16.124] [Netty Epoll Server IO #2/DEBUG] [net.minecraftforge.network.NetworkRegistry/NETREGISTRY]: Channel 'alexsmobs:main_channel' : Version test of '1' from client : ACCEPTED
[19Aug2026 16:51:16.124] [Netty Epoll Server IO #2/DEBUG] [net.minecraftforge.network.NetworkRegistry/NETREGISTRY]: Channel 'fml:play' : Version test of 'FML3' from client : ACCEPTED
[19Aug2026 16:51:16.124] [Netty Epoll Server IO #2/DEBUG] [net.minecraftforge.network.NetworkRegistry/NETREGISTRY]: Channel 'creativecore:main' : Version test of '1' from client : ACCEPTED
[19Aug2026 16:51:16.124] [Netty Epoll Server IO #2/DEBUG] [net.minecraftforge.network.NetworkRegistry/NETREGISTRY]: Channel 'modernfix:ingredient_sync' : Version test of '1' from client : ACCEPTED
[19Aug2026 16:51:16.124] [Netty Epoll Server IO #2/DEBUG] [net.minecraftforge.network.NetworkRegistry/NETREGISTRY]: Channel 'blueprint:net' : Version test of 'BP1' from client : ACCEPTED
[19Aug2026 16:51:16.124] [Netty Epoll Server IO #2/DEBUG] [net.minecraftforge.network.NetworkRegistry/NETREGISTRY]: Channel 'xaeroworldmap:main' : Version test of '1.0' from client : ACCEPTED
[19Aug2026 16:51:16.124] [Netty Epoll Server IO #2/DEBUG] [net.minecraftforge.network.NetworkRegistry/NETREGISTRY]: Channel 'minecraft:register' : Version test of 'FML3' from client : ACCEPTED
[19Aug2026 16:51:16.124] [Netty Epoll Server IO #2/DEBUG] [net.minecraftforge.network.NetworkRegistry/NETREGISTRY]: Channel 'geckolib:main' : Version test of '1' from client : ACCEPTED
[19Aug2026 16:51:16.124] [Netty Epoll Server IO #2/DEBUG] [net.minecraftforge.network.NetworkRegistry/NETREGISTRY]: Channel 'moonlight:channel' : Version test of '0' from client : ACCEPTED
[19Aug2026 16:51:16.124] [Netty Epoll Server IO #2/DEBUG] [net.minecraftforge.network.NetworkRegistry/NETREGISTRY]: Channel 'refurbished_furniture:play' : Version test of '1' from client : ACCEPTED
[19Aug2026 16:51:16.124] [Netty Epoll Server IO #2/DEBUG] [net.minecraftforge.network.NetworkRegistry/NETREGISTRY]: Channel 'stalwart_dungeons:stalwart_dungeons' : Version test of '1' from client : ACCEPTED
[19Aug2026 16:51:16.124] [Netty Epoll Server IO #2/DEBUG] [net.minecraftforge.network.NetworkRegistry/NETREGISTRY]: Channel 'architectury:network' : Version test of '1' from client : ACCEPTED
[19Aug2026 16:51:16.124] [Netty Epoll Server IO #2/DEBUG] [net.minecraftforge.network.NetworkRegistry/NETREGISTRY]: Channel 'carryon:carryonpackets' : Version test of '1.0' from client : ACCEPTED
[19Aug2026 16:51:16.124] [Netty Epoll Server IO #2/DEBUG] [net.minecraftforge.network.NetworkRegistry/NETREGISTRY]: Channel 'citadel:main_channel' : Version test of '1' from client : ACCEPTED
[19Aug2026 16:51:16.124] [Netty Epoll Server IO #2/DEBUG] [net.minecraftforge.network.NetworkRegistry/NETREGISTRY]: Channel 'puzzleslib:1' : Version test of '1' from client : ACCEPTED
[19Aug2026 16:51:16.124] [Netty Epoll Server IO #2/DEBUG] [net.minecraftforge.network.NetworkRegistry/NETREGISTRY]: Channel 'securitycraft:securitycraft' : Version test of 'v1.9.8' from client : ACCEPTED
[19Aug2026 16:51:16.124] [Netty Epoll Server IO #2/DEBUG] [net.minecraftforge.network.NetworkRegistry/NETREGISTRY]: Channel 'iceandfire:main_channel' : Version test of '1' from client : ACCEPTED
[19Aug2026 16:51:16.124] [Netty Epoll Server IO #2/DEBUG] [net.minecraftforge.network.NetworkRegistry/NETREGISTRY]: Channel 'modernfix:main' : Version test of '1' from client : ACCEPTED
[19Aug2026 16:51:16.124] [Netty Epoll Server IO #2/DEBUG] [net.minecraftforge.network.NetworkRegistry/NETREGISTRY]: Channel 'curios:main' : Version test of '1' from client : ACCEPTED
[19Aug2026 16:51:16.124] [Netty Epoll Server IO #2/DEBUG] [net.minecraftforge.network.NetworkRegistry/NETREGISTRY]: Channel 'placebo:placebo' : Version test of '1.0.0' from client : ACCEPTED
[19Aug2026 16:51:16.124] [Netty Epoll Server IO #2/DEBUG] [net.minecraftforge.network.NetworkRegistry/NETREGISTRY]: Channel 'balm:network' : Version test of '1.0' from client : ACCEPTED
[19Aug2026 16:51:16.124] [Netty Epoll Server IO #2/DEBUG] [net.minecraftforge.network.NetworkRegistry/NETREGISTRY]: Channel 'polymorph:main' : Version test of '1' from client : ACCEPTED
[19Aug2026 16:51:16.124] [Netty Epoll Server IO #2/DEBUG] [net.minecraftforge.network.NetworkRegistry/NETREGISTRY]: Channel 'littleframes:main' : Version test of '1' from client : ACCEPTED
[19Aug2026 16:51:16.124] [Netty Epoll Server IO #2/DEBUG] [net.minecraftforge.network.NetworkRegistry/NETREGISTRY]: Channel 'framework:handshake' : Version test of '1' from client : ACCEPTED
[19Aug2026 16:51:16.125] [Netty Epoll Server IO #2/DEBUG] [net.minecraftforge.network.NetworkRegistry/NETREGISTRY]: Channel 'fml:loginwrapper' : Version test of 'FML3' from client : ACCEPTED
[19Aug2026 16:51:16.125] [Netty Epoll Server IO #2/DEBUG] [net.minecraftforge.network.NetworkRegistry/NETREGISTRY]: Channel 'supermartijn642configlib:sync_configs' : Version test of '1.1.8' from client : ACCEPTED
[19Aug2026 16:51:16.125] [Netty Epoll Server IO #2/DEBUG] [net.minecraftforge.network.NetworkRegistry/NETREGISTRY]: Channel 'trashslot:network' : Version test of '1.0' from client : ACCEPTED
[19Aug2026 16:51:16.125] [Netty Epoll Server IO #2/DEBUG] [net.minecraftforge.network.NetworkRegistry/NETREGISTRY]: Channel 'tombstone:tombstone_channel' : Version test of 'tombstone-9.0.9' from client : ACCEPTED
[19Aug2026 16:51:16.125] [Netty Epoll Server IO #2/DEBUG] [net.minecraftforge.network.NetworkRegistry/NETREGISTRY]: Channel 'xaerolib:main' : Version test of '1.0' from client : ACCEPTED
[19Aug2026 16:51:16.125] [Netty Epoll Server IO #2/DEBUG] [net.minecraftforge.network.NetworkRegistry/NETREGISTRY]: Channel 'naturescompass:naturescompass' : Version test of '1.0' from client : ACCEPTED
[19Aug2026 16:51:16.125] [Netty Epoll Server IO #2/DEBUG] [net.minecraftforge.network.NetworkRegistry/NETREGISTRY]: Channel 'sophisticatedcore:channel' : Version test of '1.3.74.2216' from client : ACCEPTED
[19Aug2026 16:51:16.125] [Netty Epoll Server IO #2/DEBUG] [net.minecraftforge.network.NetworkRegistry/NETREGISTRY]: Channel 'patchouli:main' : Version test of '1' from client : ACCEPTED
[19Aug2026 16:51:16.125] [Netty Epoll Server IO #2/DEBUG] [net.minecraftforge.network.NetworkRegistry/NETREGISTRY]: Channel 'fml:handshake' : Version test of 'FML3' from client : ACCEPTED
[19Aug2026 16:51:16.125] [Netty Epoll Server IO #2/DEBUG] [net.minecraftforge.network.NetworkRegistry/NETREGISTRY]: Channel 'ironchest:network' : Version test of '1' from client : ACCEPTED
[19Aug2026 16:51:16.125] [Netty Epoll Server IO #2/DEBUG] [net.minecraftforge.network.NetworkRegistry/NETREGISTRY]: Channel 'forge:split' : Version test of '1.1' from client : ACCEPTED
[19Aug2026 16:51:16.125] [Netty Epoll Server IO #2/DEBUG] [net.minecraftforge.network.NetworkRegistry/NETREGISTRY]: Channel 'waystones:network' : Version test of '1.0' from client : ACCEPTED
[19Aug2026 16:51:16.125] [Netty Epoll Server IO #2/DEBUG] [net.minecraftforge.network.NetworkRegistry/NETREGISTRY]: Channel 'jade:networking' : Version test of '2' from client : ACCEPTED
[19Aug2026 16:51:16.125] [Netty Epoll Server IO #2/DEBUG] [net.minecraftforge.network.NetworkRegistry/NETREGISTRY]: Accepting channel list from client
[19Aug2026 16:51:16.126] [Netty Epoll Server IO #2/DEBUG] [net.minecraftforge.network.HandshakeHandler/FMLHANDSHAKE]: Accepted client connection mod list
[19Aug2026 16:51:16.127] [Netty Epoll Server IO #2/DEBUG] [net.minecraftforge.network.LoginWrapper/FMLHANDSHAKE]: Recieved login wrapper packet event for channel fml:handshake with index 3
[19Aug2026 16:51:16.127] [Netty Epoll Server IO #2/DEBUG] [net.minecraftforge.network.HandshakeHandler/FMLHANDSHAKE]: Received client indexed reply 3 of type net.minecraftforge.network.HandshakeMessages$C2SAcknowledge
[19Aug2026 16:51:16.127] [Netty Epoll Server IO #2/DEBUG] [net.minecraftforge.network.HandshakeHandler/FMLHANDSHAKE]: Received acknowledgement from client
[19Aug2026 16:51:16.127] [Netty Epoll Server IO #2/DEBUG] [net.minecraftforge.network.LoginWrapper/FMLHANDSHAKE]: Recieved login wrapper packet event for channel fml:handshake with index 4
[19Aug2026 16:51:16.127] [Netty Epoll Server IO #2/DEBUG] [net.minecraftforge.network.HandshakeHandler/FMLHANDSHAKE]: Received client indexed reply 4 of type net.minecraftforge.network.HandshakeMessages$C2SAcknowledge
[19Aug2026 16:51:16.127] [Netty Epoll Server IO #2/DEBUG] [net.minecraftforge.network.HandshakeHandler/FMLHANDSHAKE]: Received acknowledgement from client
[19Aug2026 16:51:16.460] [Netty Epoll Server IO #2/DEBUG] [net.minecraftforge.network.LoginWrapper/FMLHANDSHAKE]: Recieved login wrapper packet event for channel fml:handshake with index 5
[19Aug2026 16:51:16.460] [Netty Epoll Server IO #2/DEBUG] [net.minecraftforge.network.HandshakeHandler/FMLHANDSHAKE]: Received client indexed reply 5 of type net.minecraftforge.network.HandshakeMessages$C2SAcknowledge
[19Aug2026 16:51:16.460] [Netty Epoll Server IO #2/DEBUG] [net.minecraftforge.network.HandshakeHandler/FMLHANDSHAKE]: Received acknowledgement from client
[19Aug2026 16:51:16.466] [Netty Epoll Server IO #2/DEBUG] [net.minecraftforge.network.LoginWrapper/FMLHANDSHAKE]: Recieved login wrapper packet event for channel fml:handshake with index 6
[19Aug2026 16:51:16.466] [Netty Epoll Server IO #2/DEBUG] [net.minecraftforge.network.HandshakeHandler/FMLHANDSHAKE]: Received client indexed reply 6 of type net.minecraftforge.network.HandshakeMessages$C2SAcknowledge
[19Aug2026 16:51:16.466] [Netty Epoll Server IO #2/DEBUG] [net.minecraftforge.network.HandshakeHandler/FMLHANDSHAKE]: Received acknowledgement from client
[19Aug2026 16:51:16.467] [Netty Epoll Server IO #2/DEBUG] [net.minecraftforge.network.LoginWrapper/FMLHANDSHAKE]: Recieved login wrapper packet event for channel fml:handshake with index 7
[19Aug2026 16:51:16.467] [Netty Epoll Server IO #2/DEBUG] [net.minecraftforge.network.HandshakeHandler/FMLHANDSHAKE]: Received client indexed reply 7 of type net.minecraftforge.network.HandshakeMessages$C2SAcknowledge
[19Aug2026 16:51:16.467] [Netty Epoll Server IO #2/DEBUG] [net.minecraftforge.network.HandshakeHandler/FMLHANDSHAKE]: Received acknowledgement from client
[19Aug2026 16:51:16.646] [Netty Epoll Server IO #2/DEBUG] [net.minecraftforge.network.LoginWrapper/FMLHANDSHAKE]: Recieved login wrapper packet event for channel fml:handshake with index 8
[19Aug2026 16:51:16.646] [Netty Epoll Server IO #2/DEBUG] [net.minecraftforge.network.HandshakeHandler/FMLHANDSHAKE]: Received client indexed reply 8 of type net.minecraftforge.network.HandshakeMessages$C2SAcknowledge
[19Aug2026 16:51:16.646] [Netty Epoll Server IO #2/DEBUG] [net.minecraftforge.network.HandshakeHandler/FMLHANDSHAKE]: Received acknowledgement from client
[19Aug2026 16:51:16.646] [Netty Epoll Server IO #2/DEBUG] [net.minecraftforge.network.LoginWrapper/FMLHANDSHAKE]: Recieved login wrapper packet event for channel fml:handshake with index 9
[19Aug2026 16:51:16.646] [Netty Epoll Server IO #2/DEBUG] [net.minecraftforge.network.HandshakeHandler/FMLHANDSHAKE]: Received client indexed reply 9 of type net.minecraftforge.network.HandshakeMessages$C2SAcknowledge
[19Aug2026 16:51:16.646] [Netty Epoll Server IO #2/DEBUG] [net.minecraftforge.network.HandshakeHandler/FMLHANDSHAKE]: Received acknowledgement from client
[19Aug2026 16:51:16.647] [Netty Epoll Server IO #2/DEBUG] [net.minecraftforge.network.LoginWrapper/FMLHANDSHAKE]: Recieved login wrapper packet event for channel fml:handshake with index 10
[19Aug2026 16:51:16.647] [Netty Epoll Server IO #2/DEBUG] [net.minecraftforge.network.HandshakeHandler/FMLHANDSHAKE]: Received client indexed reply 10 of type net.minecraftforge.network.HandshakeMessages$C2SAcknowledge
[19Aug2026 16:51:16.647] [Netty Epoll Server IO #2/DEBUG] [net.minecraftforge.network.HandshakeHandler/FMLHANDSHAKE]: Received acknowledgement from client
[19Aug2026 16:51:16.647] [Netty Epoll Server IO #2/DEBUG] [net.minecraftforge.network.LoginWrapper/FMLHANDSHAKE]: Recieved login wrapper packet event for channel fml:handshake with index 11
[19Aug2026 16:51:16.647] [Netty Epoll Server IO #2/DEBUG] [net.minecraftforge.network.HandshakeHandler/FMLHANDSHAKE]: Received client indexed reply 11 of type net.minecraftforge.network.HandshakeMessages$C2SAcknowledge
[19Aug2026 16:51:16.647] [Netty Epoll Server IO #2/DEBUG] [net.minecraftforge.network.HandshakeHandler/FMLHANDSHAKE]: Received acknowledgement from client
[19Aug2026 16:51:16.647] [Netty Epoll Server IO #2/DEBUG] [net.minecraftforge.network.LoginWrapper/FMLHANDSHAKE]: Recieved login wrapper packet event for channel fml:handshake with index 12
[19Aug2026 16:51:16.647] [Netty Epoll Server IO #2/DEBUG] [net.minecraftforge.network.HandshakeHandler/FMLHANDSHAKE]: Received client indexed reply 12 of type net.minecraftforge.network.HandshakeMessages$C2SAcknowledge
[19Aug2026 16:51:16.647] [Netty Epoll Server IO #2/DEBUG] [net.minecraftforge.network.HandshakeHandler/FMLHANDSHAKE]: Received acknowledgement from client
[19Aug2026 16:51:16.648] [Netty Epoll Server IO #2/DEBUG] [net.minecraftforge.network.LoginWrapper/FMLHANDSHAKE]: Recieved login wrapper packet event for channel fml:handshake with index 13
[19Aug2026 16:51:16.648] [Netty Epoll Server IO #2/DEBUG] [net.minecraftforge.network.HandshakeHandler/FMLHANDSHAKE]: Received client indexed reply 13 of type net.minecraftforge.network.HandshakeMessages$C2SAcknowledge
[19Aug2026 16:51:16.648] [Netty Epoll Server IO #2/DEBUG] [net.minecraftforge.network.HandshakeHandler/FMLHANDSHAKE]: Received acknowledgement from client
[19Aug2026 16:51:16.820] [Netty Epoll Server IO #2/DEBUG] [net.minecraftforge.network.LoginWrapper/FMLHANDSHAKE]: Recieved login wrapper packet event for channel fml:handshake with index 14
[19Aug2026 16:51:16.820] [Netty Epoll Server IO #2/DEBUG] [net.minecraftforge.network.HandshakeHandler/FMLHANDSHAKE]: Received client indexed reply 14 of type net.minecraftforge.network.HandshakeMessages$C2SAcknowledge
[19Aug2026 16:51:16.820] [Netty Epoll Server IO #2/DEBUG] [net.minecraftforge.network.HandshakeHandler/FMLHANDSHAKE]: Received acknowledgement from client
[19Aug2026 16:51:16.820] [Netty Epoll Server IO #2/DEBUG] [net.minecraftforge.network.LoginWrapper/FMLHANDSHAKE]: Recieved login wrapper packet event for channel fml:handshake with index 15
[19Aug2026 16:51:16.820] [Netty Epoll Server IO #2/DEBUG] [net.minecraftforge.network.HandshakeHandler/FMLHANDSHAKE]: Received client indexed reply 15 of type net.minecraftforge.network.HandshakeMessages$C2SAcknowledge
[19Aug2026 16:51:16.820] [Netty Epoll Server IO #2/DEBUG] [net.minecraftforge.network.HandshakeHandler/FMLHANDSHAKE]: Received acknowledgement from client
[19Aug2026 16:51:16.820] [Netty Epoll Server IO #2/DEBUG] [net.minecraftforge.network.LoginWrapper/FMLHANDSHAKE]: Recieved login wrapper packet event for channel fml:handshake with index 16
[19Aug2026 16:51:16.820] [Netty Epoll Server IO #2/DEBUG] [net.minecraftforge.network.HandshakeHandler/FMLHANDSHAKE]: Received client indexed reply 16 of type net.minecraftforge.network.HandshakeMessages$C2SAcknowledge
[19Aug2026 16:51:16.821] [Netty Epoll Server IO #2/DEBUG] [net.minecraftforge.network.HandshakeHandler/FMLHANDSHAKE]: Received acknowledgement from client
[19Aug2026 16:51:16.821] [Netty Epoll Server IO #2/DEBUG] [net.minecraftforge.network.LoginWrapper/FMLHANDSHAKE]: Recieved login wrapper packet event for channel fml:handshake with index 17
[19Aug2026 16:51:16.821] [Netty Epoll Server IO #2/DEBUG] [net.minecraftforge.network.HandshakeHandler/FMLHANDSHAKE]: Received client indexed reply 17 of type net.minecraftforge.network.HandshakeMessages$C2SAcknowledge
[19Aug2026 16:51:16.821] [Netty Epoll Server IO #2/DEBUG] [net.minecraftforge.network.HandshakeHandler/FMLHANDSHAKE]: Received acknowledgement from client
[19Aug2026 16:51:16.821] [Netty Epoll Server IO #2/DEBUG] [net.minecraftforge.network.LoginWrapper/FMLHANDSHAKE]: Recieved login wrapper packet event for channel fml:handshake with index 18
[19Aug2026 16:51:16.821] [Netty Epoll Server IO #2/DEBUG] [net.minecraftforge.network.HandshakeHandler/FMLHANDSHAKE]: Received client indexed reply 18 of type net.minecraftforge.network.HandshakeMessages$C2SAcknowledge
[19Aug2026 16:51:16.821] [Netty Epoll Server IO #2/DEBUG] [net.minecraftforge.network.HandshakeHandler/FMLHANDSHAKE]: Received acknowledgement from client
[19Aug2026 16:51:16.821] [Netty Epoll Server IO #2/DEBUG] [net.minecraftforge.network.LoginWrapper/FMLHANDSHAKE]: Recieved login wrapper packet event for channel fml:handshake with index 19
[19Aug2026 16:51:16.821] [Netty Epoll Server IO #2/DEBUG] [net.minecraftforge.network.HandshakeHandler/FMLHANDSHAKE]: Received client indexed reply 19 of type net.minecraftforge.network.HandshakeMessages$C2SAcknowledge
[19Aug2026 16:51:16.821] [Netty Epoll Server IO #2/DEBUG] [net.minecraftforge.network.HandshakeHandler/FMLHANDSHAKE]: Received acknowledgement from client
[19Aug2026 16:51:16.822] [Netty Epoll Server IO #2/DEBUG] [net.minecraftforge.network.LoginWrapper/FMLHANDSHAKE]: Recieved login wrapper packet event for channel fml:handshake with index 20
[19Aug2026 16:51:16.822] [Netty Epoll Server IO #2/DEBUG] [net.minecraftforge.network.HandshakeHandler/FMLHANDSHAKE]: Received client indexed reply 20 of type net.minecraftforge.network.HandshakeMessages$C2SAcknowledge
[19Aug2026 16:51:16.822] [Netty Epoll Server IO #2/DEBUG] [net.minecraftforge.network.HandshakeHandler/FMLHANDSHAKE]: Received acknowledgement from client
[19Aug2026 16:51:16.822] [Netty Epoll Server IO #2/DEBUG] [net.minecraftforge.network.LoginWrapper/FMLHANDSHAKE]: Recieved login wrapper packet event for channel fml:handshake with index 21
[19Aug2026 16:51:16.822] [Netty Epoll Server IO #2/DEBUG] [net.minecraftforge.network.HandshakeHandler/FMLHANDSHAKE]: Received client indexed reply 21 of type net.minecraftforge.network.HandshakeMessages$C2SAcknowledge
[19Aug2026 16:51:16.822] [Netty Epoll Server IO #2/DEBUG] [net.minecraftforge.network.HandshakeHandler/FMLHANDSHAKE]: Received acknowledgement from client
[19Aug2026 16:51:16.924] [Netty Epoll Server IO #2/DEBUG] [net.minecraftforge.network.LoginWrapper/FMLHANDSHAKE]: Recieved login wrapper packet event for channel fml:handshake with index 22
[19Aug2026 16:51:16.924] [Netty Epoll Server IO #2/DEBUG] [net.minecraftforge.network.HandshakeHandler/FMLHANDSHAKE]: Received client indexed reply 22 of type net.minecraftforge.network.HandshakeMessages$C2SAcknowledge
[19Aug2026 16:51:16.924] [Netty Epoll Server IO #2/DEBUG] [net.minecraftforge.network.HandshakeHandler/FMLHANDSHAKE]: Received acknowledgement from client
[19Aug2026 16:51:16.924] [Netty Epoll Server IO #2/DEBUG] [net.minecraftforge.network.LoginWrapper/FMLHANDSHAKE]: Recieved login wrapper packet event for channel fml:handshake with index 23
[19Aug2026 16:51:16.924] [Netty Epoll Server IO #2/DEBUG] [net.minecraftforge.network.HandshakeHandler/FMLHANDSHAKE]: Received client indexed reply 23 of type net.minecraftforge.network.HandshakeMessages$C2SAcknowledge
[19Aug2026 16:51:16.924] [Netty Epoll Server IO #2/DEBUG] [net.minecraftforge.network.HandshakeHandler/FMLHANDSHAKE]: Received acknowledgement from client
[19Aug2026 16:51:16.925] [Netty Epoll Server IO #2/DEBUG] [net.minecraftforge.network.LoginWrapper/FMLHANDSHAKE]: Recieved login wrapper packet event for channel fml:handshake with index 24
[19Aug2026 16:51:16.925] [Netty Epoll Server IO #2/DEBUG] [net.minecraftforge.network.HandshakeHandler/FMLHANDSHAKE]: Received client indexed reply 24 of type net.minecraftforge.network.HandshakeMessages$C2SAcknowledge
[19Aug2026 16:51:16.925] [Netty Epoll Server IO #2/DEBUG] [net.minecraftforge.network.HandshakeHandler/FMLHANDSHAKE]: Received acknowledgement from client
[19Aug2026 16:51:16.925] [Netty Epoll Server IO #2/DEBUG] [net.minecraftforge.network.LoginWrapper/FMLHANDSHAKE]: Recieved login wrapper packet event for channel fml:handshake with index 25
[19Aug2026 16:51:16.925] [Netty Epoll Server IO #2/DEBUG] [net.minecraftforge.network.HandshakeHandler/FMLHANDSHAKE]: Received client indexed reply 25 of type net.minecraftforge.network.HandshakeMessages$C2SAcknowledge
[19Aug2026 16:51:16.925] [Netty Epoll Server IO #2/DEBUG] [net.minecraftforge.network.HandshakeHandler/FMLHANDSHAKE]: Received acknowledgement from client
[19Aug2026 16:51:16.925] [Netty Epoll Server IO #2/DEBUG] [net.minecraftforge.network.LoginWrapper/FMLHANDSHAKE]: Recieved login wrapper packet event for channel fml:handshake with index 26
[19Aug2026 16:51:16.925] [Netty Epoll Server IO #2/DEBUG] [net.minecraftforge.network.HandshakeHandler/FMLHANDSHAKE]: Received client indexed reply 26 of type net.minecraftforge.network.HandshakeMessages$C2SAcknowledge
[19Aug2026 16:51:16.926] [Netty Epoll Server IO #2/DEBUG] [net.minecraftforge.network.HandshakeHandler/FMLHANDSHAKE]: Received acknowledgement from client
[19Aug2026 16:51:16.926] [Netty Epoll Server IO #2/DEBUG] [net.minecraftforge.network.LoginWrapper/FMLHANDSHAKE]: Recieved login wrapper packet event for channel fml:handshake with index 27
[19Aug2026 16:51:16.926] [Netty Epoll Server IO #2/DEBUG] [net.minecraftforge.network.HandshakeHandler/FMLHANDSHAKE]: Received client indexed reply 27 of type net.minecraftforge.network.HandshakeMessages$C2SAcknowledge
[19Aug2026 16:51:16.926] [Netty Epoll Server IO #2/DEBUG] [net.minecraftforge.network.HandshakeHandler/FMLHANDSHAKE]: Received acknowledgement from client
[19Aug2026 16:51:16.926] [Netty Epoll Server IO #2/DEBUG] [net.minecraftforge.network.LoginWrapper/FMLHANDSHAKE]: Recieved login wrapper packet event for channel fml:handshake with index 28
[19Aug2026 16:51:16.926] [Netty Epoll Server IO #2/DEBUG] [net.minecraftforge.network.HandshakeHandler/FMLHANDSHAKE]: Received client indexed reply 28 of type net.minecraftforge.network.HandshakeMessages$C2SAcknowledge
[19Aug2026 16:51:16.926] [Netty Epoll Server IO #2/DEBUG] [net.minecraftforge.network.HandshakeHandler/FMLHANDSHAKE]: Received acknowledgement from client
[19Aug2026 16:51:16.926] [Netty Epoll Server IO #2/DEBUG] [net.minecraftforge.network.LoginWrapper/FMLHANDSHAKE]: Recieved login wrapper packet event for channel fml:handshake with index 29
[19Aug2026 16:51:16.927] [Netty Epoll Server IO #2/DEBUG] [net.minecraftforge.network.HandshakeHandler/FMLHANDSHAKE]: Received client indexed reply 29 of type net.minecraftforge.network.HandshakeMessages$C2SAcknowledge
[19Aug2026 16:51:16.927] [Netty Epoll Server IO #2/DEBUG] [net.minecraftforge.network.HandshakeHandler/FMLHANDSHAKE]: Received acknowledgement from client
[19Aug2026 16:51:16.974] [Server thread/DEBUG] [net.minecraftforge.network.HandshakeHandler/FMLHANDSHAKE]: Handshake complete!
[19Aug2026 16:51:17.030] [Server thread/WARN] [net.minecraft.network.syncher.SynchedEntityData/]: defineId called for: class net.minecraft.world.entity.player.Player from class tschipp.carryon.common.carry.CarryOnDataManager
[19Aug2026 16:51:17.034] [Server thread/DEBUG] [ModernFix/]: Generating capability dispatcher #10 for types: [artifacts.forge.capability.SwimDataProvider -> indeterminate (bytecode analysis disabled), com.github.alexthe666.iceandfire.entity.props.EntityDataProvider -> indeterminate (bytecode analysis disabled), ovh.corail.tombstone.capability.TBCapabilityProvider -> indeterminate (bytecode analysis disabled), ovh.corail.tombstone.capability.ProtectedEntityProvider -> indeterminate (bytecode analysis disabled), com.github.L_Ender.cataclysm.capabilities.HookCapability$HookCapabilityImp$HookProvider -> indeterminate (bytecode analysis disabled), com.github.L_Ender.cataclysm.capabilities.ChargeCapability$ChargeCapabilityImp$ChargeProvider -> indeterminate (bytecode analysis disabled), com.github.L_Ender.cataclysm.capabilities.RenderRushCapability$RenderRushCapabilityImp$RenderRushProvider -> indeterminate (bytecode analysis disabled), com.github.L_Ender.cataclysm.capabilities.TidalTentacleCapability$TentacleCapabilityImp$TentacleProvider -> indeterminate (bytecode analysis disabled), com.github.L_Ender.cataclysm.capabilities.ParryCapability$ParryCapabilityImp$ParryProvider -> indeterminate (bytecode analysis disabled), top.theillusivec4.curios.common.capability.CurioInventoryCapability$Provider -> indeterminate (bytecode analysis disabled), com.illusivesoulworks.polymorph.common.CommonEventsListener$PlayerRecipeDataProvider -> indeterminate (bytecode analysis disabled)]
[19Aug2026 16:51:17.036] [Server thread/DEBUG] [mixin/]: Mixing FoodDataMixin from alexscaves.mixins.json into net.minecraft.world.food.FoodData
[19Aug2026 16:51:17.037] [Server thread/DEBUG] [mixin/]: Mixing FoodDataMixin from cataclysm.mixins.json into net.minecraft.world.food.FoodData
[19Aug2026 16:51:17.181] [Server thread/DEBUG] [ModernFix/]: Generating capability dispatcher #11 for types: [top.theillusivec4.curios.common.capability.CurioItemCapability$Provider -> indeterminate (bytecode analysis disabled)]
[19Aug2026 16:51:17.185] [Server thread/DEBUG] [ModernFix/]: Generating capability dispatcher #12 for types: [ovh.corail.tombstone.capability.SoulConsumerProvider -> indeterminate (bytecode analysis disabled)]
[19Aug2026 16:51:17.200] [Server thread/INFO] [net.minecraft.server.players.PlayerList/]: Cars0325[/100.76.96.88:57536] logged in with entity id 809 at (830.3814613416924, 63.0, 1330.0926722430588)
[19Aug2026 16:51:17.215] [Server thread/DEBUG] [net.minecraftforge.network.filters.NetworkFilters/]: Injected net.minecraftforge.network.filters.ForgeConnectionNetworkFilter@79e99cf2 into net.minecraft.network.Connection@1b3bfda3
[19Aug2026 16:51:17.290] [Server thread/INFO] [ModernFix/]: Using enhanced recipe sync for player Cars0325
[19Aug2026 16:51:17.314] [Server thread/INFO] [net.minecraft.server.MinecraftServer/]: Cars0325 joined the game
[19Aug2026 16:51:17.412] [Server thread/INFO] [me.edoren.skin_changer.server.SkinProviderController/]: Player Cars0325 just logged in with id cdee860c-14b2-399b-9434-7a30a3a1578b
[19Aug2026 16:51:17.418] [ForkJoinPool-4-worker-1/INFO] [me.edoren.skin_changer.server.SkinProviderController/]: Loading local skin for player Cars0325[cdee860c-14b2-399b-9434-7a30a3a1578b]
[19Aug2026 16:51:17.421] [ForkJoinPool-4-worker-1/DEBUG] [me.edoren.skin_changer.common.NetworkUtils/]: Downloading file https://playerdb.co/api/player/minecraft/Cars0325
[19Aug2026 16:51:17.469] [Server thread/INFO] [Jade/]: Syncing config to Cars0325 (cdee860c-14b2-399b-9434-7a30a3a1578b)
[19Aug2026 16:51:17.479] [Server thread/DEBUG] [ModernFix/]: Generating capability dispatcher #13 for types: [artifacts.forge.capability.SwimDataProvider -> indeterminate (bytecode analysis disabled), com.github.alexthe666.iceandfire.entity.props.EntityDataProvider -> indeterminate (bytecode analysis disabled), com.github.L_Ender.cataclysm.capabilities.HookCapability$HookCapabilityImp$HookProvider -> indeterminate (bytecode analysis disabled), com.github.L_Ender.cataclysm.capabilities.ChargeCapability$ChargeCapabilityImp$ChargeProvider -> indeterminate (bytecode analysis disabled), com.github.L_Ender.cataclysm.capabilities.RenderRushCapability$RenderRushCapabilityImp$RenderRushProvider -> indeterminate (bytecode analysis disabled), com.github.L_Ender.cataclysm.capabilities.TidalTentacleCapability$TentacleCapabilityImp$TentacleProvider -> indeterminate (bytecode analysis disabled), com.github.L_Ender.cataclysm.capabilities.ParryCapability$ParryCapabilityImp$ParryProvider -> indeterminate (bytecode analysis disabled), top.theillusivec4.curios.common.capability.CurioInventoryCapability$Provider -> indeterminate (bytecode analysis disabled), com.illusivesoulworks.polymorph.common.CommonEventsListener$PlayerRecipeDataProvider -> indeterminate (bytecode analysis disabled)]
[19Aug2026 16:51:17.492] [ForkJoinPool-4-worker-1/INFO] [me.edoren.skin_changer.common.NetworkUtils/]: File https://playerdb.co/api/player/minecraft/Cars0325 downloaded
[19Aug2026 16:51:17.494] [ForkJoinPool-4-worker-1/DEBUG] [me.edoren.skin_changer.common.NetworkUtils/]: Downloading file https://crafatar.com/capes/09fdc1a4-d9e5-45b6-8a9e-631408135927
[19Aug2026 16:51:17.855] [Server thread/DEBUG] [ModernFix/]: Generating capability dispatcher #14 for types: [net.p3pp3rf1y.sophisticatedbackpacks.backpack.BackpackItem$2 -> indeterminate (bytecode analysis disabled), net.p3pp3rf1y.sophisticatedbackpacks.compat.curios.CuriosCompat$1 -> indeterminate (bytecode analysis disabled)]
[19Aug2026 16:51:18.022] [Server thread/DEBUG] [ModernFix/]: Generating capability dispatcher #15 for types: [com.github.alexthe666.iceandfire.entity.props.EntityDataProvider -> indeterminate (bytecode analysis disabled), ovh.corail.tombstone.capability.ServantEntityProvider -> indeterminate (bytecode analysis disabled), ovh.corail.tombstone.capability.SpellCasterProvider -> indeterminate (bytecode analysis disabled), ovh.corail.tombstone.capability.EnhancedFamiliarProvider -> indeterminate (bytecode analysis disabled), com.github.L_Ender.cataclysm.capabilities.HookCapability$HookCapabilityImp$HookProvider -> indeterminate (bytecode analysis disabled), com.github.L_Ender.cataclysm.capabilities.ChargeCapability$ChargeCapabilityImp$ChargeProvider -> indeterminate (bytecode analysis disabled), com.github.L_Ender.cataclysm.capabilities.RenderRushCapability$RenderRushCapabilityImp$RenderRushProvider -> indeterminate (bytecode analysis disabled), com.github.L_Ender.cataclysm.capabilities.TidalTentacleCapability$TentacleCapabilityImp$TentacleProvider -> indeterminate (bytecode analysis disabled), com.github.L_Ender.cataclysm.capabilities.ParryCapability$ParryCapabilityImp$ParryProvider -> indeterminate (bytecode analysis disabled), top.theillusivec4.curios.common.capability.CurioInventoryCapability$Provider -> indeterminate (bytecode analysis disabled)]
[19Aug2026 16:51:18.084] [ForkJoinPool-4-worker-1/INFO] [me.edoren.skin_changer.common.NetworkUtils/]: Error downloading file https://crafatar.com/capes/09fdc1a4-d9e5-45b6-8a9e-631408135927
[19Aug2026 16:51:19.763] [Server thread/DEBUG] [ModernFix/]: Using cached upgraded version of alexscaves:underground_cabin_0
[19Aug2026 16:51:21.516] [Server thread/DEBUG] [ModernFix/]: Using cached upgraded version of nova_structures:bunker/bunker_enterance_2
[19Aug2026 16:51:22.071] [Server thread/DEBUG] [ModernFix/]: Using cached upgraded version of nova_structures:well/well_anchor_oak
[19Aug2026 16:51:38.583] [Server thread/DEBUG] [mixin/]: Mixing swimming.FallLocationMixin from expandability-common.mixins.json into net.minecraft.world.damagesource.FallLocation
[19Aug2026 16:52:50.929] [Netty Epoll Server IO #4/DEBUG] [net.minecraftforge.network.HandshakeHandler/FMLHANDSHAKE]: Starting new modded impl connection. Found 30 messages to dispatch.
[19Aug2026 16:52:50.931] [Server thread/DEBUG] [net.minecraftforge.network.HandshakeHandler/FMLHANDSHAKE]: Sending ticking packet info 'FrameworkConfig refurbished_furniture:server' to 'framework:handshake' sequence 0
[19Aug2026 16:52:50.931] [Server thread/DEBUG] [net.minecraftforge.network.HandshakeHandler/FMLHANDSHAKE]: Sending ticking packet info 'net.minecraftforge.network.HandshakeMessages$S2CModData' to 'fml:handshake' sequence 1
[19Aug2026 16:52:50.931] [Server thread/DEBUG] [net.minecraftforge.network.HandshakeHandler/FMLHANDSHAKE]: Sending ticking packet info 'net.minecraftforge.network.HandshakeMessages$S2CModList' to 'fml:handshake' sequence 2
[19Aug2026 16:52:50.931] [Server thread/DEBUG] [net.minecraftforge.network.HandshakeHandler/FMLHANDSHAKE]: Sending ticking packet info 'Registry minecraft:command_argument_type' to 'fml:handshake' sequence 3
[19Aug2026 16:52:50.932] [Server thread/DEBUG] [net.minecraftforge.network.HandshakeHandler/FMLHANDSHAKE]: Sending ticking packet info 'Registry minecraft:recipe_serializer' to 'fml:handshake' sequence 4
[19Aug2026 16:52:50.932] [Server thread/DEBUG] [net.minecraftforge.network.HandshakeHandler/FMLHANDSHAKE]: Sending ticking packet info 'Registry minecraft:sound_event' to 'fml:handshake' sequence 5
[19Aug2026 16:52:50.932] [Server thread/DEBUG] [net.minecraftforge.network.HandshakeHandler/FMLHANDSHAKE]: Sending ticking packet info 'Registry minecraft:particle_type' to 'fml:handshake' sequence 6
[19Aug2026 16:52:50.932] [Server thread/DEBUG] [net.minecraftforge.network.HandshakeHandler/FMLHANDSHAKE]: Sending ticking packet info 'Registry minecraft:villager_profession' to 'fml:handshake' sequence 7
[19Aug2026 16:52:50.932] [Server thread/DEBUG] [net.minecraftforge.network.HandshakeHandler/FMLHANDSHAKE]: Sending ticking packet info 'Registry minecraft:item' to 'fml:handshake' sequence 8
[19Aug2026 16:52:50.932] [Server thread/DEBUG] [net.minecraftforge.network.HandshakeHandler/FMLHANDSHAKE]: Sending ticking packet info 'Registry minecraft:potion' to 'fml:handshake' sequence 9
[19Aug2026 16:52:50.932] [Server thread/DEBUG] [net.minecraftforge.network.HandshakeHandler/FMLHANDSHAKE]: Sending ticking packet info 'Registry minecraft:painting_variant' to 'fml:handshake' sequence 10
[19Aug2026 16:52:50.932] [Server thread/DEBUG] [net.minecraftforge.network.HandshakeHandler/FMLHANDSHAKE]: Sending ticking packet info 'Registry forge:fluid_type' to 'fml:handshake' sequence 11
[19Aug2026 16:52:50.932] [Server thread/DEBUG] [net.minecraftforge.network.HandshakeHandler/FMLHANDSHAKE]: Sending ticking packet info 'Registry minecraft:block_entity_type' to 'fml:handshake' sequence 12
[19Aug2026 16:52:50.932] [Server thread/DEBUG] [net.minecraftforge.network.HandshakeHandler/FMLHANDSHAKE]: Sending ticking packet info 'Registry forge:display_contexts' to 'fml:handshake' sequence 13
[19Aug2026 16:52:50.932] [Server thread/DEBUG] [net.minecraftforge.network.HandshakeHandler/FMLHANDSHAKE]: Sending ticking packet info 'Registry minecraft:block' to 'fml:handshake' sequence 14
[19Aug2026 16:52:50.932] [Server thread/DEBUG] [net.minecraftforge.network.HandshakeHandler/FMLHANDSHAKE]: Sending ticking packet info 'Registry forge:entity_data_serializers' to 'fml:handshake' sequence 15
[19Aug2026 16:52:50.932] [Server thread/DEBUG] [net.minecraftforge.network.HandshakeHandler/FMLHANDSHAKE]: Sending ticking packet info 'Registry minecraft:mob_effect' to 'fml:handshake' sequence 16
[19Aug2026 16:52:50.932] [Server thread/DEBUG] [net.minecraftforge.network.HandshakeHandler/FMLHANDSHAKE]: Sending ticking packet info 'Registry minecraft:stat_type' to 'fml:handshake' sequence 17
[19Aug2026 16:52:50.932] [Server thread/DEBUG] [net.minecraftforge.network.HandshakeHandler/FMLHANDSHAKE]: Sending ticking packet info 'Registry tombstone:perks' to 'fml:handshake' sequence 18
[19Aug2026 16:52:50.932] [Server thread/DEBUG] [net.minecraftforge.network.HandshakeHandler/FMLHANDSHAKE]: Sending ticking packet info 'Registry minecraft:menu' to 'fml:handshake' sequence 19
[19Aug2026 16:52:50.933] [Server thread/DEBUG] [net.minecraftforge.network.HandshakeHandler/FMLHANDSHAKE]: Sending ticking packet info 'Registry minecraft:enchantment' to 'fml:handshake' sequence 20
[19Aug2026 16:52:50.933] [Server thread/DEBUG] [net.minecraftforge.network.HandshakeHandler/FMLHANDSHAKE]: Sending ticking packet info 'Registry minecraft:fluid' to 'fml:handshake' sequence 21
[19Aug2026 16:52:50.933] [Server thread/DEBUG] [net.minecraftforge.network.HandshakeHandler/FMLHANDSHAKE]: Sending ticking packet info 'Registry minecraft:entity_type' to 'fml:handshake' sequence 22
[19Aug2026 16:52:50.933] [Server thread/DEBUG] [net.minecraftforge.network.HandshakeHandler/FMLHANDSHAKE]: Sending ticking packet info 'Config securitycraft-server.toml' to 'fml:handshake' sequence 23
[19Aug2026 16:52:50.933] [Server thread/DEBUG] [net.minecraftforge.network.HandshakeHandler/FMLHANDSHAKE]: Sending ticking packet info 'Config curios-server.toml' to 'fml:handshake' sequence 24
[19Aug2026 16:52:50.933] [Server thread/DEBUG] [net.minecraftforge.network.HandshakeHandler/FMLHANDSHAKE]: Sending ticking packet info 'Config tombstone-server.toml' to 'fml:handshake' sequence 25
[19Aug2026 16:52:50.933] [Server thread/DEBUG] [net.minecraftforge.network.HandshakeHandler/FMLHANDSHAKE]: Sending ticking packet info 'Config sophisticatedbackpacks-server.toml' to 'fml:handshake' sequence 26
[19Aug2026 16:52:50.933] [Server thread/DEBUG] [net.minecraftforge.network.HandshakeHandler/FMLHANDSHAKE]: Sending ticking packet info 'Config jei-server.toml' to 'fml:handshake' sequence 27
[19Aug2026 16:52:50.933] [Server thread/DEBUG] [net.minecraftforge.network.HandshakeHandler/FMLHANDSHAKE]: Sending ticking packet info 'Config forge-server.toml' to 'fml:handshake' sequence 28
[19Aug2026 16:52:50.933] [Server thread/DEBUG] [net.minecraftforge.network.HandshakeHandler/FMLHANDSHAKE]: Sending ticking packet info 'Config ntgl-server.toml' to 'fml:handshake' sequence 29
[19Aug2026 16:52:51.072] [Netty Epoll Server IO #4/DEBUG] [net.minecraftforge.network.LoginWrapper/FMLHANDSHAKE]: Recieved login wrapper packet event for channel framework:handshake with index 0
[19Aug2026 16:52:51.072] [Netty Epoll Server IO #4/DEBUG] [net.minecraftforge.network.HandshakeHandler/FMLHANDSHAKE]: Received client indexed reply 0 of type com.mrcrayfish.framework.api.network.message.HandshakeMessage$Acknowledge
[19Aug2026 16:52:51.072] [Netty Epoll Server IO #4/DEBUG] [Framework/FRAMEWORK_HANDSHAKE]: Received acknowledgement from client
[19Aug2026 16:52:51.189] [Netty Epoll Server IO #4/DEBUG] [net.minecraftforge.network.LoginWrapper/FMLHANDSHAKE]: Recieved login wrapper packet event for channel fml:handshake with index 2
[19Aug2026 16:52:51.189] [Netty Epoll Server IO #4/DEBUG] [net.minecraftforge.network.HandshakeHandler/FMLHANDSHAKE]: Received client indexed reply 2 of type net.minecraftforge.network.HandshakeMessages$C2SModListReply
[19Aug2026 16:52:51.189] [Netty Epoll Server IO #4/DEBUG] [net.minecraftforge.network.HandshakeHandler/FMLHANDSHAKE]: Received client connection with modlist [kuma_api, supermartijn642configlib, watermedia_youtube_plugin, trashslot, sodiumextras, watermedia, geckolib, playeranimator, jei, xaerolib, trender, stalwart_dungeons, sophisticatedcore, ntgl, waystones, structureessentials, clumps, xaeroworldmap, controlling, placebo, modernfix, citadel, alexsmobs, naturescompass, artifacts, sophisticatedbackpacks, iceandfire, bygonenether, balm, blueprint, carryon, sodiumoptionsapi, chat_heads, puzzlesaccessapi, cloth_config, sound_physics_remastered, crash_assistant, forge, sodiumdynamiclights, embeddium, rubidium, ironchest, minecraft, endergetic, alexscaves, littleframes, terrablender, moonlight, fabric_api_base, mousetweaks, biomesoplenty, mixinsquared, jade, endrem, creativecore, chunky, spectrelib, supermartijn642corelib, lionfishapi, kotlinforforge, cataclysm, curios, patchouli, xaerominimap, oculus, betterbiomeblend, searchables, polymorph, securitycraft, mr_dungeons_andtaverns, entityculling, tombstone, immediatelyfast, coroutil, fastfurnace, architectury, skin_changer, appleskin, ferritecore, cupboard, transition, refurbished_furniture, puzzleslib, quantified, framework, expandability, essential]
[19Aug2026 16:52:51.189] [Netty Epoll Server IO #4/DEBUG] [net.minecraftforge.network.NetworkRegistry/NETREGISTRY]: Channel 'alexscaves:main_channel' : Version test of '1' from client : ACCEPTED
[19Aug2026 16:52:51.189] [Netty Epoll Server IO #4/DEBUG] [net.minecraftforge.network.NetworkRegistry/NETREGISTRY]: Channel 'jei:channel' : Version test of '1.0.0' from client : ACCEPTED
[19Aug2026 16:52:51.189] [Netty Epoll Server IO #4/DEBUG] [net.minecraftforge.network.NetworkRegistry/NETREGISTRY]: Channel 'minecraft:unregister' : Version test of 'FML3' from client : ACCEPTED
[19Aug2026 16:52:51.189] [Netty Epoll Server IO #4/DEBUG] [net.minecraftforge.network.NetworkRegistry/NETREGISTRY]: Channel 'xaerominimap:main' : Version test of '1.0' from client : ACCEPTED
[19Aug2026 16:52:51.189] [Netty Epoll Server IO #4/DEBUG] [net.minecraftforge.network.NetworkRegistry/NETREGISTRY]: Channel 'sophisticatedbackpacks:channel' : Version test of '3.24.62.2017' from client : ACCEPTED
[19Aug2026 16:52:51.189] [Netty Epoll Server IO #4/DEBUG] [net.minecraftforge.network.NetworkRegistry/NETREGISTRY]: Channel 'ntgl:play' : Version test of '1' from client : ACCEPTED
[19Aug2026 16:52:51.189] [Netty Epoll Server IO #4/DEBUG] [net.minecraftforge.network.NetworkRegistry/NETREGISTRY]: Channel 'framework:play' : Version test of '1' from client : ACCEPTED
[19Aug2026 16:52:51.189] [Netty Epoll Server IO #4/DEBUG] [net.minecraftforge.network.NetworkRegistry/NETREGISTRY]: Channel 'endergetic:net' : Version test of 'EE1' from client : ACCEPTED
[19Aug2026 16:52:51.189] [Netty Epoll Server IO #4/DEBUG] [net.minecraftforge.network.NetworkRegistry/NETREGISTRY]: Channel 'cataclysm:main_channel' : Version test of '1' from client : ACCEPTED
[19Aug2026 16:52:51.190] [Netty Epoll Server IO #4/DEBUG] [net.minecraftforge.network.NetworkRegistry/NETREGISTRY]: Channel 'lionfishapi:main_channel' : Version test of '1' from client : ACCEPTED
[19Aug2026 16:52:51.190] [Netty Epoll Server IO #4/DEBUG] [net.minecraftforge.network.NetworkRegistry/NETREGISTRY]: Channel 'forge:tier_sorting' : Version test of '1.0' from client : ACCEPTED
[19Aug2026 16:52:51.190] [Netty Epoll Server IO #4/DEBUG] [net.minecraftforge.network.NetworkRegistry/NETREGISTRY]: Channel 'spectrelib:main' : Version test of '1' from client : ACCEPTED
[19Aug2026 16:52:51.190] [Netty Epoll Server IO #4/DEBUG] [net.minecraftforge.network.NetworkRegistry/NETREGISTRY]: Channel 'alexsmobs:main_channel' : Version test of '1' from client : ACCEPTED
[19Aug2026 16:52:51.190] [Netty Epoll Server IO #4/DEBUG] [net.minecraftforge.network.NetworkRegistry/NETREGISTRY]: Channel 'fml:play' : Version test of 'FML3' from client : ACCEPTED
[19Aug2026 16:52:51.190] [Netty Epoll Server IO #4/DEBUG] [net.minecraftforge.network.NetworkRegistry/NETREGISTRY]: Channel 'creativecore:main' : Version test of '1' from client : ACCEPTED
[19Aug2026 16:52:51.190] [Netty Epoll Server IO #4/DEBUG] [net.minecraftforge.network.NetworkRegistry/NETREGISTRY]: Channel 'modernfix:ingredient_sync' : Version test of '1' from client : ACCEPTED
[19Aug2026 16:52:51.190] [Netty Epoll Server IO #4/DEBUG] [net.minecraftforge.network.NetworkRegistry/NETREGISTRY]: Channel 'blueprint:net' : Version test of 'BP1' from client : ACCEPTED
[19Aug2026 16:52:51.190] [Netty Epoll Server IO #4/DEBUG] [net.minecraftforge.network.NetworkRegistry/NETREGISTRY]: Channel 'xaeroworldmap:main' : Version test of '1.0' from client : ACCEPTED
[19Aug2026 16:52:51.190] [Netty Epoll Server IO #4/DEBUG] [net.minecraftforge.network.NetworkRegistry/NETREGISTRY]: Channel 'minecraft:register' : Version test of 'FML3' from client : ACCEPTED
[19Aug2026 16:52:51.190] [Netty Epoll Server IO #4/DEBUG] [net.minecraftforge.network.NetworkRegistry/NETREGISTRY]: Channel 'geckolib:main' : Version test of '1' from client : ACCEPTED
[19Aug2026 16:52:51.190] [Netty Epoll Server IO #4/DEBUG] [net.minecraftforge.network.NetworkRegistry/NETREGISTRY]: Channel 'moonlight:channel' : Version test of '0' from client : ACCEPTED
[19Aug2026 16:52:51.190] [Netty Epoll Server IO #4/DEBUG] [net.minecraftforge.network.NetworkRegistry/NETREGISTRY]: Channel 'refurbished_furniture:play' : Version test of '1' from client : ACCEPTED
[19Aug2026 16:52:51.190] [Netty Epoll Server IO #4/DEBUG] [net.minecraftforge.network.NetworkRegistry/NETREGISTRY]: Channel 'stalwart_dungeons:stalwart_dungeons' : Version test of '1' from client : ACCEPTED
[19Aug2026 16:52:51.190] [Netty Epoll Server IO #4/DEBUG] [net.minecraftforge.network.NetworkRegistry/NETREGISTRY]: Channel 'architectury:network' : Version test of '1' from client : ACCEPTED
[19Aug2026 16:52:51.190] [Netty Epoll Server IO #4/DEBUG] [net.minecraftforge.network.NetworkRegistry/NETREGISTRY]: Channel 'carryon:carryonpackets' : Version test of '1.0' from client : ACCEPTED
[19Aug2026 16:52:51.190] [Netty Epoll Server IO #4/DEBUG] [net.minecraftforge.network.NetworkRegistry/NETREGISTRY]: Channel 'citadel:main_channel' : Version test of '1' from client : ACCEPTED
[19Aug2026 16:52:51.190] [Netty Epoll Server IO #4/DEBUG] [net.minecraftforge.network.NetworkRegistry/NETREGISTRY]: Channel 'puzzleslib:1' : Version test of '1' from client : ACCEPTED
[19Aug2026 16:52:51.190] [Netty Epoll Server IO #4/DEBUG] [net.minecraftforge.network.NetworkRegistry/NETREGISTRY]: Channel 'securitycraft:securitycraft' : Version test of 'v1.9.8' from client : ACCEPTED
[19Aug2026 16:52:51.190] [Netty Epoll Server IO #4/DEBUG] [net.minecraftforge.network.NetworkRegistry/NETREGISTRY]: Channel 'iceandfire:main_channel' : Version test of '1' from client : ACCEPTED
[19Aug2026 16:52:51.190] [Netty Epoll Server IO #4/DEBUG] [net.minecraftforge.network.NetworkRegistry/NETREGISTRY]: Channel 'modernfix:main' : Version test of '1' from client : ACCEPTED
[19Aug2026 16:52:51.190] [Netty Epoll Server IO #4/DEBUG] [net.minecraftforge.network.NetworkRegistry/NETREGISTRY]: Channel 'curios:main' : Version test of '1' from client : ACCEPTED
[19Aug2026 16:52:51.190] [Netty Epoll Server IO #4/DEBUG] [net.minecraftforge.network.NetworkRegistry/NETREGISTRY]: Channel 'placebo:placebo' : Version test of '1.0.0' from client : ACCEPTED
[19Aug2026 16:52:51.190] [Netty Epoll Server IO #4/DEBUG] [net.minecraftforge.network.NetworkRegistry/NETREGISTRY]: Channel 'balm:network' : Version test of '1.0' from client : ACCEPTED
[19Aug2026 16:52:51.190] [Netty Epoll Server IO #4/DEBUG] [net.minecraftforge.network.NetworkRegistry/NETREGISTRY]: Channel 'polymorph:main' : Version test of '1' from client : ACCEPTED
[19Aug2026 16:52:51.190] [Netty Epoll Server IO #4/DEBUG] [net.minecraftforge.network.NetworkRegistry/NETREGISTRY]: Channel 'littleframes:main' : Version test of '1' from client : ACCEPTED
[19Aug2026 16:52:51.190] [Netty Epoll Server IO #4/DEBUG] [net.minecraftforge.network.NetworkRegistry/NETREGISTRY]: Channel 'framework:handshake' : Version test of '1' from client : ACCEPTED
[19Aug2026 16:52:51.190] [Netty Epoll Server IO #4/DEBUG] [net.minecraftforge.network.NetworkRegistry/NETREGISTRY]: Channel 'fml:loginwrapper' : Version test of 'FML3' from client : ACCEPTED
[19Aug2026 16:52:51.190] [Netty Epoll Server IO #4/DEBUG] [net.minecraftforge.network.NetworkRegistry/NETREGISTRY]: Channel 'supermartijn642configlib:sync_configs' : Version test of '1.1.8' from client : ACCEPTED
[19Aug2026 16:52:51.190] [Netty Epoll Server IO #4/DEBUG] [net.minecraftforge.network.NetworkRegistry/NETREGISTRY]: Channel 'trashslot:network' : Version test of '1.0' from client : ACCEPTED
[19Aug2026 16:52:51.190] [Netty Epoll Server IO #4/DEBUG] [net.minecraftforge.network.NetworkRegistry/NETREGISTRY]: Channel 'tombstone:tombstone_channel' : Version test of 'tombstone-9.0.9' from client : ACCEPTED
[19Aug2026 16:52:51.190] [Netty Epoll Server IO #4/DEBUG] [net.minecraftforge.network.NetworkRegistry/NETREGISTRY]: Channel 'xaerolib:main' : Version test of '1.0' from client : ACCEPTED
[19Aug2026 16:52:51.190] [Netty Epoll Server IO #4/DEBUG] [net.minecraftforge.network.NetworkRegistry/NETREGISTRY]: Channel 'naturescompass:naturescompass' : Version test of '1.0' from client : ACCEPTED
[19Aug2026 16:52:51.190] [Netty Epoll Server IO #4/DEBUG] [net.minecraftforge.network.NetworkRegistry/NETREGISTRY]: Channel 'sophisticatedcore:channel' : Version test of '1.3.74.2216' from client : ACCEPTED
[19Aug2026 16:52:51.190] [Netty Epoll Server IO #4/DEBUG] [net.minecraftforge.network.NetworkRegistry/NETREGISTRY]: Channel 'patchouli:main' : Version test of '1' from client : ACCEPTED
[19Aug2026 16:52:51.190] [Netty Epoll Server IO #4/DEBUG] [net.minecraftforge.network.NetworkRegistry/NETREGISTRY]: Channel 'fml:handshake' : Version test of 'FML3' from client : ACCEPTED
[19Aug2026 16:52:51.190] [Netty Epoll Server IO #4/DEBUG] [net.minecraftforge.network.NetworkRegistry/NETREGISTRY]: Channel 'ironchest:network' : Version test of '1' from client : ACCEPTED
[19Aug2026 16:52:51.190] [Netty Epoll Server IO #4/DEBUG] [net.minecraftforge.network.NetworkRegistry/NETREGISTRY]: Channel 'forge:split' : Version test of '1.1' from client : ACCEPTED
[19Aug2026 16:52:51.190] [Netty Epoll Server IO #4/DEBUG] [net.minecraftforge.network.NetworkRegistry/NETREGISTRY]: Channel 'waystones:network' : Version test of '1.0' from client : ACCEPTED
[19Aug2026 16:52:51.190] [Netty Epoll Server IO #4/DEBUG] [net.minecraftforge.network.NetworkRegistry/NETREGISTRY]: Channel 'jade:networking' : Version test of '2' from client : ACCEPTED
[19Aug2026 16:52:51.190] [Netty Epoll Server IO #4/DEBUG] [net.minecraftforge.network.NetworkRegistry/NETREGISTRY]: Accepting channel list from client
[19Aug2026 16:52:51.191] [Netty Epoll Server IO #4/DEBUG] [net.minecraftforge.network.HandshakeHandler/FMLHANDSHAKE]: Accepted client connection mod list
[19Aug2026 16:52:51.197] [Netty Epoll Server IO #4/DEBUG] [net.minecraftforge.network.LoginWrapper/FMLHANDSHAKE]: Recieved login wrapper packet event for channel fml:handshake with index 3
[19Aug2026 16:52:51.197] [Netty Epoll Server IO #4/DEBUG] [net.minecraftforge.network.HandshakeHandler/FMLHANDSHAKE]: Received client indexed reply 3 of type net.minecraftforge.network.HandshakeMessages$C2SAcknowledge
[19Aug2026 16:52:51.197] [Netty Epoll Server IO #4/DEBUG] [net.minecraftforge.network.HandshakeHandler/FMLHANDSHAKE]: Received acknowledgement from client
[19Aug2026 16:52:51.199] [Netty Epoll Server IO #4/DEBUG] [net.minecraftforge.network.LoginWrapper/FMLHANDSHAKE]: Recieved login wrapper packet event for channel fml:handshake with index 4
[19Aug2026 16:52:51.199] [Netty Epoll Server IO #4/DEBUG] [net.minecraftforge.network.HandshakeHandler/FMLHANDSHAKE]: Received client indexed reply 4 of type net.minecraftforge.network.HandshakeMessages$C2SAcknowledge
[19Aug2026 16:52:51.199] [Netty Epoll Server IO #4/DEBUG] [net.minecraftforge.network.HandshakeHandler/FMLHANDSHAKE]: Received acknowledgement from client
[19Aug2026 16:52:51.435] [Netty Epoll Server IO #4/DEBUG] [net.minecraftforge.network.LoginWrapper/FMLHANDSHAKE]: Recieved login wrapper packet event for channel fml:handshake with index 5
[19Aug2026 16:52:51.435] [Netty Epoll Server IO #4/DEBUG] [net.minecraftforge.network.HandshakeHandler/FMLHANDSHAKE]: Received client indexed reply 5 of type net.minecraftforge.network.HandshakeMessages$C2SAcknowledge
[19Aug2026 16:52:51.435] [Netty Epoll Server IO #4/DEBUG] [net.minecraftforge.network.HandshakeHandler/FMLHANDSHAKE]: Received acknowledgement from client
[19Aug2026 16:52:51.435] [Netty Epoll Server IO #4/DEBUG] [net.minecraftforge.network.LoginWrapper/FMLHANDSHAKE]: Recieved login wrapper packet event for channel fml:handshake with index 6
[19Aug2026 16:52:51.435] [Netty Epoll Server IO #4/DEBUG] [net.minecraftforge.network.HandshakeHandler/FMLHANDSHAKE]: Received client indexed reply 6 of type net.minecraftforge.network.HandshakeMessages$C2SAcknowledge
[19Aug2026 16:52:51.435] [Netty Epoll Server IO #4/DEBUG] [net.minecraftforge.network.HandshakeHandler/FMLHANDSHAKE]: Received acknowledgement from client
[19Aug2026 16:52:51.436] [Netty Epoll Server IO #4/DEBUG] [net.minecraftforge.network.LoginWrapper/FMLHANDSHAKE]: Recieved login wrapper packet event for channel fml:handshake with index 7
[19Aug2026 16:52:51.436] [Netty Epoll Server IO #4/DEBUG] [net.minecraftforge.network.HandshakeHandler/FMLHANDSHAKE]: Received client indexed reply 7 of type net.minecraftforge.network.HandshakeMessages$C2SAcknowledge
[19Aug2026 16:52:51.436] [Netty Epoll Server IO #4/DEBUG] [net.minecraftforge.network.HandshakeHandler/FMLHANDSHAKE]: Received acknowledgement from client
[19Aug2026 16:52:51.570] [Netty Epoll Server IO #4/DEBUG] [net.minecraftforge.network.LoginWrapper/FMLHANDSHAKE]: Recieved login wrapper packet event for channel fml:handshake with index 8
[19Aug2026 16:52:51.571] [Netty Epoll Server IO #4/DEBUG] [net.minecraftforge.network.HandshakeHandler/FMLHANDSHAKE]: Received client indexed reply 8 of type net.minecraftforge.network.HandshakeMessages$C2SAcknowledge
[19Aug2026 16:52:51.571] [Netty Epoll Server IO #4/DEBUG] [net.minecraftforge.network.HandshakeHandler/FMLHANDSHAKE]: Received acknowledgement from client
[19Aug2026 16:52:51.571] [Netty Epoll Server IO #4/DEBUG] [net.minecraftforge.network.LoginWrapper/FMLHANDSHAKE]: Recieved login wrapper packet event for channel fml:handshake with index 9
[19Aug2026 16:52:51.572] [Netty Epoll Server IO #4/DEBUG] [net.minecraftforge.network.HandshakeHandler/FMLHANDSHAKE]: Received client indexed reply 9 of type net.minecraftforge.network.HandshakeMessages$C2SAcknowledge
[19Aug2026 16:52:51.572] [Netty Epoll Server IO #4/DEBUG] [net.minecraftforge.network.HandshakeHandler/FMLHANDSHAKE]: Received acknowledgement from client
[19Aug2026 16:52:51.572] [Netty Epoll Server IO #4/DEBUG] [net.minecraftforge.network.LoginWrapper/FMLHANDSHAKE]: Recieved login wrapper packet event for channel fml:handshake with index 10
[19Aug2026 16:52:51.572] [Netty Epoll Server IO #4/DEBUG] [net.minecraftforge.network.HandshakeHandler/FMLHANDSHAKE]: Received client indexed reply 10 of type net.minecraftforge.network.HandshakeMessages$C2SAcknowledge
[19Aug2026 16:52:51.572] [Netty Epoll Server IO #4/DEBUG] [net.minecraftforge.network.HandshakeHandler/FMLHANDSHAKE]: Received acknowledgement from client
[19Aug2026 16:52:51.573] [Netty Epoll Server IO #4/DEBUG] [net.minecraftforge.network.LoginWrapper/FMLHANDSHAKE]: Recieved login wrapper packet event for channel fml:handshake with index 11
[19Aug2026 16:52:51.574] [Netty Epoll Server IO #4/DEBUG] [net.minecraftforge.network.HandshakeHandler/FMLHANDSHAKE]: Received client indexed reply 11 of type net.minecraftforge.network.HandshakeMessages$C2SAcknowledge
[19Aug2026 16:52:51.574] [Netty Epoll Server IO #4/DEBUG] [net.minecraftforge.network.HandshakeHandler/FMLHANDSHAKE]: Received acknowledgement from client
[19Aug2026 16:52:51.574] [Netty Epoll Server IO #4/DEBUG] [net.minecraftforge.network.LoginWrapper/FMLHANDSHAKE]: Recieved login wrapper packet event for channel fml:handshake with index 12
[19Aug2026 16:52:51.574] [Netty Epoll Server IO #4/DEBUG] [net.minecraftforge.network.HandshakeHandler/FMLHANDSHAKE]: Received client indexed reply 12 of type net.minecraftforge.network.HandshakeMessages$C2SAcknowledge
[19Aug2026 16:52:51.574] [Netty Epoll Server IO #4/DEBUG] [net.minecraftforge.network.HandshakeHandler/FMLHANDSHAKE]: Received acknowledgement from client
[19Aug2026 16:52:51.574] [Netty Epoll Server IO #4/DEBUG] [net.minecraftforge.network.LoginWrapper/FMLHANDSHAKE]: Recieved login wrapper packet event for channel fml:handshake with index 13
[19Aug2026 16:52:51.575] [Netty Epoll Server IO #4/DEBUG] [net.minecraftforge.network.HandshakeHandler/FMLHANDSHAKE]: Received client indexed reply 13 of type net.minecraftforge.network.HandshakeMessages$C2SAcknowledge
[19Aug2026 16:52:51.575] [Netty Epoll Server IO #4/DEBUG] [net.minecraftforge.network.HandshakeHandler/FMLHANDSHAKE]: Received acknowledgement from client
[19Aug2026 16:52:51.678] [Netty Epoll Server IO #4/DEBUG] [net.minecraftforge.network.LoginWrapper/FMLHANDSHAKE]: Recieved login wrapper packet event for channel fml:handshake with index 14
[19Aug2026 16:52:51.678] [Netty Epoll Server IO #4/DEBUG] [net.minecraftforge.network.HandshakeHandler/FMLHANDSHAKE]: Received client indexed reply 14 of type net.minecraftforge.network.HandshakeMessages$C2SAcknowledge
[19Aug2026 16:52:51.678] [Netty Epoll Server IO #4/DEBUG] [net.minecraftforge.network.HandshakeHandler/FMLHANDSHAKE]: Received acknowledgement from client
[19Aug2026 16:52:51.679] [Netty Epoll Server IO #4/DEBUG] [net.minecraftforge.network.LoginWrapper/FMLHANDSHAKE]: Recieved login wrapper packet event for channel fml:handshake with index 15
[19Aug2026 16:52:51.679] [Netty Epoll Server IO #4/DEBUG] [net.minecraftforge.network.HandshakeHandler/FMLHANDSHAKE]: Received client indexed reply 15 of type net.minecraftforge.network.HandshakeMessages$C2SAcknowledge
[19Aug2026 16:52:51.679] [Netty Epoll Server IO #4/DEBUG] [net.minecraftforge.network.HandshakeHandler/FMLHANDSHAKE]: Received acknowledgement from client
[19Aug2026 16:52:51.681] [Netty Epoll Server IO #4/DEBUG] [net.minecraftforge.network.LoginWrapper/FMLHANDSHAKE]: Recieved login wrapper packet event for channel fml:handshake with index 16
[19Aug2026 16:52:51.681] [Netty Epoll Server IO #4/DEBUG] [net.minecraftforge.network.HandshakeHandler/FMLHANDSHAKE]: Received client indexed reply 16 of type net.minecraftforge.network.HandshakeMessages$C2SAcknowledge
[19Aug2026 16:52:51.682] [Netty Epoll Server IO #4/DEBUG] [net.minecraftforge.network.HandshakeHandler/FMLHANDSHAKE]: Received acknowledgement from client
[19Aug2026 16:52:51.682] [Netty Epoll Server IO #4/DEBUG] [net.minecraftforge.network.LoginWrapper/FMLHANDSHAKE]: Recieved login wrapper packet event for channel fml:handshake with index 17
[19Aug2026 16:52:51.682] [Netty Epoll Server IO #4/DEBUG] [net.minecraftforge.network.HandshakeHandler/FMLHANDSHAKE]: Received client indexed reply 17 of type net.minecraftforge.network.HandshakeMessages$C2SAcknowledge
[19Aug2026 16:52:51.682] [Netty Epoll Server IO #4/DEBUG] [net.minecraftforge.network.HandshakeHandler/FMLHANDSHAKE]: Received acknowledgement from client
[19Aug2026 16:52:51.683] [Netty Epoll Server IO #4/DEBUG] [net.minecraftforge.network.LoginWrapper/FMLHANDSHAKE]: Recieved login wrapper packet event for channel fml:handshake with index 18
[19Aug2026 16:52:51.683] [Netty Epoll Server IO #4/DEBUG] [net.minecraftforge.network.HandshakeHandler/FMLHANDSHAKE]: Received client indexed reply 18 of type net.minecraftforge.network.HandshakeMessages$C2SAcknowledge
[19Aug2026 16:52:51.683] [Netty Epoll Server IO #4/DEBUG] [net.minecraftforge.network.HandshakeHandler/FMLHANDSHAKE]: Received acknowledgement from client
[19Aug2026 16:52:51.683] [Netty Epoll Server IO #4/DEBUG] [net.minecraftforge.network.LoginWrapper/FMLHANDSHAKE]: Recieved login wrapper packet event for channel fml:handshake with index 19
[19Aug2026 16:52:51.683] [Netty Epoll Server IO #4/DEBUG] [net.minecraftforge.network.HandshakeHandler/FMLHANDSHAKE]: Received client indexed reply 19 of type net.minecraftforge.network.HandshakeMessages$C2SAcknowledge
[19Aug2026 16:52:51.683] [Netty Epoll Server IO #4/DEBUG] [net.minecraftforge.network.HandshakeHandler/FMLHANDSHAKE]: Received acknowledgement from client
[19Aug2026 16:52:51.685] [Netty Epoll Server IO #4/DEBUG] [net.minecraftforge.network.LoginWrapper/FMLHANDSHAKE]: Recieved login wrapper packet event for channel fml:handshake with index 20
[19Aug2026 16:52:51.685] [Netty Epoll Server IO #4/DEBUG] [net.minecraftforge.network.HandshakeHandler/FMLHANDSHAKE]: Received client indexed reply 20 of type net.minecraftforge.network.HandshakeMessages$C2SAcknowledge
[19Aug2026 16:52:51.685] [Netty Epoll Server IO #4/DEBUG] [net.minecraftforge.network.HandshakeHandler/FMLHANDSHAKE]: Received acknowledgement from client
[19Aug2026 16:52:51.686] [Netty Epoll Server IO #4/DEBUG] [net.minecraftforge.network.LoginWrapper/FMLHANDSHAKE]: Recieved login wrapper packet event for channel fml:handshake with index 21
[19Aug2026 16:52:51.686] [Netty Epoll Server IO #4/DEBUG] [net.minecraftforge.network.HandshakeHandler/FMLHANDSHAKE]: Received client indexed reply 21 of type net.minecraftforge.network.HandshakeMessages$C2SAcknowledge
[19Aug2026 16:52:51.686] [Netty Epoll Server IO #4/DEBUG] [net.minecraftforge.network.HandshakeHandler/FMLHANDSHAKE]: Received acknowledgement from client
[19Aug2026 16:52:51.874] [Netty Epoll Server IO #4/DEBUG] [net.minecraftforge.network.LoginWrapper/FMLHANDSHAKE]: Recieved login wrapper packet event for channel fml:handshake with index 22
[19Aug2026 16:52:51.874] [Netty Epoll Server IO #4/DEBUG] [net.minecraftforge.network.HandshakeHandler/FMLHANDSHAKE]: Received client indexed reply 22 of type net.minecraftforge.network.HandshakeMessages$C2SAcknowledge
[19Aug2026 16:52:51.874] [Netty Epoll Server IO #4/DEBUG] [net.minecraftforge.network.HandshakeHandler/FMLHANDSHAKE]: Received acknowledgement from client
[19Aug2026 16:52:51.878] [Netty Epoll Server IO #4/DEBUG] [net.minecraftforge.network.LoginWrapper/FMLHANDSHAKE]: Recieved login wrapper packet event for channel fml:handshake with index 23
[19Aug2026 16:52:51.878] [Netty Epoll Server IO #4/DEBUG] [net.minecraftforge.network.HandshakeHandler/FMLHANDSHAKE]: Received client indexed reply 23 of type net.minecraftforge.network.HandshakeMessages$C2SAcknowledge
[19Aug2026 16:52:51.879] [Netty Epoll Server IO #4/DEBUG] [net.minecraftforge.network.HandshakeHandler/FMLHANDSHAKE]: Received acknowledgement from client
[19Aug2026 16:52:51.881] [Netty Epoll Server IO #4/DEBUG] [net.minecraftforge.network.LoginWrapper/FMLHANDSHAKE]: Recieved login wrapper packet event for channel fml:handshake with index 24
[19Aug2026 16:52:51.881] [Netty Epoll Server IO #4/DEBUG] [net.minecraftforge.network.HandshakeHandler/FMLHANDSHAKE]: Received client indexed reply 24 of type net.minecraftforge.network.HandshakeMessages$C2SAcknowledge
[19Aug2026 16:52:51.881] [Netty Epoll Server IO #4/DEBUG] [net.minecraftforge.network.HandshakeHandler/FMLHANDSHAKE]: Received acknowledgement from client
[19Aug2026 16:52:51.881] [Netty Epoll Server IO #4/DEBUG] [net.minecraftforge.network.LoginWrapper/FMLHANDSHAKE]: Recieved login wrapper packet event for channel fml:handshake with index 25
[19Aug2026 16:52:51.881] [Netty Epoll Server IO #4/DEBUG] [net.minecraftforge.network.HandshakeHandler/FMLHANDSHAKE]: Received client indexed reply 25 of type net.minecraftforge.network.HandshakeMessages$C2SAcknowledge
[19Aug2026 16:52:51.881] [Netty Epoll Server IO #4/DEBUG] [net.minecraftforge.network.HandshakeHandler/FMLHANDSHAKE]: Received acknowledgement from client
[19Aug2026 16:52:51.886] [Netty Epoll Server IO #4/DEBUG] [net.minecraftforge.network.LoginWrapper/FMLHANDSHAKE]: Recieved login wrapper packet event for channel fml:handshake with index 26
[19Aug2026 16:52:51.886] [Netty Epoll Server IO #4/DEBUG] [net.minecraftforge.network.HandshakeHandler/FMLHANDSHAKE]: Received client indexed reply 26 of type net.minecraftforge.network.HandshakeMessages$C2SAcknowledge
[19Aug2026 16:52:51.887] [Netty Epoll Server IO #4/DEBUG] [net.minecraftforge.network.HandshakeHandler/FMLHANDSHAKE]: Received acknowledgement from client
[19Aug2026 16:52:51.889] [Netty Epoll Server IO #4/DEBUG] [net.minecraftforge.network.LoginWrapper/FMLHANDSHAKE]: Recieved login wrapper packet event for channel fml:handshake with index 27
[19Aug2026 16:52:51.889] [Netty Epoll Server IO #4/DEBUG] [net.minecraftforge.network.HandshakeHandler/FMLHANDSHAKE]: Received client indexed reply 27 of type net.minecraftforge.network.HandshakeMessages$C2SAcknowledge
[19Aug2026 16:52:51.889] [Netty Epoll Server IO #4/DEBUG] [net.minecraftforge.network.HandshakeHandler/FMLHANDSHAKE]: Received acknowledgement from client
[19Aug2026 16:52:51.889] [Netty Epoll Server IO #4/DEBUG] [net.minecraftforge.network.LoginWrapper/FMLHANDSHAKE]: Recieved login wrapper packet event for channel fml:handshake with index 28
[19Aug2026 16:52:51.890] [Netty Epoll Server IO #4/DEBUG] [net.minecraftforge.network.HandshakeHandler/FMLHANDSHAKE]: Received client indexed reply 28 of type net.minecraftforge.network.HandshakeMessages$C2SAcknowledge
[19Aug2026 16:52:51.890] [Netty Epoll Server IO #4/DEBUG] [net.minecraftforge.network.HandshakeHandler/FMLHANDSHAKE]: Received acknowledgement from client
[19Aug2026 16:52:51.892] [Netty Epoll Server IO #4/DEBUG] [net.minecraftforge.network.LoginWrapper/FMLHANDSHAKE]: Recieved login wrapper packet event for channel fml:handshake with index 29
[19Aug2026 16:52:51.892] [Netty Epoll Server IO #4/DEBUG] [net.minecraftforge.network.HandshakeHandler/FMLHANDSHAKE]: Received client indexed reply 29 of type net.minecraftforge.network.HandshakeMessages$C2SAcknowledge
[19Aug2026 16:52:51.893] [Netty Epoll Server IO #4/DEBUG] [net.minecraftforge.network.HandshakeHandler/FMLHANDSHAKE]: Received acknowledgement from client
[19Aug2026 16:52:51.935] [Server thread/DEBUG] [net.minecraftforge.network.HandshakeHandler/FMLHANDSHAKE]: Handshake complete!
[19Aug2026 16:52:52.135] [Server thread/INFO] [net.minecraft.server.players.PlayerList/]: MrFlac17[/100.66.10.93:58762] logged in with entity id 1259 at (800.433164698499, 67.0, 896.3544723278691)
[19Aug2026 16:52:52.135] [Server thread/DEBUG] [net.minecraftforge.network.filters.NetworkFilters/]: Injected net.minecraftforge.network.filters.ForgeConnectionNetworkFilter@3fb0ee2f into net.minecraft.network.Connection@29bb91ee
[19Aug2026 16:52:52.146] [Server thread/INFO] [ModernFix/]: Using enhanced recipe sync for player MrFlac17
[19Aug2026 16:52:52.150] [Server thread/INFO] [net.minecraft.server.MinecraftServer/]: MrFlac17 joined the game
[19Aug2026 16:52:52.173] [Server thread/INFO] [me.edoren.skin_changer.server.SkinProviderController/]: Player MrFlac17 just logged in with id f1127a15-a502-3420-8219-95f2bfd01369
[19Aug2026 16:52:52.180] [ForkJoinPool-4-worker-2/INFO] [me.edoren.skin_changer.server.SkinProviderController/]: Loading local skin for player MrFlac17[f1127a15-a502-3420-8219-95f2bfd01369]
[19Aug2026 16:52:52.184] [ForkJoinPool-4-worker-2/DEBUG] [me.edoren.skin_changer.common.NetworkUtils/]: Downloading file https://playerdb.co/api/player/minecraft/MrFlac17
[19Aug2026 16:52:52.186] [Server thread/INFO] [Jade/]: Syncing config to MrFlac17 (f1127a15-a502-3420-8219-95f2bfd01369)
[19Aug2026 16:52:52.245] [ForkJoinPool-4-worker-2/INFO] [me.edoren.skin_changer.common.NetworkUtils/]: File https://playerdb.co/api/player/minecraft/MrFlac17 downloaded
[19Aug2026 16:52:52.246] [ForkJoinPool-4-worker-2/DEBUG] [me.edoren.skin_changer.common.NetworkUtils/]: Downloading file https://crafatar.com/capes/3a538bc4-4306-4dd5-89f7-4305469a9322
[19Aug2026 16:52:52.459] [ForkJoinPool-4-worker-2/INFO] [me.edoren.skin_changer.common.NetworkUtils/]: Error downloading file https://crafatar.com/capes/3a538bc4-4306-4dd5-89f7-4305469a9322
[19Aug2026 16:52:52.586] [Server thread/DEBUG] [ModernFix/]: Using cached upgraded version of waystones:village/common/waystone
[19Aug2026 16:52:53.224] [Server thread/DEBUG] [ModernFix/]: Using cached upgraded version of iceandfire:graveyard/graveyard_top
[19Aug2026 16:52:53.227] [Server thread/DEBUG] [ModernFix/]: Using cached upgraded version of iceandfire:graveyard/graveyard_bottom
[19Aug2026 16:55:03.335] [Server thread/DEBUG] [clumps/]: Loaded com.blamejared.clumps.platform.ForgeEventHandler@3a246486 for service interface com.blamejared.clumps.platform.IEventHelper
[19Aug2026 16:55:03.335] [Server thread/DEBUG] [clumps/]: Loaded com.blamejared.clumps.platform.ForgePlatformHelper@5cceb90f for service interface com.blamejared.clumps.platform.IPlatformHelper
[19Aug2026 16:56:04.328] [Server thread/DEBUG] [net.minecraftforge.common.ForgeHooks/WP]: Gathering id map for writing to world save world
[19Aug2026 16:56:04.345] [Server thread/DEBUG] [net.minecraftforge.common.ForgeHooks/WP]: ID Map collection complete world
[19Aug2026 16:56:29.668] [Server thread/DEBUG] [ModernFix/]: Using cached upgraded version of nova_structures:wild_ruin/wild_ruin_15
[19Aug2026 16:59:47.110] [Server thread/DEBUG] [ModernFix/]: Generating capability dispatcher #16 for types: [net.minecraftforge.fluids.capability.wrappers.FluidBucketWrapper -> indeterminate (bytecode analysis disabled)]
[19Aug2026 17:01:04.281] [Server thread/DEBUG] [net.minecraftforge.common.ForgeHooks/WP]: Gathering id map for writing to world save world
[19Aug2026 17:01:04.297] [Server thread/DEBUG] [net.minecraftforge.common.ForgeHooks/WP]: ID Map collection complete world
[19Aug2026 17:01:52.587] [Server thread/DEBUG] [ModernFix/]: Using cached upgraded version of nova_structures:undead_crypt/undead_crypt_stairs
[19Aug2026 17:01:52.591] [Server thread/DEBUG] [ModernFix/]: Using cached upgraded version of nova_structures:undead_crypt/undead_crypt_room_lock
[19Aug2026 17:06:04.270] [Server thread/DEBUG] [net.minecraftforge.common.ForgeHooks/WP]: Gathering id map for writing to world save world
[19Aug2026 17:06:04.282] [Server thread/DEBUG] [net.minecraftforge.common.ForgeHooks/WP]: ID Map collection complete world
[19Aug2026 17:08:44.479] [Server thread/INFO] [net.minecraft.server.network.ServerGamePacketListenerImpl/]: Cars0325 lost connection: Disconnected
[19Aug2026 17:08:44.479] [Server thread/INFO] [net.minecraft.server.MinecraftServer/]: Cars0325 left the game
[19Aug2026 17:08:44.480] [Server thread/INFO] [me.edoren.skin_changer.server.SkinProviderController/]: Removing session data for player Cars0325[cdee860c-14b2-399b-9434-7a30a3a1578b]
[19Aug2026 17:11:04.253] [Server thread/DEBUG] [net.minecraftforge.common.ForgeHooks/WP]: Gathering id map for writing to world save world
[19Aug2026 17:11:04.265] [Server thread/DEBUG] [net.minecraftforge.common.ForgeHooks/WP]: ID Map collection complete world
[19Aug2026 17:11:27.330] [Server thread/INFO] [net.minecraft.server.network.ServerGamePacketListenerImpl/]: MrFlac17 lost connection: Disconnected
[19Aug2026 17:11:27.330] [Server thread/INFO] [net.minecraft.server.MinecraftServer/]: MrFlac17 left the game
[19Aug2026 17:11:27.331] [Server thread/INFO] [me.edoren.skin_changer.server.SkinProviderController/]: Removing session data for player MrFlac17[f1127a15-a502-3420-8219-95f2bfd01369]
[19Aug2026 17:11:31.051] [Server thread/WARN] [net.minecraft.server.MinecraftServer/]: Can't keep up! Is the server overloaded? Running 3681ms or 73 ticks behind
[19Aug2026 17:11:46.975] [Server thread/INFO] [net.minecraft.server.MinecraftServer/]: Stopping the server
[19Aug2026 17:11:47.031] [Server thread/INFO] [net.minecraft.server.MinecraftServer/]: Stopping server
[19Aug2026 17:11:47.032] [Server thread/INFO] [net.minecraft.server.MinecraftServer/]: Saving players
[19Aug2026 17:11:47.032] [Server thread/INFO] [net.minecraft.server.MinecraftServer/]: Saving worlds
[19Aug2026 17:11:47.095] [Server thread/INFO] [net.minecraft.server.MinecraftServer/]: Saving chunks for level 'ServerLevel[world]'/minecraft:overworld
[19Aug2026 17:11:47.284] [Server thread/INFO] [net.minecraft.server.MinecraftServer/]: Saving chunks for level 'ServerLevel[world]'/minecraft:the_nether
[19Aug2026 17:11:47.288] [Server thread/INFO] [net.minecraft.server.MinecraftServer/]: Saving chunks for level 'ServerLevel[world]'/minecraft:the_end
[19Aug2026 17:11:47.290] [Server thread/DEBUG] [net.minecraftforge.common.ForgeHooks/WP]: Gathering id map for writing to world save world
[19Aug2026 17:11:47.302] [Server thread/DEBUG] [net.minecraftforge.common.ForgeHooks/WP]: ID Map collection complete world
[19Aug2026 17:11:47.323] [Server thread/INFO] [net.minecraft.server.MinecraftServer/]: ThreadedAnvilChunkStorage (world): All chunks are saved
[19Aug2026 17:11:47.324] [Server thread/INFO] [net.minecraft.server.MinecraftServer/]: ThreadedAnvilChunkStorage (DIM-1): All chunks are saved
[19Aug2026 17:11:47.324] [Server thread/INFO] [net.minecraft.server.MinecraftServer/]: ThreadedAnvilChunkStorage (DIM1): All chunks are saved
[19Aug2026 17:11:47.324] [Server thread/INFO] [net.minecraft.server.MinecraftServer/]: ThreadedAnvilChunkStorage: All dimensions are saved
[19Aug2026 17:11:47.351] [Server thread/DEBUG] [SpectreLib/CONFIG]: Unloading server configs
[19Aug2026 17:11:47.351] [Server thread/INFO] [Framework/]: Unloading server configs...
[19Aug2026 17:11:47.352] [Server thread/DEBUG] [Framework/]: Stopped watching config: /workspaces/proyecto67/servidor_minecraft/config/refurbished_furniture.server.toml
[19Aug2026 17:11:47.352] [Server thread/INFO] [Framework/]: Sending config unload event for refurbished_furniture.server.toml
[19Aug2026 17:11:47.354] [Server thread/INFO] [Framework/]: Finished unloading server configs
[19Aug2026 17:11:47.354] [Server thread/DEBUG] [Framework/]: Stopping config watcher
[19Aug2026 17:11:47.354] [Server thread/DEBUG] [net.minecraftforge.fml.config.ConfigTracker/CONFIG]: Unloading configs type SERVER
